input,kind,horizon,metric,sessions,mean,t,p,stable_halves,first_half,second_half,median_tickers,hit_rate_mean,bh_threshold,fdr_significant,evidence
thesis_move_total,NUMERIC,1,ic_raw,8,0.05816654479954885,2.768970420884318,0.027735199880975548,True,0.07057530859325731,0.04575778100584041,1039.0,,6.906077348066299e-05,False,NO_EVIDENCE
gap_pct,NUMERIC,1,ic_raw,17,-0.08854336336561855,-2.3842136953767503,0.02984142518353351,True,-0.1140496281290242,-0.06587112802036908,1379.0,,0.00013812154696132598,False,NO_EVIDENCE
ev2_ev_contract,NUMERIC,1,ic_raw,17,-0.019994689501202412,-2.268649993818004,0.03748142384456709,True,-0.01839871569421922,-0.021413332885187472,1379.0,,0.00020718232044198895,False,NO_EVIDENCE
ev2_ev_selected,NUMERIC,1,ic_raw,17,-0.019994689501202412,-2.268649993818004,0.03748142384456709,True,-0.01839871569421922,-0.021413332885187472,1379.0,,0.00027624309392265195,False,NO_EVIDENCE
EMA50,NUMERIC,1,ic_raw,17,0.04024759615820348,2.1750317049920356,0.04496809643419071,True,0.035143818571213896,0.044784287346638675,1379.0,,0.0003453038674033149,False,NO_EVIDENCE
phantom_gamma_score,NUMERIC,1,ic_thesis,8,-0.021354053073106685,-2.3826527206365373,0.04869184402335605,True,-0.01846497684450602,-0.024243129301707345,1379.0,,0.0004143646408839779,False,NO_EVIDENCE
VWAP,NUMERIC,1,ic_raw,17,0.04059313731857594,2.126400979100592,0.04938127638049287,True,0.03463211532177822,0.04589182353795169,1379.0,,0.0004834254143646409,False,NO_EVIDENCE
pct_from_52w_low,NUMERIC,1,ic_thesis,8,0.042720965436075606,2.368715673237551,0.04970000734085386,True,0.03349781108539095,0.05194411978676028,1379.0,,0.0005524861878453039,False,NO_EVIDENCE
EMA21,NUMERIC,1,ic_raw,17,0.03989215072256934,2.0863487834530776,0.053311053296591665,True,0.03404176351031381,0.04509249491124093,1379.0,,0.0006215469613259669,False,NO_EVIDENCE
eil_gex_score,NUMERIC,1,ic_raw,17,-0.01297744632373012,-2.0403008079952705,0.058181181897586344,True,-0.006828014355471439,-0.01844360807329339,1307.0,,0.0006906077348066298,False,NO_EVIDENCE
layer1__control__aggression__sell_aggressive,NUMERIC,20,ic_raw,7,0.08720999302950659,10.529172188219393,0.06028165639172879,True,0.07832611832723498,0.09387289905621027,1343.0,,0.0007596685082872928,False,NO_EVIDENCE
layer1__control__aggression__buy_pct,NUMERIC,1,ic_raw,11,0.03969963381929911,2.11203538299996,0.0608335237875227,True,0.019803563203582418,0.056279692665729686,1307.0,,0.0008287292817679558,False,NO_EVIDENCE
layer1__control__aggression__sell_pct,NUMERIC,1,ic_raw,11,-0.03969963381929911,-2.11203538299996,0.0608335237875227,True,-0.019803563203582418,-0.056279692665729686,1307.0,,0.0008977900552486188,False,NO_EVIDENCE
EMA200,NUMERIC,1,ic_raw,17,0.035656591647265395,1.9895210086295714,0.06401823588172999,True,0.036801960098440514,0.03463848635733195,1379.0,,0.0009668508287292818,False,NO_EVIDENCE
phantom_iv_hist_median,NUMERIC,1,ic_thesis,8,0.03162972540305467,2.196837090709816,0.0640292611622647,True,0.051842024523022466,0.011417426283086873,1379.0,,0.0010359116022099447,False,NO_EVIDENCE
ev2_ev_5d,NUMERIC,1,ic_raw,17,-0.0229270353465812,-1.9810621176254994,0.0650405283726982,True,-0.006637265010729365,-0.03740683120067172,1379.0,,0.0011049723756906078,False,NO_EVIDENCE
range_pct,NUMERIC,1,ic_thesis,8,0.030774790812628183,2.1828437010567447,0.06536571112207494,True,0.050960590964747844,0.010588990660508526,1379.0,,0.0011740331491712707,False,NO_EVIDENCE
EMA9,NUMERIC,1,ic_raw,17,0.03904385646487045,1.9779875292328166,0.06541574411839704,True,0.032932940046924805,0.044475782169711015,1379.0,,0.0012430939226519338,False,NO_EVIDENCE
adv_dollars,NUMERIC,1,ic_raw,17,0.03178922156317094,1.9370300106294156,0.07060369555534757,True,0.03327761401342805,0.0304662060518313,1379.0,,0.0013121546961325967,False,NO_EVIDENCE
hv_30d,NUMERIC,1,ic_thesis,8,0.043547561470679695,2.0869329227460027,0.07531029866579894,True,0.0715357595194051,0.015559363421954287,602.0,,0.0013812154696132596,False,NO_EVIDENCE
vwap_acceptance_score,NUMERIC,1,ic_raw,17,-0.04116864973072343,-1.8799660845542696,0.0784474085808642,True,-0.05284300912630108,-0.030791441379098852,1379.0,,0.0014502762430939227,False,NO_EVIDENCE
risk_reversal,NUMERIC,1,ic_raw,11,0.030365648961287264,1.9224553998374283,0.08346947467453524,True,0.06094922423661388,0.004879336231848423,1016.0,,0.0015193370165745856,False,NO_EVIDENCE
atr_pct,NUMERIC,1,ic_thesis,8,0.03953154488320774,2.0115936403084707,0.08416767260350899,True,0.07011279849701002,0.008950291269405442,1379.0,,0.0015883977900552487,False,NO_EVIDENCE
atr_percentile,NUMERIC,1,ic_thesis,8,0.03872198925974358,1.9710750626952491,0.08934951547826478,True,0.06904337934036432,0.008400599179122835,603.0,,0.0016574585635359116,False,NO_EVIDENCE
contract_vega,NUMERIC,1,ic_raw,17,0.03716601007517171,1.7964900152055485,0.09131993858944938,True,0.042237022696312174,0.03265844330082464,603.0,,0.0017265193370165747,False,NO_EVIDENCE
phase_transition_probability,NUMERIC,5,ic_raw,14,-0.057356861350047764,-2.250139735239249,0.09372313854208364,True,-0.05144723707667303,-0.0632664856234225,1358.0,,0.0017955801104972376,False,NO_EVIDENCE
transition_success_10d,NUMERIC,5,ic_raw,14,-0.057356861350047764,-2.250139735239249,0.09372313854208364,True,-0.05144723707667303,-0.0632664856234225,1358.0,,0.0018646408839779007,False,NO_EVIDENCE
transition_success_5d,NUMERIC,5,ic_raw,14,-0.05735681809474191,-2.2501395648918487,0.0937231553286372,True,-0.05144739315360697,-0.06326624303587684,1358.0,,0.0019337016574585636,False,NO_EVIDENCE
transition_success_20d,NUMERIC,5,ic_raw,14,-0.0573562494100214,-2.2501204699176567,0.09372503702756474,True,-0.05144658778985727,-0.06326591103018553,1358.0,,0.0020027624309392265,False,NO_EVIDENCE
put_25d_iv,NUMERIC,1,ic_thesis,8,0.04228836507808353,1.9377741083293933,0.09384208153211451,True,0.08006737803541136,0.00450935212075569,1016.0,,0.0020718232044198894,False,NO_EVIDENCE
ev2_ev_10d,NUMERIC,1,ic_raw,17,-0.016198616740387178,-1.7692382838042995,0.09590825771223548,True,-0.012165108888763917,-0.019783957052941187,1379.0,,0.0021408839779005527,False,NO_EVIDENCE
gamma_flip,NUMERIC,1,ic_raw,17,0.03495511337381473,1.7621977834348044,0.09712603839631771,True,0.02713339922918262,0.041907748169043274,1262.0,,0.0022099447513812156,False,NO_EVIDENCE
layer2__ret_pctl_20d_p60,NUMERIC,1,ic_thesis,8,0.024940258272485215,1.8749085406194952,0.10293298556495686,True,0.044822282088349444,0.005058234456620986,1399.0,,0.0022790055248618785,False,NO_EVIDENCE
atm_iv,NUMERIC,1,ic_thesis,8,0.033962271883115125,1.8088800833848968,0.11340063735559627,True,0.05722154302295411,0.010703000743276136,1262.0,,0.0023480662983425414,False,NO_EVIDENCE
layer1__control__aggression__buy_aggressive,NUMERIC,20,ic_raw,7,0.08438995078353125,5.505239530327498,0.11439165360237276,True,0.0644164303269505,0.0993700911259668,1343.0,,0.0024171270718232048,False,NO_EVIDENCE
regime_instability_score,NUMERIC,5,ic_raw,14,0.08015490230485336,2.0361100271327928,0.11779255377530909,True,0.11906837356556126,0.0412414310441455,1358.0,,0.0024861878453038676,False,NO_EVIDENCE
eil_iv_score,NUMERIC,1,ic_thesis,8,-0.016776394686529,-1.7715695461081542,0.11976142895703389,True,-0.022341631490701192,-0.011211157882356812,1307.0,,0.0025552486187845305,False,NO_EVIDENCE
actuarial_sample,NUMERIC,1,ic_thesis,8,-0.019542698951783094,-1.7685070927638342,0.12029844185901523,True,-0.02057798117255877,-0.018507416731007423,1379.0,,0.0026243093922651934,False,NO_EVIDENCE
l3_expected_move_1_5d,NUMERIC,1,ic_thesis,8,0.03771666382096899,1.7677002708127372,0.12044030401984228,True,0.0663219741448418,0.00911135349709619,1376.0,,0.0026933701657458568,False,NO_EVIDENCE
l3_expected_move_6_10d,NUMERIC,1,ic_thesis,8,0.037688324984384056,1.765465540190829,0.12083406855364459,True,0.06627561121287955,0.009101038755888559,1376.0,,0.0027624309392265192,False,NO_EVIDENCE
l3_expected_move_11_20d,NUMERIC,1,ic_thesis,8,0.037665571353224146,1.765337689314446,0.12085663334260667,True,0.06624409893479416,0.00908704377165413,1376.0,,0.0028314917127071825,False,NO_EVIDENCE
win_rate_10d,NUMERIC,1,ic_thesis,8,0.019816693701109805,1.758521685841582,0.12206545700379884,True,0.017043563931329685,0.02258982347088992,1379.0,,0.0029005524861878454,False,NO_EVIDENCE
actuarial_win_rate_10d,NUMERIC,1,ic_thesis,8,0.019816693701109805,1.758521685841582,0.12206545700379884,True,0.017043563931329685,0.02258982347088992,1379.0,,0.0029696132596685083,False,NO_EVIDENCE
layer1__scenarios__conditional_near__probability_estimate,NUMERIC,20,ic_raw,7,-0.07222338645018354,-5.027627733860207,0.12499301631753565,True,-0.07293238011137293,-0.07169164120429149,1343.0,,0.0030386740331491712,False,NO_EVIDENCE
path_score,NUMERIC,1,ic_thesis,8,0.02454787151433823,1.7350247538954564,0.12632169637934584,True,0.034165480521177696,0.014930262507498765,1379.0,,0.0031077348066298346,False,NO_EVIDENCE
win_probability,NUMERIC,1,ic_thesis,8,0.025153546537098698,1.7235851705067935,0.12844464307156636,True,0.03555049830767108,0.01475659476652631,603.0,,0.0031767955801104975,False,NO_EVIDENCE
force_alignment_score,NUMERIC,5,ic_raw,14,-0.06293275662119482,-1.916557660371019,0.13422424332557828,True,-0.08049195426925755,-0.04537355897313212,1358.0,,0.0032458563535911603,False,NO_EVIDENCE
eil_ev_score,NUMERIC,20,ic_raw,7,0.0653256435278304,4.585715362094887,0.1366868578329897,True,0.07208802846459181,0.060253854825259315,1343.0,,0.0033149171270718232,False,NO_EVIDENCE
phantom_gamma_trajectory,NUMERIC,1,ic_thesis,8,-0.02521295446806306,-1.6802716337888366,0.13679322401017768,True,-0.005527965974098376,-0.044897942962027745,1379.0,,0.003383977900552486,False,NO_EVIDENCE
phantom_gamma_trajectory_signed,NUMERIC,1,ic_thesis,8,-0.02521295446806306,-1.6802716337888366,0.13679322401017768,True,-0.005527965974098376,-0.044897942962027745,1379.0,,0.0034530386740331495,False,NO_EVIDENCE
ev2_ev_execution_adj,NUMERIC,20,ic_raw,7,0.06388600988646058,4.5010081769176375,0.13917877744677506,True,0.07126091238357392,0.058354833013625575,1343.0,,0.0035220994475138124,False,NO_EVIDENCE
ev,NUMERIC,20,ic_raw,7,0.0681337217803785,4.377935526366465,0.14296284372647133,True,0.07694174267479734,0.06152770610956439,1343.0,,0.0035911602209944752,False,NO_EVIDENCE
trigger_ev_10d,NUMERIC,20,ic_raw,7,0.0681337217803785,4.377935526366465,0.14296284372647133,True,0.07694174267479734,0.06152770610956439,1343.0,,0.003660220994475138,False,NO_EVIDENCE
ev_conf_adj,NUMERIC,20,ic_raw,7,0.0681337217803785,4.377935526366465,0.14296284372647133,True,0.07694174267479734,0.06152770610956439,1343.0,,0.0037292817679558015,False,NO_EVIDENCE
ev_net,NUMERIC,20,ic_raw,7,0.0681337217803785,4.377935526366465,0.14296284372647133,True,0.07694174267479734,0.06152770610956439,1343.0,,0.0037983425414364644,False,NO_EVIDENCE
ev2_ev_conf_adj,NUMERIC,20,ic_raw,7,0.0681337217803785,4.377935526366465,0.14296284372647133,True,0.07694174267479734,0.06152770610956439,1343.0,,0.0038674033149171273,False,NO_EVIDENCE
fd_ev_used,NUMERIC,20,ic_raw,7,0.0681337217803785,4.377935526366465,0.14296284372647133,True,0.07694174267479734,0.06152770610956439,1343.0,,0.00393646408839779,False,NO_EVIDENCE
ev_final,NUMERIC,20,ic_raw,7,0.0681337217803785,4.377935526366465,0.14296284372647133,True,0.07694174267479734,0.06152770610956439,1343.0,,0.004005524861878453,False,NO_EVIDENCE
win_rate_20d,NUMERIC,1,ic_thesis,8,0.02223862623111477,1.6466594395113285,0.14362187841965293,True,0.0345853075728368,0.00989194488939274,1379.0,,0.004074585635359116,False,NO_EVIDENCE
prob_breakout,NUMERIC,1,ic_thesis,8,0.02516140245010891,1.6461085093358427,0.14373642683704674,True,0.035477332329119385,0.014845472571098445,1379.0,,0.004143646408839779,False,NO_EVIDENCE
composite_score,NUMERIC,1,ic_thesis,8,0.02516140245010891,1.6461085093358427,0.14373642683704674,True,0.035477332329119385,0.014845472571098445,1379.0,,0.004212707182320442,False,NO_EVIDENCE
prob_rejection,NUMERIC,1,ic_thesis,8,-0.02516140245010891,-1.6461085093358427,0.14373642683704674,True,-0.035477332329119385,-0.014845472571098445,1379.0,,0.0042817679558011055,False,NO_EVIDENCE
composite,NUMERIC,1,ic_thesis,8,0.02516140245010891,1.6461085093358427,0.14373642683704674,True,0.035477332329119385,0.014845472571098445,1379.0,,0.004350828729281768,False,NO_EVIDENCE
prob_drift,NUMERIC,1,ic_thesis,8,-0.025159510869251858,-1.6459749940915431,0.14376419997562123,True,-0.03547394217159232,-0.01484507956691139,1379.0,,0.004419889502762431,False,NO_EVIDENCE
composite_adjusted,NUMERIC,1,ic_thesis,8,0.025151695429860167,1.6457414442339384,0.14381279388208776,True,0.035461259187596426,0.014842131672123908,1379.0,,0.004488950276243095,False,NO_EVIDENCE
ev2_ev_20d,NUMERIC,1,ic_raw,17,-0.0168850834216621,-1.5063706062750915,0.15145951343633374,True,-0.02247049431916853,-0.011920273734989724,1379.0,,0.004558011049723757,False,NO_EVIDENCE
ev2_ev_final,NUMERIC,20,ic_raw,7,0.0658663314425824,4.105493477059884,0.15210344999006548,True,0.07549459550609877,0.05864513339494512,1343.0,,0.00462707182320442,False,NO_EVIDENCE
eil_ev_v2,NUMERIC,20,ic_raw,7,0.0658663314425824,4.105493477059884,0.15210344999006548,True,0.07549459550609877,0.05864513339494512,1343.0,,0.004696132596685083,False,NO_EVIDENCE
gamma_flip_conf,NUMERIC,1,ic_thesis,8,-0.01864018286188211,-1.6039511662451722,0.15275950348773473,False,-0.037856797808232694,0.0005764320844684706,603.0,,0.004765193370165746,False,NO_EVIDENCE
adv_dollars,NUMERIC,5,ic_raw,14,0.041325708946815594,1.7989208951462505,0.1529050634333854,True,0.00920709773960797,0.07344432015402323,1358.0,,0.0048342541436464095,False,NO_EVIDENCE
call_25d_iv,NUMERIC,1,ic_thesis,8,0.03077621330991082,1.592967899404425,0.15519547284306148,False,0.06512934688215698,-0.003576920262335341,1016.0,,0.004903314917127072,False,NO_EVIDENCE
phantom_score,NUMERIC,1,ic_thesis,8,-0.016936035858401876,-1.5378228225857975,0.1679787409971486,True,-0.004864175579999139,-0.029007896136804615,1379.0,,0.004972375690607735,False,NO_EVIDENCE
contract_iv,NUMERIC,1,ic_thesis,8,0.028661735035754574,1.5375834183876498,0.1680362930605485,True,0.054063904707240124,0.0032595653642690263,768.5,,0.005041436464088399,False,NO_EVIDENCE
vega_risk_pct,NUMERIC,1,ic_thesis,8,-0.03257154755785595,-1.5085563516270961,0.17514974406237155,False,-0.0660393335522997,0.0008962384365878134,603.0,,0.005110497237569061,False,NO_EVIDENCE
expected_value_5d,NUMERIC,1,ic_raw,17,0.02766848737410023,1.4076165341541593,0.17837579148248878,True,0.01519847028291892,0.038752947010705835,1379.0,,0.005179558011049724,False,NO_EVIDENCE
layer2__expected_value_5d,NUMERIC,1,ic_raw,17,0.02766848737410023,1.4076165341541593,0.17837579148248878,True,0.01519847028291892,0.038752947010705835,1379.0,,0.005248618784530387,False,NO_EVIDENCE
lift_proxy_score,NUMERIC,1,ic_raw,17,-0.02628666377412919,-1.3890194834492575,0.1838584676807568,True,-0.03404425367175157,-0.019391028309575967,1379.0,,0.00531767955801105,False,NO_EVIDENCE
repair_selector_rejected_spread,NUMERIC,1,ic_thesis,8,0.03340872036425296,1.4705738996454947,0.18487250775388753,True,0.054828565045485216,0.011988875683020699,1261.0,,0.0053867403314917135,False,NO_EVIDENCE
iv_vs_hv,NUMERIC,1,ic_thesis,8,-0.02096199584288452,-1.4643725042276707,0.18650563113288474,True,-0.03451317039775397,-0.007410821288015067,602.0,,0.005455801104972376,False,NO_EVIDENCE
layer1__control__aggression__sell_aggressive,NUMERIC,10,ic_raw,10,0.05900676607636661,3.314700297539078,0.18653165052609216,True,0.050587674566582454,0.06742585758615077,1325.5,,0.0055248618784530384,False,NO_EVIDENCE
move_age_bars,NUMERIC,1,ic_raw,17,-0.018271420736060324,-1.3761318941275227,0.18773754325039727,True,-0.016237224937547673,-0.020079594779182683,1345.0,,0.005593922651933703,False,NO_EVIDENCE
phantom_iv_entropy,NUMERIC,1,ic_thesis,8,-0.016670646476312542,-1.4528723686943643,0.1895686982376451,True,-0.014510096561118355,-0.018831196391506728,1379.0,,0.005662983425414365,False,NO_EVIDENCE
phantom_iv_entropy_score,NUMERIC,1,ic_thesis,8,-0.016670646476312542,-1.4528723686943643,0.1895686982376451,True,-0.014510096561118355,-0.018831196391506728,1379.0,,0.0057320441988950276,False,NO_EVIDENCE
layer1__control__efficiency__efficiency_score,NUMERIC,20,ic_raw,7,-0.1347099166969918,-3.238651363516167,0.19065716589748183,True,-0.0931619194099066,-0.1658709146623057,1343.0,,0.005801104972375691,False,NO_EVIDENCE
contract_gamma,NUMERIC,1,ic_raw,17,-0.027316648725517208,-1.3636412893398613,0.19156002103205738,True,-0.04726204075372735,-0.009587411367108186,603.0,,0.005870165745856354,False,NO_EVIDENCE
eil_iv_score,NUMERIC,1,ic_raw,17,0.017818755306452497,1.3275045626393047,0.20297269855114733,False,0.04562099052948046,-0.006894342669572362,1307.0,,0.005939226519337017,False,NO_EVIDENCE
gap_pct,NUMERIC,1,ic_thesis,8,-0.03020671364389935,-1.3817228169848375,0.2095438758533513,False,0.008354603324803556,-0.06876803061260225,1379.0,,0.00600828729281768,False,NO_EVIDENCE
move_theta_ratio,NUMERIC,1,ic_thesis,8,-0.029258089984128162,-1.3726459865271239,0.21222246141089243,True,-0.05234793526648153,-0.006168244701774793,603.0,,0.0060773480662983425,False,NO_EVIDENCE
ev2_quality_score,NUMERIC,1,ic_thesis,8,0.022603831424950954,1.3597810069103802,0.21607075992444344,True,0.03973434117354617,0.005473321676355741,1379.0,,0.006146408839779006,False,NO_EVIDENCE
layer1__control__aggression__buy_aggressive,NUMERIC,10,ic_raw,10,0.057190614285595257,2.8017540008067665,0.2182495772154752,True,0.043854825543892084,0.07052640302729843,1325.5,,0.006215469613259669,False,NO_EVIDENCE
ticker_sector_alignment_score,NUMERIC,5,ic_raw,10,-0.05486644541255855,-1.6725734514365238,0.21831042881859997,True,-0.08976934829290299,-0.01996354253221411,1358.0,,0.0062845303867403324,False,NO_EVIDENCE
payoff_score,NUMERIC,1,ic_thesis,8,-0.02973534140923833,-1.3488686044513407,0.21938304461479308,True,-0.02088975411460852,-0.03858092870386815,1379.0,,0.006353591160220995,False,NO_EVIDENCE
layer2__kelly_fraction,NUMERIC,1,ic_thesis,8,0.02682628756457051,1.334367658309958,0.22385352824292573,True,0.041754996257762744,0.011897578871378269,1379.0,,0.006422651933701658,False,NO_EVIDENCE
layer2__raw_expected_return,NUMERIC,1,ic_thesis,8,0.014261470268185642,1.332796061650598,0.22434279407231356,True,0.00979872835027782,0.01872421218609346,1379.0,,0.006491712707182321,False,NO_EVIDENCE
l3_iv_tailwind_score,NUMERIC,1,ic_thesis,8,-0.026733684727768353,-1.330799262756647,0.22496578178575505,False,-0.06188037850656981,0.00841300905103311,1376.0,,0.006560773480662984,False,NO_EVIDENCE
l3_iv_tailwind_score_capped,NUMERIC,1,ic_thesis,8,-0.026732583919395952,-1.3307524009047393,0.22498042051278172,False,-0.06187758246545304,0.008412414626661136,1376.0,,0.0066298342541436465,False,NO_EVIDENCE
ATR_14,NUMERIC,1,ic_raw,17,0.02560275866931498,1.2565014557784075,0.22697025523223274,True,0.042732982526608565,0.010375893018387351,1379.0,,0.006698895027624309,False,NO_EVIDENCE
gamma_flip_gap_pct,NUMERIC,1,ic_thesis,8,0.02098450207226568,1.3230499450229,0.22739785556279898,True,0.010838959883486814,0.03113004426104455,1262.0,,0.006767955801104972,False,NO_EVIDENCE
layer2__ret_pctl_10d_p60,NUMERIC,1,ic_thesis,8,0.02040832790492838,1.321727000364576,0.22781533838540954,True,0.04033882898044246,0.000477826829414305,1399.0,,0.0068370165745856365,False,NO_EVIDENCE
phantom_bayesian_score,NUMERIC,1,ic_thesis,8,0.015844435034069012,1.3094869853175022,0.23170970779218641,True,0.006469378256953906,0.02521949181118412,1379.0,,0.006906077348066299,False,NO_EVIDENCE
transition_success_20d,NUMERIC,1,ic_raw,17,-0.025632029816933185,-1.2428196581521238,0.23184013644327098,True,-0.01518777268425129,-0.034915813934872655,1379.0,,0.006975138121546962,False,NO_EVIDENCE
phase_transition_probability,NUMERIC,1,ic_raw,17,-0.02563180976193887,-1.2428030281209383,0.23184610481988135,True,-0.01518742881306306,-0.03491570393871737,1379.0,,0.007044198895027625,False,NO_EVIDENCE
transition_success_10d,NUMERIC,1,ic_raw,17,-0.02563180976193887,-1.2428030281209383,0.23184610481988135,True,-0.01518742881306306,-0.03491570393871737,1379.0,,0.007113259668508287,False,NO_EVIDENCE
transition_success_5d,NUMERIC,1,ic_raw,17,-0.025631634476786628,-1.2427972702789827,0.23184817128819526,True,-0.015187077762268502,-0.03491568488969163,1379.0,,0.0071823204419889505,False,NO_EVIDENCE
layer2__recommended_hold_days,NUMERIC,1,ic_thesis,8,-0.03326891321216219,-1.3060329020915853,0.2328191036174703,True,-0.0627055853360119,-0.003832241088312478,1399.0,,0.007251381215469613,False,NO_EVIDENCE
eil_gex_score,NUMERIC,5,ic_raw,14,-0.019675922152099547,-1.4253627985146209,0.2333257807799595,True,-0.008700900685765456,-0.030650943618433634,1278.5,,0.007320441988950276,False,NO_EVIDENCE
layer1__control__aggression__sell_aggressive,NUMERIC,5,ic_raw,11,0.039120761004865695,1.518688121430927,0.23706572306296983,True,0.009911623302187242,0.06346170909043107,1307.0,,0.0073895027624309405,False,NO_EVIDENCE
spread_pct,NUMERIC,1,ic_raw,6,-0.04108066062162421,-1.3197304818855706,0.24411854653198897,False,0.004853609876313225,-0.08701493111956164,865.5,,0.007458563535911603,False,NO_EVIDENCE
ev_base,NUMERIC,20,ic_raw,7,0.053440343363811,2.425045388645428,0.24899399356568477,True,0.07854291418063186,0.034613415251195365,1343.0,,0.007527624309392265,False,NO_EVIDENCE
ev2_ev_structural,NUMERIC,20,ic_raw,7,0.053440343363811,2.425045388645428,0.24899399356568477,True,0.07854291418063186,0.034613415251195365,1343.0,,0.007596685082872929,False,NO_EVIDENCE
ev2_ev_path_adj,NUMERIC,20,ic_raw,7,0.053552943222350755,2.4192169166620787,0.2495343570248719,True,0.07880020069999809,0.034617500114115254,1343.0,,0.007665745856353591,False,NO_EVIDENCE
wyckoff_score,NUMERIC,20,ic_raw,7,0.05132907667924659,2.4186304010243127,0.2495888566613893,True,0.06466206818565312,0.041329333049441704,1343.0,,0.0077348066298342545,False,NO_EVIDENCE
gamma_velocity_pct,NUMERIC,5,ic_raw,14,0.08467713313207512,1.3573541216875318,0.2521937355289504,True,0.12832603955387908,0.041028226710271135,587.0,,0.007803867403314917,False,NO_EVIDENCE
eil_iv_score,NUMERIC,5,ic_raw,14,0.040045967995446054,1.3517460288530005,0.2538167923026155,True,0.048999212206679986,0.031092723784212125,1278.5,,0.00787292817679558,False,NO_EVIDENCE
repricing_direction,LABEL,1,mean_signed_bps,14,-12.4319736501334,-1.1927914745019308,0.254267586763389,True,-22.769224751748215,-2.0947225485185923,687.5,0.4900317882820842,0.007941988950276244,False,NO_EVIDENCE
phantom_gamma_score,NUMERIC,5,ic_raw,14,-0.017250425594304165,-1.3470865863075612,0.25517326937831347,True,-0.005251287781712672,-0.029249563406895655,1358.0,,0.008011049723756906,False,NO_EVIDENCE
pse_suggested_contracts,NUMERIC,1,ic_raw,15,0.014260720754493179,1.1807250919397658,0.2573836456376914,True,0.022490302024358717,0.00705983714336084,1371.0,,0.00808011049723757,False,NO_EVIDENCE
adv_dollars,NUMERIC,20,ic_raw,7,0.045996001350824725,2.3342565754026228,0.2576709440648166,True,0.024193229613560647,0.06234808015377279,1343.0,,0.008149171270718233,False,NO_EVIDENCE
layer1__scenarios__immediate__probability_estimate,NUMERIC,20,ic_raw,7,-0.033615413515189006,-2.3061927525449555,0.2604698132511956,True,-0.04491506464639261,-0.025140675166786315,1343.0,,0.008218232044198895,False,NO_EVIDENCE
maturation_score_3d,NUMERIC,1,ic_raw,8,0.03124671277516112,1.215905688574277,0.2634291600515521,True,0.0026837804505678124,0.05980964509975442,1039.0,,0.008287292817679558,False,NO_EVIDENCE
actuarial_depth,NUMERIC,1,ic_raw,8,-0.022632271835651852,-1.2117676601643284,0.264913167907547,True,-0.039564676766648196,-0.005699866904655506,1446.0,,0.00835635359116022,False,NO_EVIDENCE
layer2__avg_atr_delta,NUMERIC,1,ic_raw,17,-0.018889244599397736,-1.1516566429581094,0.2663812320733606,True,-0.037001386016551854,-0.0027895633397051955,1379.0,,0.008425414364640884,False,NO_EVIDENCE
iv_score,NUMERIC,5,ic_raw,14,0.03255729094464672,1.306847930877716,0.26719333912052834,True,0.030142481304322434,0.034972100584971,1358.0,,0.008494475138121549,False,NO_EVIDENCE
maturation_score_1d,NUMERIC,1,ic_raw,8,0.029854014405989525,1.2036297574860049,0.26785220935576504,True,0.0025546683058010732,0.057153360506177975,1039.0,,0.008563535911602211,False,NO_EVIDENCE
wyckoff_score,NUMERIC,1,ic_thesis,8,0.02016021525834241,1.2016518868637154,0.26857065830364807,True,0.030237375309872867,0.01008305520681195,1379.0,,0.008632596685082873,False,NO_EVIDENCE
layer1__scenarios__conditional_far__probability_estimate,NUMERIC,20,ic_raw,7,-0.03321031933997064,-2.2079589356761153,0.2707344861482226,True,-0.045066409525912975,-0.024318251700513882,1343.0,,0.008701657458563536,False,NO_EVIDENCE
eil_iv_score,NUMERIC,20,ic_raw,7,0.054374065425970286,2.1873544565235616,0.2729845872473306,True,0.044186340065622394,0.06201485944623121,1343.0,,0.008770718232044198,False,NO_EVIDENCE
iv_gex_entry_quality,NUMERIC,5,ic_raw,14,0.021283867533853022,1.2846074854880964,0.27407669367804294,True,0.019845087146106426,0.02272264792159961,1358.0,,0.008839779005524863,False,NO_EVIDENCE
maturation_score_2d,NUMERIC,1,ic_raw,8,0.02944225465692983,1.1748891459053799,0.27845204421433806,True,0.0024644995185444775,0.05642000979531518,1039.0,,0.008908839779005525,False,NO_EVIDENCE
layer2__transition_flag_rate_v2,NUMERIC,5,ic_raw,14,0.024746979046054506,1.2677229784793111,0.2794189427445868,True,0.016195793424525075,0.033298164667583945,1358.0,,0.00897790055248619,False,NO_EVIDENCE
days_in_range,NUMERIC,10,ic_raw,8,0.09394131368918425,2.120908960152884,0.280485422802324,True,0.09664157723414385,0.09124105014422466,675.0,,0.009046961325966852,False,NO_EVIDENCE
move_age_bars,NUMERIC,1,ic_thesis,8,-0.0326042995260204,-1.1682469809016296,0.28095093848866676,True,-0.05917592576314619,-0.006032673288894598,1345.0,,0.009116022099447514,False,NO_EVIDENCE
atm_distance_sigma_1d,NUMERIC,1,ic_thesis,8,-0.014928712528653368,-1.168000497411001,0.2810440275007402,False,0.006578850665485387,-0.03643627572279212,1039.0,,0.009185082872928177,False,NO_EVIDENCE
atm_distance_sigma,NUMERIC,1,ic_thesis,8,-0.014928712528653368,-1.168000497411001,0.2810440275007402,False,0.006578850665485387,-0.03643627572279212,1039.0,,0.00925414364640884,False,NO_EVIDENCE
atm_distance_sigma_2d,NUMERIC,1,ic_thesis,8,-0.014928712528653368,-1.168000497411001,0.2810440275007402,False,0.006578850665485387,-0.03643627572279212,1039.0,,0.009323204419889503,False,NO_EVIDENCE
atm_distance_sigma_3d,NUMERIC,1,ic_thesis,8,-0.014928712528653368,-1.168000497411001,0.2810440275007402,False,0.006578850665485387,-0.03643627572279212,1039.0,,0.009392265193370166,False,NO_EVIDENCE
ev_net,NUMERIC,1,ic_raw,17,-0.013941621612519089,-1.1133643254574463,0.2819993219166848,False,0.004588282364053051,-0.030412647369472096,1379.0,,0.009461325966850828,False,NO_EVIDENCE
ev_conf_adj,NUMERIC,1,ic_raw,17,-0.013941621612519089,-1.1133643254574463,0.2819993219166848,False,0.004588282364053051,-0.030412647369472096,1379.0,,0.009530386740331492,False,NO_EVIDENCE
ev,NUMERIC,1,ic_raw,17,-0.013941621612519089,-1.1133643254574463,0.2819993219166848,False,0.004588282364053051,-0.030412647369472096,1379.0,,0.009599447513812157,False,NO_EVIDENCE
ev2_ev_conf_adj,NUMERIC,1,ic_raw,17,-0.013941621612519089,-1.1133643254574463,0.2819993219166848,False,0.004588282364053051,-0.030412647369472096,1379.0,,0.009668508287292819,False,NO_EVIDENCE
ev_final,NUMERIC,1,ic_raw,17,-0.013941621612519089,-1.1133643254574463,0.2819993219166848,False,0.004588282364053051,-0.030412647369472096,1379.0,,0.009737569060773481,False,NO_EVIDENCE
expected_value_10d,NUMERIC,1,ic_raw,17,0.027056243839486755,1.1118698138088088,0.28262242106729907,True,0.005151360869181958,0.046527250924202145,1379.0,,0.009806629834254144,False,NO_EVIDENCE
layer2__expected_value_10d,NUMERIC,1,ic_raw,17,0.027056243839486755,1.1118698138088088,0.28262242106729907,True,0.005151360869181958,0.046527250924202145,1379.0,,0.009875690607734806,False,NO_EVIDENCE
actuarial_expected_value_10d,NUMERIC,1,ic_raw,17,0.027056243839486755,1.1118698138088088,0.28262242106729907,True,0.005151360869181958,0.046527250924202145,1379.0,,0.00994475138121547,False,NO_EVIDENCE
eil_gex_score,NUMERIC,1,ic_thesis,8,0.01138894342710524,1.1615409769016736,0.28349273338659975,True,0.007267792340608876,0.015510094513601606,1307.0,,0.010013812154696133,False,NO_EVIDENCE
ev2_ev_final,NUMERIC,1,ic_raw,17,-0.013552130495381976,-1.1090672742748573,0.2837936253121157,False,0.004771330528609229,-0.029839651405596374,1379.0,,0.010082872928176797,False,NO_EVIDENCE
win_rate_5d,NUMERIC,20,ic_raw,7,0.053881681526495515,2.0821383465106122,0.2850425867095183,True,0.08453397940824141,0.030892458115186094,1343.0,,0.01015193370165746,False,NO_EVIDENCE
risk_reversal,NUMERIC,1,ic_thesis,8,0.01224896685612913,1.1569447060788989,0.28524586442874295,True,0.008586173297803553,0.015911760414454704,1016.0,,0.010220994475138122,False,NO_EVIDENCE
payoff_score,NUMERIC,1,ic_raw,17,0.01622463447174192,1.102881357248521,0.28639150820359005,True,0.008744053085609247,0.02287404014830429,1379.0,,0.010290055248618785,False,NO_EVIDENCE
layer2__raw_prob_down_5d,NUMERIC,1,ic_raw,17,-0.030399023957411387,-1.0992498034506777,0.28792482034063166,True,-0.012565056694609847,-0.04625143930212387,1379.0,,0.010359116022099449,False,NO_EVIDENCE
eil_spread_pct_live,NUMERIC,1,ic_raw,17,-0.012678713384779454,-1.0960923369401425,0.28926288741322215,True,-0.007694613877910032,-0.017109024057552276,603.0,,0.010428176795580111,False,NO_EVIDENCE
phantom_market_implied_prob,NUMERIC,5,ic_raw,14,-0.030112941488682616,-1.2358804732980837,0.28977298825289843,True,-0.048503109971737346,-0.011722773005627879,1358.0,,0.010497237569060774,False,NO_EVIDENCE
final_direction,LABEL,1,mean_signed_bps,8,8.249129859213184,1.1426706508242945,0.2907476012425339,True,15.558335907840181,0.9399238105861887,1263.5,0.5123391246359217,0.010566298342541436,False,NO_EVIDENCE
contract_gamma,NUMERIC,20,ic_raw,7,0.050226092188726604,2.025736763126922,0.29192374794408904,True,0.06698506210488508,0.03765686475160775,550.0,,0.0106353591160221,False,NO_EVIDENCE
layer2__avg_adx_delta,NUMERIC,20,ic_raw,7,0.03808200470076931,2.015852444451675,0.2931615639804588,True,0.023370103604583442,0.04911593052290871,1343.0,,0.010704419889502763,False,NO_EVIDENCE
ev2_ev_5d,NUMERIC,20,ic_raw,7,0.030768460739875287,1.9945916632505598,0.2958573387780035,True,0.022832369444719166,0.03672052921124237,1343.0,,0.010773480662983427,False,NO_EVIDENCE
phantom_bayesian_edge,NUMERIC,1,ic_thesis,8,0.01253896980166954,1.124445677232471,0.29789886699310514,True,0.012615800565904903,0.012462139037434181,1379.0,,0.01084254143646409,False,NO_EVIDENCE
phantom_bayesian_edge_pp,NUMERIC,1,ic_thesis,8,0.01253896980166954,1.124445677232471,0.29789886699310514,True,0.012615800565904903,0.012462139037434181,1379.0,,0.010911602209944752,False,NO_EVIDENCE
layer1__control__aggression__buy_aggressive,NUMERIC,5,ic_raw,11,0.03734239900797019,1.2878917637182834,0.2981679554903842,True,0.002430260185140168,0.06643584802699522,1307.0,,0.010980662983425414,False,NO_EVIDENCE
ev2_p_win_blended,NUMERIC,1,ic_thesis,8,0.018918182296443285,1.1177531610332951,0.3005608334373343,True,0.034827438477891264,0.003008926114995311,1379.0,,0.011049723756906077,False,NO_EVIDENCE
pse_suggested_contracts,NUMERIC,20,ic_raw,7,0.042016324668710144,1.9508051143097576,0.3015564388391653,True,0.06853512951824632,0.022127221031558002,1343.0,,0.011118784530386741,False,NO_EVIDENCE
phantom_iv_kl_divergence,NUMERIC,1,ic_raw,17,0.009745981953174835,1.067404810023054,0.3016306094193704,True,0.014288660492957485,0.0057080454733680385,1379.0,,0.011187845303867405,False,NO_EVIDENCE
gamma_velocity_sessions,NUMERIC,1,ic_raw,7,0.026323272839907718,1.1282837436437425,0.30228528559897533,True,0.0064704043826056545,0.04121292418288427,596.0,,0.011256906077348068,False,NO_EVIDENCE
ev2_ev_contract,NUMERIC,20,ic_raw,7,0.030692426132493154,1.9318047845992732,0.3040930294226882,True,0.023343742787725,0.03620393864106927,1343.0,,0.01132596685082873,False,NO_EVIDENCE
ev2_ev_selected,NUMERIC,20,ic_raw,7,0.030692426132493154,1.9318047845992732,0.3040930294226882,True,0.023343742787725,0.03620393864106927,1343.0,,0.011395027624309393,False,NO_EVIDENCE
layer2__raw_prob_up_5d,NUMERIC,1,ic_raw,17,0.030428023087987213,1.0597988948009713,0.30497351024467684,True,0.010903686981363746,0.047782988516096955,1379.0,,0.011464088397790055,False,NO_EVIDENCE
layer2__win_rate_5d,NUMERIC,1,ic_raw,17,0.030428023087987213,1.0597988948009713,0.30497351024467684,True,0.010903686981363746,0.047782988516096955,1379.0,,0.01153314917127072,False,NO_EVIDENCE
win_rate_5d__vg,NUMERIC,1,ic_raw,17,0.030428023087987213,1.0597988948009713,0.30497351024467684,True,0.010903686981363746,0.047782988516096955,1379.0,,0.011602209944751382,False,NO_EVIDENCE
phantom_bayesian_score,NUMERIC,5,ic_raw,14,0.029199295439171245,1.1764102572817667,0.31011542260874614,True,0.029592006578345344,0.028806584299997134,1358.0,,0.011671270718232044,False,NO_EVIDENCE
layer2__raw_prob_down_10d,NUMERIC,1,ic_raw,17,-0.030338030211215845,-1.0469765964028672,0.3106699130597302,True,-0.006149684695091461,-0.05183878178110418,1379.0,,0.011740331491712708,False,NO_EVIDENCE
ev2_quality_score,NUMERIC,20,ic_raw,7,0.059231341608024936,1.8751033246208892,0.31190195527010894,True,0.0775207629820892,0.04551427557747675,1343.0,,0.011809392265193371,False,NO_EVIDENCE
ev2_p_win_blended,NUMERIC,20,ic_raw,7,0.06473115914603449,1.8661612849652576,0.31316720565414735,True,0.09236193944326994,0.04400807392310791,1343.0,,0.011878453038674033,False,NO_EVIDENCE
adx_14,NUMERIC,1,ic_raw,17,0.016069473058517143,1.0408726218805142,0.31340853199725577,False,0.034597271253430414,-0.000399680892516875,1379.0,,0.011947513812154698,False,NO_EVIDENCE
theta_drag_pct,NUMERIC,20,ic_raw,7,0.043132538242456074,1.8506060225543066,0.3153907786115488,True,0.019975273153949407,0.06050048705883608,550.0,,0.01201657458563536,False,NO_EVIDENCE
theta_decay_expected,NUMERIC,20,ic_raw,7,0.043132538242456074,1.8506060225543066,0.3153907786115488,True,0.019975273153949407,0.06050048705883608,550.0,,0.012085635359116022,False,NO_EVIDENCE
phantom_bayesian_edge_pp,NUMERIC,5,ic_raw,14,0.03123794038541864,1.158772354843843,0.31640721236424735,True,0.0292503444042455,0.0332255363665918,1358.0,,0.012154696132596685,False,NO_EVIDENCE
phantom_bayesian_edge,NUMERIC,5,ic_raw,14,0.03123794038541864,1.158772354843843,0.31640721236424735,True,0.0292503444042455,0.0332255363665918,1358.0,,0.012223756906077347,False,NO_EVIDENCE
ev_structural,NUMERIC,20,ic_raw,7,0.09160248757983759,1.8423474205555561,0.3165831205519404,True,0.1302449055130738,0.06262067412991043,550.0,,0.012292817679558012,False,NO_EVIDENCE
fd_ev_used,NUMERIC,1,ic_raw,17,-0.013198158753428212,-1.0322162892241649,0.31732208345145896,False,0.004588282364053051,-0.029008328635633778,1307.0,,0.012361878453038676,False,NO_EVIDENCE
eil_ev_score,NUMERIC,1,ic_raw,17,-0.013135621137879779,-1.0317026790244808,0.3175553870896111,False,0.0042042183679802045,-0.02854881180975532,1307.0,,0.012430939226519338,False,NO_EVIDENCE
layer2__raw_prob_up_10d,NUMERIC,1,ic_raw,17,0.029572364620833073,1.0282587385434796,0.3191229546470048,True,0.004612297016881307,0.05175909137990131,1379.0,,0.0125,False,NO_EVIDENCE
layer2__win_rate_10d,NUMERIC,1,ic_raw,17,0.029572364620833073,1.0282587385434796,0.3191229546470048,True,0.004612297016881307,0.05175909137990131,1379.0,,0.012569060773480665,False,NO_EVIDENCE
win_rate_10d__vg,NUMERIC,1,ic_raw,17,0.029572364620833073,1.0282587385434796,0.3191229546470048,True,0.004612297016881307,0.05175909137990131,1379.0,,0.012638121546961326,False,NO_EVIDENCE
governed_direction,LABEL,1,mean_signed_bps,8,7.765755335085218,1.0703398835492037,0.31997795850381944,True,14.591586859584247,0.9399238105861887,1263.5,0.5120074507212882,0.01270718232044199,False,NO_EVIDENCE
eil_ev_v2,NUMERIC,1,ic_raw,17,-0.012643705184129482,-1.0103544680771754,0.3273617587458577,False,0.004771330528609229,-0.028123736928786114,1307.0,,0.012776243093922652,False,NO_EVIDENCE
composite_adjusted,NUMERIC,20,ic_raw,7,0.05119066705282827,1.7656340745660806,0.3280651226151025,True,0.0631194757558014,0.042244060525598426,1343.0,,0.012845303867403316,False,NO_EVIDENCE
prob_drift,NUMERIC,20,ic_raw,7,-0.050953058358466766,-1.757258091319386,0.3293648379097075,True,-0.0640419745001867,-0.04113637125217682,1343.0,,0.012914364640883977,False,NO_EVIDENCE
compression_ratio,NUMERIC,10,ic_raw,8,0.1505995279423919,1.7415257528188697,0.3318315133829558,True,0.1827247756846488,0.11847428020013503,675.0,,0.012983425414364641,False,NO_EVIDENCE
composite_score,NUMERIC,20,ic_raw,7,0.05089513921102286,1.7411037605051205,0.33189813958692876,True,0.06316791738127903,0.041690555583330735,1343.0,,0.013052486187845306,False,NO_EVIDENCE
composite,NUMERIC,20,ic_raw,7,0.05089513921102286,1.7411037605051205,0.33189813958692876,True,0.06316791738127903,0.041690555583330735,1343.0,,0.013121546961325968,False,NO_EVIDENCE
prob_rejection,NUMERIC,20,ic_raw,7,-0.05089513921102286,-1.7411037605051205,0.33189813958692876,True,-0.06316791738127903,-0.041690555583330735,1343.0,,0.013190607734806632,False,NO_EVIDENCE
prob_breakout,NUMERIC,20,ic_raw,7,0.05088929801939574,1.7409414445853295,0.33192377328334527,True,0.06317585840928387,0.04167437772697964,1343.0,,0.013259668508287293,False,NO_EVIDENCE
pct_from_52w_low,NUMERIC,5,ic_raw,14,0.03671142860669953,1.115891978500919,0.3322107467555882,True,0.005190203838722554,0.0682326533746765,1358.0,,0.013328729281767957,False,NO_EVIDENCE
phantom_info_flow_ratio,NUMERIC,1,ic_thesis,8,0.01582285270983094,1.0412726629064601,0.3323712524482218,True,0.030463341169765547,0.0011823642498963328,1379.0,,0.013397790055248618,False,NO_EVIDENCE
win_rate_20d,NUMERIC,1,ic_raw,17,-0.023395680896744455,-0.9932245462859635,0.3353848340148531,False,0.012475091601115415,-0.05528081200595322,1379.0,,0.013466850828729282,False,NO_EVIDENCE
direction_resolution_margin,NUMERIC,1,ic_raw,8,-0.010056691135251459,-1.0313686891958203,0.33667985872601375,False,0.003687560698885607,-0.023800942969388526,1446.0,,0.013535911602209945,False,NO_EVIDENCE
early_formation_score,NUMERIC,1,ic_raw,15,-0.022383832410547908,-0.9937734529438733,0.3371998057334874,True,-0.04376492205255136,-0.003675378973794885,677.0,,0.013604972375690609,False,NO_EVIDENCE
ev_adjusted,NUMERIC,20,ic_raw,7,0.08169391149322544,1.7051087180818876,0.33767184793956745,True,0.11106383904543309,0.059666465829069704,550.0,,0.013674033149171273,False,NO_EVIDENCE
ev2_ev_selected,NUMERIC,5,ic_raw,14,-0.02151193835912663,-1.1012215181182545,0.33778528027421434,False,0.007096203836144209,-0.05012008055439747,1358.0,,0.013743093922651934,False,NO_EVIDENCE
ev2_ev_contract,NUMERIC,5,ic_raw,14,-0.02151193835912663,-1.1012215181182545,0.33778528027421434,False,0.007096203836144209,-0.05012008055439747,1358.0,,0.013812154696132598,False,NO_EVIDENCE
gamma_velocity_pct,NUMERIC,1,ic_thesis,8,-0.016413314085954915,-1.0275994746579697,0.33833113234088436,False,0.01289900738481754,-0.045725635556727366,603.0,,0.01388121546961326,False,NO_EVIDENCE
layer2__ret_pctl_5d_p50,NUMERIC,1,ic_raw,15,0.029772535058541775,0.9900353034513564,0.33896027080514785,True,0.02941620546499727,0.030084323452893205,1399.0,,0.013950276243093924,False,NO_EVIDENCE
ev_adjusted,NUMERIC,1,ic_raw,17,0.023004867788708236,0.9837650565081346,0.33987437291356254,True,0.011133083344151511,0.033557565072758665,603.0,,0.014019337016574585,False,NO_EVIDENCE
trend_inertia,NUMERIC,1,ic_raw,17,0.02002357485801851,0.9831007455671803,0.3401912394223293,True,0.04112342891831111,0.0012681490266473186,1379.0,,0.01408839779005525,False,NO_EVIDENCE
layer2__avg_momentum_delta,NUMERIC,1,ic_thesis,8,-0.01724366512289712,-1.0205142916969685,0.34145234415703346,True,-0.0026543896274735185,-0.031832940618320725,1379.0,,0.014157458563535914,False,NO_EVIDENCE
ev_ratio,NUMERIC,20,ic_raw,7,0.08756533455511524,1.681980944810823,0.34147835598854953,True,0.13495580481073022,0.052022481863404,550.0,,0.014226519337016574,False,NO_EVIDENCE
iv_score,NUMERIC,1,ic_raw,17,0.016116603377225952,0.9803222897707863,0.3415187698691822,True,0.023040929776798044,0.009961646577606315,1379.0,,0.014295580110497239,False,NO_EVIDENCE
layer2__ret_pctl_20d_p70,NUMERIC,1,ic_thesis,8,0.023111281502947587,1.018266116867959,0.34244743204499073,False,0.05819641221985383,-0.011973849213958658,1399.0,,0.014364640883977901,False,NO_EVIDENCE
rr_options,NUMERIC,20,ic_raw,7,0.08787101326633429,1.666028928104094,0.3441492392783741,True,0.13044500782518156,0.05594051734719882,550.0,,0.014433701657458565,False,NO_EVIDENCE
estimated_R,NUMERIC,20,ic_raw,7,0.08787101326633429,1.666028928104094,0.3441492392783741,True,0.13044500782518156,0.05594051734719882,550.0,,0.014502762430939226,False,NO_EVIDENCE
max_convex_r_multiple,NUMERIC,20,ic_raw,7,0.08787101326633429,1.666028928104094,0.3441492392783741,True,0.13044500782518156,0.05594051734719882,550.0,,0.01457182320441989,False,NO_EVIDENCE
discovery_direction_preliminary,LABEL,1,mean_signed_bps,7,8.550102320303187,1.0265796055563594,0.3442128442609355,True,18.697006999925854,0.9399238105861887,1265.0,0.510872173686359,0.014640883977900553,False,NO_EVIDENCE
entropy_score,NUMERIC,5,ic_raw,14,0.040764921723143964,1.0738974600303186,0.3483999349519749,True,0.036413784336299986,0.045116059109987956,1358.0,,0.014709944751381217,False,NO_EVIDENCE
iv_percentile,NUMERIC,5,ic_raw,14,-0.02636900209783958,-1.0688754309023782,0.3503839944947018,True,-0.018973851896993417,-0.03376415229868574,1261.0,,0.014779005524861881,False,NO_EVIDENCE
theta_score,NUMERIC,1,ic_thesis,8,-0.015139137081993503,-0.9993907408847706,0.35089173559874753,True,-0.004737474926196989,-0.025540799237790016,1379.0,,0.014848066298342542,False,NO_EVIDENCE
ev2_ev_20d,NUMERIC,5,ic_raw,14,-0.01766093445966415,-1.0577037876490505,0.3548347936822964,False,0.005068191394736877,-0.040390060314065175,1358.0,,0.014917127071823206,False,NO_EVIDENCE
layer2__ret_pctl_10d_p50,NUMERIC,1,ic_raw,15,0.030591307943180057,0.9550509474983064,0.3557531320466447,True,0.027470981488016195,0.03332159359144844,1399.0,,0.014986187845303867,False,NO_EVIDENCE
regime_instability_score,NUMERIC,10,ic_raw,10,0.0778062377314139,1.5946967046487552,0.35656600002743305,True,0.10017679433461994,0.05543568112820789,1325.5,,0.01505524861878453,False,NO_EVIDENCE
ev2_p_win_blended,NUMERIC,1,ic_raw,17,-0.022877368643628184,-0.9486278581760555,0.3569191635602586,True,-0.00014944095337319704,-0.04307997103496594,1379.0,,0.015124309392265193,False,NO_EVIDENCE
phantom_info_flow_score,NUMERIC,1,ic_thesis,8,0.01593967758247114,0.9845623483897054,0.35763829467909086,False,0.04103148670905828,-0.009152131544116,1379.0,,0.015193370165745857,False,NO_EVIDENCE
phantom_info_flow,NUMERIC,1,ic_thesis,8,0.01593967758247114,0.9845623483897054,0.35763829467909086,False,0.04103148670905828,-0.009152131544116,1379.0,,0.015262430939226522,False,NO_EVIDENCE
phantom_iv_hist_median,NUMERIC,1,ic_raw,17,-0.04176451620760463,-0.944433190920207,0.3589927889059963,True,-0.003964825559001978,-0.07536424122858477,1379.0,,0.015331491712707182,False,NO_EVIDENCE
ev2_ev_10d,NUMERIC,20,ic_raw,7,0.02514125177494685,1.5803919526745709,0.3591529323718413,True,0.01984053848207972,0.02911678674459719,1343.0,,0.015400552486187847,False,NO_EVIDENCE
phantom_market_implied_prob,NUMERIC,20,ic_raw,7,-0.0499270222661896,-1.5631298778967453,0.36231954741943295,True,-0.08609689233576807,-0.022799619714005723,1343.0,,0.015469613259668509,False,NO_EVIDENCE
layer2__ret_pctl_10d_p70,NUMERIC,1,ic_thesis,8,0.021305844281532274,0.9716409441422397,0.3635984198895876,False,0.05538566791328905,-0.012773979350224502,1399.0,,0.015538674033149173,False,NO_EVIDENCE
crabel_compression,NUMERIC,1,ic_thesis,8,-0.02155108511511451,-0.9652411004740721,0.36657848024618905,True,-0.02807888823880638,-0.015023281991422638,1379.0,,0.015607734806629834,False,NO_EVIDENCE
days_to_trigger,NUMERIC,10,ic_raw,8,0.07622425602957356,1.5396535103186282,0.3667066017385203,True,0.0765138504773212,0.07593466158182588,675.0,,0.015676795580110498,False,NO_EVIDENCE
phantom_gamma_net_gex_proxy,NUMERIC,20,ic_raw,7,0.08306890313168037,1.5392642182582357,0.36678014355101635,True,0.01936469563681069,0.13084705875283262,1343.0,,0.01574585635359116,False,NO_EVIDENCE
layer2__state_match_similarity,NUMERIC,20,ic_raw,7,-0.0562195647505846,-1.5315342052472214,0.3682458664179985,True,-0.01586637652628242,-0.08648445591881124,1343.0,,0.015814917127071823,False,NO_EVIDENCE
gamma_velocity_pct,NUMERIC,1,ic_raw,17,-0.02477639866234995,-0.925751388459703,0.36832870151009767,False,-0.05602131095354462,0.002996856707600867,603.0,,0.015883977900552487,False,NO_EVIDENCE
contract_delta,NUMERIC,1,ic_thesis,8,-0.011241931154460446,-0.945112070500776,0.376072990339257,True,-0.0035137541719964397,-0.018970108136924457,603.0,,0.015953038674033148,False,NO_EVIDENCE
phantom_posterior_ci_low,NUMERIC,1,ic_thesis,8,0.01408805231631881,0.9418483079597744,0.3776298508735331,False,-0.0015220112404309661,0.029698115873068587,1419.5,,0.016022099447513812,False,NO_EVIDENCE
phantom_posterior_ci_high,NUMERIC,1,ic_thesis,8,0.01408805231631881,0.9418483079597744,0.3776298508735331,False,-0.0015220112404309661,0.029698115873068587,1419.5,,0.016091160220994476,False,NO_EVIDENCE
phantom_posterior_win_prob,NUMERIC,1,ic_thesis,8,0.01408805231631881,0.9418483079597744,0.3776298508735331,False,-0.0015220112404309661,0.029698115873068587,1419.5,,0.01616022099447514,False,NO_EVIDENCE
catalyst_truth_score,NUMERIC,1,ic_thesis,8,0.01265153465971306,0.9417073814572072,0.37769718427501225,False,0.025961798457134717,-0.0006587291377085978,1379.0,,0.0162292817679558,False,NO_EVIDENCE
win_rate_20d,NUMERIC,20,ic_raw,7,0.05892321598269705,1.4812731361459246,0.378034298291897,True,0.11193285118333264,0.019165989582220343,1343.0,,0.016298342541436465,False,NO_EVIDENCE
ev2_ev_20d,NUMERIC,20,ic_raw,7,0.02913760474012231,1.474071408665322,0.37947445876406405,True,0.014379747909448294,0.04020599736312782,1343.0,,0.01636740331491713,False,NO_EVIDENCE
ev2_ev_5d,NUMERIC,5,ic_raw,14,-0.024184249549738367,-0.993570045058756,0.3813927265856364,False,0.006275178345711891,-0.05464367744518863,1358.0,,0.01643646408839779,False,NO_EVIDENCE
early_formation_score,NUMERIC,10,ic_raw,8,-0.05638079655347994,-1.441827880085618,0.3860420726207021,True,-0.07532964489496581,-0.03743194821199406,675.0,,0.016505524861878455,False,NO_EVIDENCE
adv_dollars,NUMERIC,10,ic_raw,10,0.03343804917844102,1.4330588662072123,0.38786271977047304,True,0.0230264388257851,0.04384965953109695,1325.5,,0.016574585635359115,False,NO_EVIDENCE
vwap_acceptance_score,NUMERIC,1,ic_thesis,8,-0.051527612865549625,-0.9162713836826561,0.3899988912793563,True,-0.09622563885147836,-0.006829586879620889,1379.0,,0.01664364640883978,False,NO_EVIDENCE
layer2__ret_pctl_20d_p80,NUMERIC,1,ic_thesis,8,0.020757167979000787,0.9157011101727496,0.3902780858418674,False,0.056647228443544036,-0.015132892485542459,1399.0,,0.01671270718232044,False,NO_EVIDENCE
wyckoff_transition_conf,NUMERIC,5,ic_raw,14,-0.02003340127075543,-0.9718256833691868,0.39079240681977057,False,0.008427779850555334,-0.04849458239206621,1358.0,,0.016781767955801104,False,NO_EVIDENCE
contract_iv,NUMERIC,1,ic_raw,16,-0.04691916878226603,-0.8833356310915927,0.390992865368035,True,-0.04924096713256316,-0.0445973704319689,768.5,,0.01685082872928177,False,NO_EVIDENCE
theta_decay_expected,NUMERIC,1,ic_thesis,8,0.01655766499572262,0.9121195156680553,0.3920349663200733,False,0.03677701211305065,-0.0036616821216054135,603.0,,0.016919889502762433,False,NO_EVIDENCE
theta_drag_pct,NUMERIC,1,ic_thesis,8,0.01655766499572262,0.9121195156680553,0.3920349663200733,False,0.03677701211305065,-0.0036616821216054135,603.0,,0.016988950276243097,False,NO_EVIDENCE
path_score,NUMERIC,20,ic_raw,7,0.030519707225355717,1.4114555294437034,0.3924125865628418,True,0.0507371317029035,0.015356638867194884,1343.0,,0.017058011049723758,False,NO_EVIDENCE
range_pct,NUMERIC,1,ic_raw,17,-0.035597691772149276,-0.876788184800857,0.3935761140510887,False,0.0033769411560484845,-0.07024180993054728,1379.0,,0.017127071823204422,False,NO_EVIDENCE
fusion_alignment_score,NUMERIC,5,ic_raw,14,-0.02264346426061747,-0.9638920009795475,0.39427249200372666,False,0.009149153163277277,-0.054436081684512215,1358.0,,0.017196132596685083,False,NO_EVIDENCE
payoff_score,NUMERIC,20,ic_raw,7,0.03598952384470621,1.3938176401147628,0.39619665049198954,True,0.0693357556146703,0.010979850017233136,1343.0,,0.017265193370165747,False,NO_EVIDENCE
layer1__acceptance__score,NUMERIC,20,ic_raw,7,-0.02348417149703434,-1.3885602159554975,0.3973368620161758,True,-0.010801351046794168,-0.03299628683471447,1343.0,,0.017334254143646408,False,NO_EVIDENCE
mp_rule_hits,NUMERIC,20,ic_raw,7,0.027123558620437433,1.374853264047551,0.4003364675226883,True,0.05141306715724547,0.008906427217831405,1206.0,,0.017403314917127072,False,NO_EVIDENCE
regime_sensitivity,NUMERIC,1,ic_thesis,8,-0.013911805316086968,-0.8951406512378577,0.4004435388196666,True,-0.016606043404554564,-0.011217567227619374,603.0,,0.017472375690607736,False,NO_EVIDENCE
layer2__ret_pctl_5d_p70,NUMERIC,1,ic_thesis,8,0.019362791650825675,0.8909307259304542,0.4025488837904537,False,0.048732240602161206,-0.010006657300509852,1399.0,,0.017541436464088397,False,NO_EVIDENCE
sector_alignment_score,NUMERIC,5,ic_raw,14,-0.03188800844157164,-0.9442053342576524,0.4030253274487104,True,-0.06216823589846227,-0.001607780984680995,1358.0,,0.01761049723756906,False,NO_EVIDENCE
pcr_signal,LABEL,20,mean_signed_bps,7,42.93444098678143,1.3325158034270423,0.40985296699908297,True,77.90698195674115,16.70503525931165,1092.0,0.5078362560255345,0.017679558011049725,False,NO_EVIDENCE
layer2__expected_value_20d,NUMERIC,1,ic_raw,17,0.019859209999068907,0.8458562309440548,0.4101051688066245,True,0.0016248192962846405,0.036067557290432706,1379.0,,0.01774861878453039,False,NO_EVIDENCE
expected_value_20d,NUMERIC,1,ic_raw,17,0.019859209999068907,0.8458562309440548,0.4101051688066245,True,0.0016248192962846405,0.036067557290432706,1379.0,,0.01781767955801105,False,NO_EVIDENCE
actuarial_penalty,NUMERIC,1,ic_raw,8,0.04233411402305837,0.8661664216775178,0.4150976836026846,False,0.12243744192549927,-0.037769213879382514,1446.0,,0.017886740331491714,False,NO_EVIDENCE
actuarial_expected_move_10d__vg,NUMERIC,1,ic_thesis,8,0.019866943175069943,0.8655411228033187,0.41541817819581855,False,0.05688032296801493,-0.017146436617875033,1379.0,,0.01795580110497238,False,NO_EVIDENCE
median_gain_if_up_10d,NUMERIC,1,ic_thesis,8,0.019866943175069943,0.8655411228033187,0.41541817819581855,False,0.05688032296801493,-0.017146436617875033,1379.0,,0.01802486187845304,False,NO_EVIDENCE
layer2__median_gain_if_up_10d,NUMERIC,1,ic_thesis,8,0.019866943175069943,0.8655411228033187,0.41541817819581855,False,0.05688032296801493,-0.017146436617875033,1379.0,,0.018093922651933703,False,NO_EVIDENCE
ev2_cost_theta,NUMERIC,1,ic_raw,17,0.01155546227974011,0.835931406854107,0.41550327317079233,False,0.024632918413611454,-6.894317258996694e-05,1379.0,,0.018162983425414364,False,NO_EVIDENCE
edge_direction,LABEL,1,mean_signed_bps,17,4.383197314350381,0.831365426647129,0.4180020905003993,False,10.909866999419865,-1.4182868501558266,708.0,0.512024975906245,0.018232044198895028,False,NO_EVIDENCE
vanguard_edge_direction,LABEL,1,mean_signed_bps,17,4.383197314350381,0.831365426647129,0.4180020905003993,False,10.909866999419865,-1.4182868501558266,708.0,0.512024975906245,0.01830110497237569,False,NO_EVIDENCE
vanguard_edge_direction_flat,LABEL,1,mean_signed_bps,17,4.383197314350381,0.831365426647129,0.4180020905003993,False,10.909866999419865,-1.4182868501558266,708.0,0.512024975906245,0.018370165745856353,False,NO_EVIDENCE
layer2__edge_direction,LABEL,1,mean_signed_bps,17,4.383197314350381,0.831365426647129,0.4180020905003993,False,10.909866999419865,-1.4182868501558266,708.0,0.512024975906245,0.018439226519337017,False,NO_EVIDENCE
vega_risk_pct,NUMERIC,20,ic_raw,7,0.11147948096566306,1.2969202196449958,0.41815875226397575,True,0.018409823267229532,0.1812817242394882,550.0,,0.01850828729281768,False,NO_EVIDENCE
ivp_252d,NUMERIC,1,ic_thesis,8,0.00968368571546959,0.8592772342734645,0.4186385945964084,False,-0.0008168769418603929,0.02018424837279957,602.0,,0.018577348066298346,False,NO_EVIDENCE
win_rate_10d,NUMERIC,1,ic_raw,17,-0.021911132659116872,-0.8301144416243832,0.4186884050502713,False,0.015211117416745912,-0.054908688282106016,1379.0,,0.018646408839779006,False,NO_EVIDENCE
actuarial_win_rate_10d,NUMERIC,1,ic_raw,17,-0.021911132659116872,-0.8301144416243832,0.4186884050502713,False,0.015211117416745912,-0.054908688282106016,1379.0,,0.01871546961325967,False,NO_EVIDENCE
atm_iv,NUMERIC,1,ic_raw,17,-0.03827497735863199,-0.8291803188828042,0.41920135654285845,False,0.00414198434807511,-0.07597894332014941,1262.0,,0.01878453038674033,False,NO_EVIDENCE
ev2_cost_theta,NUMERIC,5,ic_raw,14,0.02443436718424973,0.9084878025218269,0.4193356074254173,True,0.020260868406227338,0.028607865962272112,1358.0,,0.018853591160220996,False,NO_EVIDENCE
ev2_cost_theta,NUMERIC,20,ic_raw,7,0.032757874787404086,1.2836750804338888,0.4213229565582353,True,0.059588132030040396,0.012635181855426843,1343.0,,0.018922651933701656,False,NO_EVIDENCE
sector_alignment_score,NUMERIC,10,ic_raw,10,-0.04321132491531379,-1.277957408910452,0.4227014840182677,True,-0.07549352663475836,-0.010929123195869212,1325.5,,0.01899171270718232,False,NO_EVIDENCE
layer2__state_match_similarity,NUMERIC,1,ic_raw,17,0.019148801880606754,0.8227858342931555,0.4227236047415731,False,-0.0070928100622728975,0.04247467916316645,1379.0,,0.019060773480662985,False,NO_EVIDENCE
estimated_R,NUMERIC,1,ic_raw,17,0.019850338974615796,0.8219748046106963,0.4231716951871375,True,0.005608627577189582,0.03250963799455021,603.0,,0.01912983425414365,False,NO_EVIDENCE
max_convex_r_multiple,NUMERIC,1,ic_raw,17,0.019850338974615796,0.8219748046106963,0.4231716951871375,True,0.005608627577189582,0.03250963799455021,603.0,,0.019198895027624313,False,NO_EVIDENCE
rr_options,NUMERIC,1,ic_raw,17,0.019850338974615796,0.8219748046106963,0.4231716951871375,True,0.005608627577189582,0.03250963799455021,603.0,,0.019267955801104974,False,NO_EVIDENCE
layer2__raw_prob_down_20d,NUMERIC,1,ic_raw,17,-0.025665492263394422,-0.8201732783523754,0.4241681205485208,True,-0.001540611766844049,-0.04710983048255031,1379.0,,0.019337016574585638,False,NO_EVIDENCE
layer1__control__aggression__buy_aggressive,NUMERIC,1,ic_raw,11,0.014832861994264555,0.8304485794681931,0.42566739223161437,True,0.010137439422530323,0.018745714137376416,1307.0,,0.0194060773480663,False,NO_EVIDENCE
layer2__ret_pctl_10d_p80,NUMERIC,1,ic_thesis,8,0.01834115625071725,0.8428036926277485,0.4271937942143895,False,0.05067110567364182,-0.013988793172207317,1399.0,,0.019475138121546963,False,NO_EVIDENCE
ivp_30d,NUMERIC,5,ic_raw,14,-0.03133212350829413,-0.8892207497896872,0.4283656763818402,True,-0.012446842346281758,-0.050217404670306505,585.0,,0.019544198895027624,False,NO_EVIDENCE
actuarial_win_rate_10d,NUMERIC,20,ic_raw,7,0.04841607323105313,1.2514027411460442,0.4292051705980487,True,0.09788813626156485,0.01131202595816933,1343.0,,0.019613259668508288,False,NO_EVIDENCE
win_rate_10d,NUMERIC,20,ic_raw,7,0.04841607323105313,1.2514027411460442,0.4292051705980487,True,0.09788813626156485,0.01131202595816933,1343.0,,0.019682320441988952,False,NO_EVIDENCE
contract_iv,NUMERIC,20,ic_raw,7,-0.12190415442785194,-1.2504222845795836,0.42944853554535845,True,-0.0010772648724844912,-0.2125243215943775,550.0,,0.019751381215469613,False,NO_EVIDENCE
direction_resolution_put_score,NUMERIC,1,ic_raw,8,0.027914510017722303,0.834001068983568,0.4318161569647614,False,0.0573694969831951,-0.001540476947750502,1446.0,,0.019820441988950277,False,NO_EVIDENCE
ev_ratio,NUMERIC,1,ic_raw,17,0.019539505170823628,0.8046438324717587,0.43281967500869795,True,0.007234335843193023,0.030477433462050833,603.0,,0.01988950276243094,False,NO_EVIDENCE
catalyst_truth_score,NUMERIC,5,ic_raw,14,-0.03670412844796561,-0.8794457766062025,0.43300945340101266,True,-0.02149303464150093,-0.051915222254430286,1358.0,,0.019958563535911605,False,NO_EVIDENCE
mp_priority_score,NUMERIC,1,ic_raw,17,0.011110251606742028,0.8042858827409497,0.43302040320007856,True,0.021656326287007834,0.0017359630020613126,1264.0,,0.020027624309392266,False,NO_EVIDENCE
iv_gex_entry_quality,NUMERIC,1,ic_thesis,8,-0.013972478231988163,-0.8311986735283443,0.4332951613580455,True,-0.0009527578077582095,-0.026992198656218113,1379.0,,0.02009668508287293,False,NO_EVIDENCE
VWAP,NUMERIC,5,ic_raw,14,0.03069698507037009,0.8784906021542759,0.43346548546182095,False,-0.009555107610951031,0.07094907775169122,1358.0,,0.020165745856353594,False,NO_EVIDENCE
iv_score,NUMERIC,20,ic_raw,7,0.03489359431271295,1.2308495196642548,0.4343558855134572,True,0.06539999060494366,0.012013797093539925,1343.0,,0.020234806629834255,False,NO_EVIDENCE
options_direction,LABEL,1,mean_signed_bps,17,6.072148054148685,0.801810666636405,0.43441004996780413,True,2.313337311058657,9.4133131591176,1086.0,0.5075894266893485,0.02030386740331492,False,NO_EVIDENCE
layer2__ret_pctl_5d_p60,NUMERIC,1,ic_thesis,8,0.01543080007649568,0.8253912255074898,0.43637154570139175,False,0.03795917705909099,-0.007097576906099625,1399.0,,0.02037292817679558,False,NO_EVIDENCE
layer2__kelly_fraction,NUMERIC,1,ic_raw,17,-0.026418918964193065,-0.798217181109181,0.43643253872934745,False,0.007615946487767667,-0.05667213269926927,1379.0,,0.020441988950276244,False,NO_EVIDENCE
options_score,NUMERIC,20,ic_raw,7,0.02489270141713601,1.2213251045590587,0.43677808047079253,True,0.042869095373603276,0.011410405949785561,1343.0,,0.020511049723756905,False,NO_EVIDENCE
options_score_phantom_adjusted,NUMERIC,20,ic_raw,7,0.02489270141713601,1.2213251045590587,0.43677808047079253,True,0.042869095373603276,0.011410405949785561,1343.0,,0.02058011049723757,False,NO_EVIDENCE
contract_delta,NUMERIC,1,ic_raw,17,0.019094784003655062,0.7972758076447306,0.43696334496726064,True,0.005038950440411404,0.03158885828209387,603.0,,0.020649171270718233,False,NO_EVIDENCE
phantom_info_flow_score,NUMERIC,20,ic_raw,7,0.017914887312743297,1.2173787068193258,0.4377883496478519,True,0.03384138537067987,0.005970013769290867,1343.0,,0.020718232044198898,False,NO_EVIDENCE
phantom_info_flow,NUMERIC,20,ic_raw,7,0.017914887312743297,1.2173787068193258,0.4377883496478519,True,0.03384138537067987,0.005970013769290867,1343.0,,0.020787292817679562,False,NO_EVIDENCE
wyckoff_transition_conf,NUMERIC,20,ic_raw,7,0.026381396802765533,1.2171262844654993,0.4378531023682979,True,0.04843786119647245,0.009839048507485347,1343.0,,0.020856353591160223,False,NO_EVIDENCE
crabel_compression,NUMERIC,5,ic_raw,14,0.04006158395216624,0.868975323308358,0.4380303846305433,True,0.04930076744368454,0.030822400460647936,1358.0,,0.020925414364640887,False,NO_EVIDENCE
layer2__raw_prob_up_20d,NUMERIC,1,ic_raw,17,0.024870299270070038,0.7906625157063258,0.4407038125814999,True,0.0017657009116689264,0.04540772003309326,1379.0,,0.020994475138121547,False,NO_EVIDENCE
tier,NUMERIC,1,ic_thesis,8,-0.016960130457124967,-0.8153735944351738,0.44171437217218046,True,-0.03294754609806275,-0.0009727148161871825,1379.0,,0.02106353591160221,False,NO_EVIDENCE
win_rate_20d__vg,NUMERIC,1,ic_raw,17,0.02476532063380724,0.7877765662195794,0.4423423887261345,True,0.0015426213096104754,0.04540772003309326,1379.0,,0.021132596685082872,False,NO_EVIDENCE
layer2__win_rate_20d,NUMERIC,1,ic_raw,17,0.02476532063380724,0.7877765662195794,0.4423423887261345,True,0.0015426213096104754,0.04540772003309326,1379.0,,0.021201657458563537,False,NO_EVIDENCE
actuarial_efficiency_10d__vg,NUMERIC,1,ic_thesis,8,0.0107784916018521,0.8132118026465477,0.4428733505459977,False,-0.008313170675155718,0.02987015387885992,1379.0,,0.0212707182320442,False,NO_EVIDENCE
layer2__ret_pctl_10d_p50,NUMERIC,5,ic_raw,12,0.045788922905947195,0.8799742411042812,0.4436646166477854,True,0.01723498146515474,0.07434286434673966,1358.0,,0.02133977900552486,False,NO_EVIDENCE
ev2_ev_10d,NUMERIC,5,ic_raw,14,-0.015364435077487823,-0.8556569808379652,0.4444869852796483,False,0.00562649194416968,-0.036355362099145326,1358.0,,0.021408839779005526,False,NO_EVIDENCE
contract_theta,NUMERIC,1,ic_raw,17,-0.01858502214665533,-0.7795224403859484,0.4470499365936707,False,-0.04005053213620107,0.0004954311773853314,603.0,,0.02147790055248619,False,NO_EVIDENCE
EMA9,NUMERIC,5,ic_raw,14,0.030149237257337303,0.8480572679218917,0.4482064334430884,False,-0.00877679483797649,0.0690752693526511,1358.0,,0.021546961325966854,False,NO_EVIDENCE
eil_iv_score,NUMERIC,10,ic_raw,10,0.04098695515683298,1.1718546632879974,0.44973024999087763,True,0.03739280682715941,0.044581103486506554,1325.5,,0.021616022099447515,False,NO_EVIDENCE
l3_vol_forecast_conf,NUMERIC,1,ic_thesis,8,0.01417231459659899,0.7992648833937529,0.45040171493963777,True,0.02379849280875156,0.004546136384446424,1376.0,,0.02168508287292818,False,NO_EVIDENCE
EMA21,NUMERIC,5,ic_raw,14,0.029783923490600685,0.8411678918442752,0.4516003457533059,False,-0.010434584590211614,0.07000243157141298,1358.0,,0.021754143646408843,False,NO_EVIDENCE
layer2__median_gain_if_up,NUMERIC,1,ic_thesis,8,0.021445330918572564,0.7964020160079862,0.4519579970643381,False,0.06034508057752115,-0.017454418740376027,1379.0,,0.021823204419889504,False,NO_EVIDENCE
layer2__baseline_probability,NUMERIC,1,ic_raw,17,0.016801995142589798,0.7657675859544907,0.4549637567697511,False,-0.00465182512449158,0.035872057602217684,1379.0,,0.021892265193370168,False,NO_EVIDENCE
lift_proxy_score,NUMERIC,5,ic_raw,14,-0.029454078224065698,-0.8332598239362204,0.4555220431673619,True,-0.03922995512074388,-0.019678201327387516,1358.0,,0.02196132596685083,False,NO_EVIDENCE
pse_suggested_contracts,NUMERIC,10,ic_raw,10,0.03415126939080913,1.1402347228475658,0.4583462681987169,True,0.05125218001764671,0.01705035876397156,1325.5,,0.022030386740331493,False,NO_EVIDENCE
phantom_info_flow_ratio,NUMERIC,20,ic_raw,7,0.02459017749879402,1.1371469793295241,0.45920218782133826,True,0.039878701995436965,0.013123784126311813,1343.0,,0.022099447513812154,False,NO_EVIDENCE
contract_iv,NUMERIC,5,ic_raw,13,-0.07810773192983476,-0.8351384787504172,0.45928397428978784,True,-0.022753505246162747,-0.12555421194441077,597.0,,0.022168508287292818,False,NO_EVIDENCE
vega_risk_pct,NUMERIC,1,ic_raw,17,0.033913855675642424,0.7574859295762189,0.4597700470644235,False,-0.012970186403486225,0.07558855974597901,603.0,,0.022237569060773482,False,NO_EVIDENCE
layer2__ret_pctl_5d_p99,NUMERIC,1,ic_raw,15,-0.024740191830900544,-0.7579655421010532,0.46104081130009367,True,-0.017188750091593177,-0.03134770335279449,1399.0,,0.022306629834254146,False,NO_EVIDENCE
expected_move_5d,NUMERIC,1,ic_raw,17,0.01454014394773317,0.7541738528567296,0.4617009149879779,True,0.008024092027447154,0.020332190099098514,1379.0,,0.02237569060773481,False,NO_EVIDENCE
layer2__ret_pctl_20d_p50,NUMERIC,5,ic_raw,12,0.04564151538481818,0.8414793838331527,0.46186411305710784,False,-0.012145023227508945,0.10342805399714532,1358.0,,0.02244475138121547,False,NO_EVIDENCE
theta_decay_expected,NUMERIC,10,ic_raw,10,0.018985465772656897,1.1266971072194565,0.4621184116197655,True,0.011230306881789168,0.026740624663524625,551.0,,0.022513812154696135,False,NO_EVIDENCE
theta_drag_pct,NUMERIC,10,ic_raw,10,0.018985465772656897,1.1266971072194565,0.4621184116197655,True,0.011230306881789168,0.026740624663524625,551.0,,0.022582872928176796,False,NO_EVIDENCE
layer2__avg_momentum_delta,NUMERIC,1,ic_raw,17,-0.012518628098341627,-0.7523263124412519,0.46278014380378113,False,-0.03289580071204914,0.005594414224953936,1379.0,,0.02265193370165746,False,NO_EVIDENCE
trigger_ev_10d,NUMERIC,1,ic_raw,10,-0.011842397773441437,-0.7666508012724136,0.46292374951073617,False,0.006522625031210568,-0.030207420578093447,1326.5,,0.02272099447513812,False,NO_EVIDENCE
rr,NUMERIC,10,ic_raw,10,-0.015067040677191817,-1.1218509890829678,0.46348110977829216,True,-0.009004122748732198,-0.02112995860565144,1325.5,,0.022790055248618785,False,NO_EVIDENCE
rr_underlying,NUMERIC,10,ic_raw,10,-0.015067040677191817,-1.1218509890829678,0.46348110977829216,True,-0.009004122748732198,-0.02112995860565144,1325.5,,0.02285911602209945,False,NO_EVIDENCE
direction_resolution_margin,NUMERIC,1,ic_thesis,8,-0.009643936354966406,-0.7725050163493303,0.4650936332459433,False,0.014980494162038121,-0.034268366871970934,1446.0,,0.02292817679558011,False,NO_EVIDENCE
vanguard_fwd_momentum_conf,NUMERIC,20,ic_raw,7,0.029764365684265888,1.112998133148395,0.46598748207870067,True,0.022648121095431035,0.035101549125892036,1343.0,,0.022997237569060774,False,NO_EVIDENCE
actuarial_efficiency_10d__vg,NUMERIC,1,ic_raw,17,0.005078009697848268,0.7464650221467509,0.466214168042299,False,0.011819933030810942,-0.0009148110425629967,1379.0,,0.02306629834254144,False,NO_EVIDENCE
early_formation_score,NUMERIC,5,ic_raw,12,-0.042763373116781474,-0.827194837290708,0.46878190069274767,True,-0.07787351470624822,-0.007653231527314734,693.5,,0.023135359116022103,False,NO_EVIDENCE
layer1__acceptance__score,NUMERIC,1,ic_raw,11,-0.012920665654346603,-0.7527612083478418,0.46894339726134054,True,-0.012975753132996561,-0.012874759422138301,1307.0,,0.023204419889502764,False,NO_EVIDENCE
force_alignment_score,NUMERIC,1,ic_raw,17,-0.018995363340574705,-0.7409882840549694,0.46943686380767286,True,-0.01664310250586089,-0.021086261860320327,1379.0,,0.023273480662983428,False,NO_EVIDENCE
contract_charm,NUMERIC,1,ic_raw,17,-0.01538887215081785,-0.7407681281347113,0.4695666926230068,False,0.015513708058506895,-0.04285783233688429,603.0,,0.02334254143646409,False,NO_EVIDENCE
trend_inertia,NUMERIC,10,ic_raw,10,0.054452234622786866,1.0908183060853982,0.4723646916641164,True,0.019698866347266895,0.0892056028983068,1325.5,,0.023411602209944753,False,NO_EVIDENCE
layer2__prob_down_5pct_first,NUMERIC,1,ic_raw,17,-0.023671908002618522,-0.7346721452543875,0.4731702045554074,False,0.0028435315511186575,-0.047241187605940455,1379.0,,0.023480662983425417,False,NO_EVIDENCE
layer2__ret_pctl_5d_p95,NUMERIC,1,ic_raw,15,-0.025307539806307493,-0.7370847393967488,0.4732434996375658,True,-0.021706648496370325,-0.02845831970250251,1399.0,,0.023549723756906078,False,NO_EVIDENCE
directional_force,NUMERIC,1,ic_raw,8,-0.04390759719708689,-0.7574559482366118,0.4734981902941293,False,-0.12848185153519837,0.04066665714102462,1446.0,,0.023618784530386742,False,NO_EVIDENCE
abnormal_repricing_score,NUMERIC,1,ic_raw,17,-0.018592138203304246,-0.7336396495715428,0.47378219053156334,True,-0.01792450350900838,-0.01918559126490057,1379.0,,0.023687845303867403,False,NO_EVIDENCE
phantom_market_implied_prob,NUMERIC,1,ic_thesis,8,-0.007004705474073817,-0.7552512990744594,0.47473799717184983,False,-0.017030787594095417,0.003021376645947783,1379.0,,0.023756906077348067,False,NO_EVIDENCE
layer2__ret_pctl_5d_p99,NUMERIC,1,ic_thesis,8,0.018116761543981084,0.7550427870580069,0.4748553690670709,False,0.05697875074235666,-0.02074522765439449,1399.0,,0.02382596685082873,False,NO_EVIDENCE
EMA50,NUMERIC,5,ic_raw,14,0.028263488894126616,0.7939131312977892,0.47544724214724027,False,-0.013324712347285059,0.06985169013553828,1358.0,,0.023895027624309395,False,NO_EVIDENCE
ev2_quality_score,NUMERIC,1,ic_raw,17,-0.01627489357966717,-0.728525742019132,0.4768203538742907,True,-0.0023978842152660995,-0.028610013014690343,1379.0,,0.02396408839779006,False,NO_EVIDENCE
layer2__ret_pctl_20d_p99,NUMERIC,1,ic_raw,15,-0.024121386916132134,-0.7304861624314367,0.4771403865575052,True,-0.019370875919026174,-0.028278084038599847,1399.0,,0.02403314917127072,False,NO_EVIDENCE
directional_fit_score,NUMERIC,1,ic_raw,9,0.017324713738946458,0.7342165543039398,0.4837779911806194,False,0.04778766249907255,-0.0070456452691544215,1346.0,,0.024102209944751384,False,NO_EVIDENCE
layer2__ret_pctl_10d_p99,NUMERIC,1,ic_raw,15,-0.023981935618103408,-0.7191937218020835,0.48385435584408043,True,-0.02002920922472076,-0.02744057121231322,1399.0,,0.024171270718232045,False,NO_EVIDENCE
layer1__control__efficiency__efficiency_score,NUMERIC,10,ic_raw,10,-0.08737365660156839,-1.0486236292112852,0.48489280676061325,True,-0.03235836213701286,-0.1423889510661239,1325.5,,0.02424033149171271,False,NO_EVIDENCE
expected_move_10d,NUMERIC,1,ic_raw,17,0.019632595593628992,0.7148458120502778,0.48500481380088384,True,0.005435736987400117,0.03225202546583244,1379.0,,0.02430939226519337,False,NO_EVIDENCE
actuarial_expected_move_10d,NUMERIC,1,ic_raw,17,0.019632595593628992,0.7148458120502778,0.48500481380088384,True,0.005435736987400117,0.03225202546583244,1379.0,,0.024378453038674034,False,NO_EVIDENCE
composite_score,NUMERIC,5,ic_raw,14,-0.028701080878273538,-0.7734126799713267,0.4861011365944845,False,0.0004583031936763133,-0.05786046495022339,1358.0,,0.024447513812154695,False,NO_EVIDENCE
prob_rejection,NUMERIC,5,ic_raw,14,0.028701080878273538,0.7734126799713267,0.4861011365944845,False,-0.0004583031936763133,0.05786046495022339,1358.0,,0.02451657458563536,False,NO_EVIDENCE
composite,NUMERIC,5,ic_raw,14,-0.028701080878273538,-0.7734126799713267,0.4861011365944845,False,0.0004583031936763133,-0.05786046495022339,1358.0,,0.024585635359116023,False,NO_EVIDENCE
prob_breakout,NUMERIC,5,ic_raw,14,-0.02869942223548454,-0.7733795487389985,0.4861185055708364,False,0.0004650272034858272,-0.0578638716744549,1358.0,,0.024654696132596687,False,NO_EVIDENCE
layer2__ret_pctl_5d_p50,NUMERIC,10,ic_raw,8,0.07107179981280792,1.0404113889325541,0.4873930687120198,True,0.04161318822444263,0.10053041140117322,1325.5,,0.02472375690607735,False,NO_EVIDENCE
phantom_bayesian_score,NUMERIC,20,ic_raw,7,0.036604174249073286,1.0396452312385565,0.48762737758579505,False,0.08549253026527744,-6.209276307984153e-05,1343.0,,0.024792817679558012,False,NO_EVIDENCE
layer2__ret_pctl_5d_p20,NUMERIC,1,ic_thesis,8,-0.020168947055411633,-0.7321323130493879,0.4878703794601661,False,-0.0676360102063652,0.02729811609554192,1399.0,,0.024861878453038676,False,NO_EVIDENCE
phantom_iv_surface_entropy,NUMERIC,1,ic_thesis,8,0.019095915351475326,0.7319809341206112,0.48795715484951874,False,0.03913234013713817,-0.000940509434187514,1379.0,,0.024930939226519337,False,NO_EVIDENCE
layer2__ret_pctl_5d_p20,NUMERIC,1,ic_raw,15,0.026369914026490828,0.7108584484328849,0.4888464412755556,True,0.0232619907355671,0.029089346906049095,1399.0,,0.025,False,NO_EVIDENCE
gamma_flip,NUMERIC,1,ic_thesis,8,-0.01356594535932245,-0.7301818327406766,0.4889892404641539,True,-0.01557898615234431,-0.011552904566300592,1262.0,,0.025069060773480662,False,NO_EVIDENCE
options_score,NUMERIC,1,ic_raw,17,0.012387731741296641,0.7082047119401961,0.4890079698193611,True,0.02086289062468155,0.004854257178287836,1379.0,,0.02513812154696133,False,NO_EVIDENCE
options_score_phantom_adjusted,NUMERIC,1,ic_raw,17,0.012387731741296641,0.7082047119401961,0.4890079698193611,True,0.02086289062468155,0.004854257178287836,1379.0,,0.02520718232044199,False,NO_EVIDENCE
prob_drift,NUMERIC,5,ic_raw,14,0.028374296308364546,0.7677869971023997,0.48905736655958815,False,-0.0016050006887707976,0.05835359330549989,1358.0,,0.02527624309392265,False,NO_EVIDENCE
layer2__ret_pctl_5d_p80,NUMERIC,1,ic_thesis,8,0.016577038537911655,0.7298788243982797,0.4891632082380146,False,0.05367843405005704,-0.02052435697423373,1399.0,,0.025345303867403315,False,NO_EVIDENCE
composite_adjusted,NUMERIC,5,ic_raw,14,-0.028498591204814707,-0.7664629951344981,0.4897551543233375,False,0.0002750378824172304,-0.05727222029204664,1358.0,,0.02541436464088398,False,NO_EVIDENCE
layer2__avg_atr_delta,NUMERIC,5,ic_raw,14,-0.032057400687267444,-0.7648257025276272,0.49061913023938064,True,-0.04630217074830706,-0.017812630626227833,1358.0,,0.025483425414364644,False,NO_EVIDENCE
eil_composite_score,NUMERIC,20,ic_raw,7,0.019814107452808243,1.0265451930733853,0.4916615585853075,True,0.0058806100941384025,0.030264230471810632,1343.0,,0.025552486187845305,False,NO_EVIDENCE
layer2__ret_pctl_5d_p30,NUMERIC,1,ic_raw,15,0.02745248292071759,0.7032447459335146,0.49343318623925214,True,0.0253989503709395,0.029249323901773414,1399.0,,0.025621546961325972,False,NO_EVIDENCE
layer2__ret_pctl_10d_p20,NUMERIC,1,ic_raw,15,0.02575021540044952,0.702139490634131,0.49410114951490514,True,0.02223946163234482,0.028822124947541133,1399.0,,0.025690607734806633,False,NO_EVIDENCE
layer2__ret_pctl_20d_p90,NUMERIC,1,ic_thesis,8,0.018808141057433652,0.7212960227602081,0.4941078508874559,False,0.06132442090392949,-0.023708138789062187,1399.0,,0.025759668508287294,False,NO_EVIDENCE
efficiency_10d,NUMERIC,1,ic_raw,17,0.017078696613378436,0.6985154723281504,0.4948833553915949,True,0.00556368686184763,0.027314260836961368,1379.0,,0.025828729281767954,False,NO_EVIDENCE
actuarial_efficiency_10d,NUMERIC,1,ic_raw,17,0.017078696613378436,0.6985154723281504,0.4948833553915949,True,0.00556368686184763,0.027314260836961368,1379.0,,0.025897790055248622,False,NO_EVIDENCE
fusion_contradictions,NUMERIC,20,ic_raw,7,-0.028491306788546982,-1.0157670947585553,0.4950205360517761,True,-0.036071842826999066,-0.02280590475970793,1343.0,,0.025966850828729283,False,NO_EVIDENCE
phantom_score,NUMERIC,1,ic_raw,17,0.0054129361158154875,0.6968732252915583,0.49588326983773334,False,0.012676179247281757,-0.0010432800010434188,1379.0,,0.026035911602209943,False,NO_EVIDENCE
phantom_bayesian_edge,NUMERIC,20,ic_raw,7,0.03778912099295733,1.012565390010921,0.4960253357085333,True,0.08609689233576807,0.0015582924858492542,1343.0,,0.02610497237569061,False,NO_EVIDENCE
phantom_bayesian_edge_pp,NUMERIC,20,ic_raw,7,0.03778912099295733,1.012565390010921,0.4960253357085333,True,0.08609689233576807,0.0015582924858492542,1343.0,,0.026174033149171272,False,NO_EVIDENCE
ivp_252d,NUMERIC,20,ic_raw,7,-0.03601458111637991,-1.0086386770005968,0.49726206672139034,True,-0.06425579049378564,-0.014833674083325617,547.0,,0.026243093922651936,False,NO_EVIDENCE
adx_14,NUMERIC,1,ic_thesis,8,0.010665137599618804,0.7142130906312556,0.49821301392870276,False,0.023901305745122205,-0.0025710305458845964,1379.0,,0.026312154696132597,False,NO_EVIDENCE
layer2__median_loss_if_down_5d,NUMERIC,1,ic_thesis,8,-0.018060064824714193,-0.7142032226342049,0.4982187487636727,False,-0.0619089414944157,0.025788811844987308,1379.0,,0.026381215469613264,False,NO_EVIDENCE
median_loss_if_down_5d,NUMERIC,1,ic_thesis,8,-0.018060064824714193,-0.7142032226342049,0.4982187487636727,False,-0.0619089414944157,0.025788811844987308,1379.0,,0.026450276243093925,False,NO_EVIDENCE
iv_percentile,NUMERIC,20,ic_raw,7,-0.034476589787699345,-1.0049297282383134,0.4984346802283481,True,-0.06989309145354321,-0.007914213538316447,1305.0,,0.026519337016574586,False,NO_EVIDENCE
contract_delta,NUMERIC,20,ic_raw,7,-0.06415255185670574,-1.0048519202563293,0.4984593264431682,True,-0.1197175895955006,-0.022478773552609587,550.0,,0.026588397790055247,False,NO_EVIDENCE
force_alignment_score,NUMERIC,1,ic_thesis,8,-0.010633830300758736,-0.7131847686287315,0.4988108598045113,False,0.00830082949545435,-0.029568490096971822,1379.0,,0.026657458563535914,False,NO_EVIDENCE
wyckoff_transition_conf,NUMERIC,1,ic_thesis,8,0.009978903276076485,0.7085827413125,0.501492108998718,True,0.016369370112327846,0.003588436439825123,1379.0,,0.026726519337016575,False,NO_EVIDENCE
volatility_pressure,NUMERIC,20,ic_raw,7,0.0713829731475656,0.9930318348828704,0.5022257816146588,False,-0.02732072236763373,0.1454107447839651,1343.0,,0.026795580110497236,False,NO_EVIDENCE
layer2__ret_pctl_10d_p40,NUMERIC,1,ic_raw,15,0.02685152803441026,0.6873637787921274,0.503082285875144,True,0.02206231215533875,0.031042091928597835,1399.0,,0.026864640883977903,False,NO_EVIDENCE
layer2__probability_edge,NUMERIC,1,ic_thesis,8,0.01849483642606543,0.7057097127654005,0.5031707396716472,False,0.0613175887755253,-0.024327915923394436,1379.0,,0.026933701657458564,False,NO_EVIDENCE
trigger_score,NUMERIC,10,ic_raw,10,-0.04160491585199086,-0.989896570891396,0.5032323225047535,True,-0.03037022053108116,-0.05283961117290056,1325.5,,0.02700276243093923,False,NO_EVIDENCE
shock_sensitivity,NUMERIC,20,ic_raw,7,0.0718112940165676,0.9861279648305389,0.5044463742663912,False,-0.028138883016606803,0.1467739267914484,1343.0,,0.02707182320441989,False,NO_EVIDENCE
layer2__ret_pctl_20d_p99,NUMERIC,1,ic_thesis,8,0.01607335110235421,0.7022075950818565,0.5052218455071336,False,0.05468392051043464,-0.02253721830572622,1399.0,,0.027140883977900557,False,NO_EVIDENCE
wyckoff_score,NUMERIC,10,ic_raw,10,0.04447409358226339,0.9831698610428999,0.5054025337087347,True,0.07168993483390176,0.017258252330625022,1325.5,,0.027209944751381217,False,NO_EVIDENCE
phase_strength,NUMERIC,1,ic_raw,15,0.006830671492187833,0.6821892844491424,0.506250019822643,True,0.014541008888542515,8.41262703774842e-05,677.0,,0.027279005524861878,False,NO_EVIDENCE
layer2__ret_pctl_20d_p95,NUMERIC,1,ic_raw,15,-0.024671750410578005,-0.6821437117305725,0.506277970298791,True,-0.022740985249482155,-0.026361169926536872,1399.0,,0.027348066298342546,False,NO_EVIDENCE
phantom_info_flow_ratio,NUMERIC,1,ic_raw,17,0.011099840332603472,0.6797623391491622,0.5063715782406041,False,0.029009305531070596,-0.004819684288256189,1379.0,,0.027417127071823207,False,NO_EVIDENCE
layer2__ret_pctl_5d_p05,NUMERIC,1,ic_raw,15,0.02324125880936289,0.6818721483890714,0.5064445431141109,True,0.01844814353873155,0.027435234671165327,1399.0,,0.027486187845303867,False,NO_EVIDENCE
layer1__scenarios__conditional_near__probability_estimate,NUMERIC,10,ic_raw,10,-0.04241175607100635,-0.9782580248089192,0.5069964655078217,True,-0.03891432659422665,-0.045909185547786044,1325.5,,0.027555248618784528,False,NO_EVIDENCE
layer2__prob_up_10pct_20d,NUMERIC,1,ic_thesis,8,0.018504850222267614,0.6984225133812624,0.5074447398112852,False,0.06127128549607504,-0.02426158505153981,1379.0,,0.027624309392265196,False,NO_EVIDENCE
l3_expected_move_11_20d,NUMERIC,1,ic_raw,17,-0.03586299985184384,-0.6772302493201979,0.5079344517744508,False,0.011322869089165622,-0.07780599446607446,1376.0,,0.027693370165745856,False,NO_EVIDENCE
median_loss_if_down_10d,NUMERIC,1,ic_raw,17,0.02294456804653868,0.6771601291753023,0.5079777712502613,False,-0.005781771564825362,0.04847909214552894,1379.0,,0.02776243093922652,False,NO_EVIDENCE
layer2__median_loss_if_down_10d,NUMERIC,1,ic_raw,17,0.02294456804653868,0.6771601291753023,0.5079777712502613,False,-0.005781771564825362,0.04847909214552894,1379.0,,0.027831491712707185,False,NO_EVIDENCE
l3_expected_move_6_10d,NUMERIC,1,ic_raw,17,-0.03585044962000258,-0.6769665274388293,0.508097387364065,False,0.011336816497298525,-0.07779468616871468,1376.0,,0.02790055248618785,False,NO_EVIDENCE
l3_expected_move_1_5d,NUMERIC,1,ic_raw,17,-0.03584893792615866,-0.6769052796446616,0.5081352324582938,False,0.011325068484446515,-0.07778138806891881,1376.0,,0.02796961325966851,False,NO_EVIDENCE
market_energy_score,NUMERIC,20,ic_raw,7,-0.06985836710351596,-0.9745753331004067,0.5081966744839423,False,0.022348889677635476,-0.13901380968937954,1343.0,,0.02803867403314917,False,NO_EVIDENCE
contract_vega,NUMERIC,1,ic_thesis,8,-0.013300496096384904,-0.6970063685638137,0.508278027001959,True,-0.017091166607371526,-0.009509825585398281,603.0,,0.028107734806629838,False,NO_EVIDENCE
layer2__ret_pctl_10d_p30,NUMERIC,1,ic_raw,15,0.026365825319260343,0.6785551498216994,0.5084817193307418,True,0.024448683871388512,0.028043324086148177,1399.0,,0.0281767955801105,False,NO_EVIDENCE
prob_up_5pct_5d,NUMERIC,1,ic_thesis,8,0.017675335863729404,0.6951719806884326,0.5093587238935932,False,0.0602302458800649,-0.02487957415260609,1379.0,,0.02824585635359116,False,NO_EVIDENCE
layer2__prob_up_5pct_5d,NUMERIC,1,ic_thesis,8,0.017675335863729404,0.6951719806884326,0.5093587238935932,False,0.0602302458800649,-0.02487957415260609,1379.0,,0.028314917127071827,False,NO_EVIDENCE
layer2__ret_pctl_5d_p10,NUMERIC,1,ic_thesis,8,-0.017513338327003716,-0.6949056582996046,0.5095157455690288,False,-0.06233856288754521,0.027311886233537773,1399.0,,0.028383977900552488,False,NO_EVIDENCE
fusion_contradictions,NUMERIC,5,ic_raw,14,0.020248780868939387,0.7291499489711272,0.509739315143879,False,-0.016862007044212052,0.05735956878209082,1358.0,,0.02845303867403315,False,NO_EVIDENCE
layer2__ret_pctl_5d_p10,NUMERIC,1,ic_raw,15,0.023806829271975704,0.6753357065398988,0.5104635346794794,True,0.020476116311856637,0.026721203112079882,1399.0,,0.028522099447513813,False,NO_EVIDENCE
actuarial_risk_10d,NUMERIC,20,ic_raw,7,0.05809442842912645,0.9663639227775463,0.5108887797332955,False,-0.02344582989903081,0.1192496221752444,1343.0,,0.028591160220994477,False,NO_EVIDENCE
risk_10d,NUMERIC,20,ic_raw,7,0.05809442842912645,0.9663639227775463,0.5108887797332955,False,-0.02344582989903081,0.1192496221752444,1343.0,,0.02866022099447514,False,NO_EVIDENCE
layer2__ret_pctl_10d_p95,NUMERIC,1,ic_raw,15,-0.02377046690270442,-0.6736625272419412,0.5114952736672185,True,-0.02016639722943417,-0.026924027866815893,1399.0,,0.028729281767955802,False,NO_EVIDENCE
regime_instability_score,NUMERIC,20,ic_raw,7,0.058807167617415425,0.9644297455926089,0.5115261199660674,True,0.003998164979499346,0.09991391959585248,1343.0,,0.028798342541436463,False,NO_EVIDENCE
layer1__control__trend__sell_trend,NUMERIC,1,ic_raw,11,-0.02026051529880892,-0.6791928365844685,0.5124287688764805,False,0.01825828451492175,-0.05235951514358448,1307.0,,0.02886740331491713,False,NO_EVIDENCE
compression_energy,NUMERIC,20,ic_raw,7,-0.07052483174995858,-0.9585219793486354,0.5134804621023535,False,0.02941269661078731,-0.14547797802051798,1343.0,,0.02893646408839779,False,NO_EVIDENCE
adx_14,NUMERIC,20,ic_raw,7,0.020448358671016683,0.9566987410394285,0.514085938916653,True,0.006630419745367309,0.03081181286525371,1343.0,,0.029005524861878452,False,NO_EVIDENCE
layer2__ret_pctl_5d_p90,NUMERIC,1,ic_raw,15,-0.023472663401790765,-0.6678842994926769,0.5150676017676838,True,-0.02129320714948697,-0.025379687622556595,1399.0,,0.02907458563535912,False,NO_EVIDENCE
layer2__raw_expected_return,NUMERIC,1,ic_raw,17,0.007860158400805546,0.6654636559693998,0.5152333818285498,True,0.0003572064292567678,0.014529449042182237,1379.0,,0.02914364640883978,False,NO_EVIDENCE
ev2_quality_score,NUMERIC,5,ic_raw,14,-0.030404566551799,-0.7186672798344705,0.5154642316161435,False,0.0063447943210640486,-0.06715392742466206,1358.0,,0.02921270718232044,False,NO_EVIDENCE
vega_risk_pct,NUMERIC,5,ic_raw,14,0.0584795247912397,0.7151428752095871,0.5173998794861518,True,0.04171514554767113,0.07524390403480827,587.0,,0.029281767955801105,False,NO_EVIDENCE
layer2__ret_pctl_5d_p05,NUMERIC,1,ic_thesis,8,-0.016820969142359102,-0.6804423486997977,0.5180897517296583,False,-0.061035505207350044,0.027393566922631833,1399.0,,0.02935082872928177,False,NO_EVIDENCE
layer2__ret_pctl_10d_p05,NUMERIC,1,ic_thesis,8,-0.01728792777149045,-0.678265329175889,0.5193882037875706,False,-0.06342443801258976,0.028848582469608853,1399.0,,0.029419889502762434,False,NO_EVIDENCE
layer2__ret_pctl_5d_p50,NUMERIC,5,ic_raw,12,0.03501329818203699,0.7255777558361325,0.5205765560519687,True,0.02894000140770354,0.04108659495637044,1358.0,,0.029488950276243094,False,NO_EVIDENCE
layer2__ret_pctl_5d_p90,NUMERIC,1,ic_thesis,8,0.016662341273642765,0.6760625289126978,0.5207041267736103,False,0.05923500305582295,-0.025910320508537418,1399.0,,0.029558011049723762,False,NO_EVIDENCE
atr_pct,NUMERIC,1,ic_raw,17,-0.0338009936617147,-0.6539637473513433,0.5224242147273263,False,0.012822530245083286,-0.07524412602331292,1379.0,,0.029627071823204423,False,NO_EVIDENCE
layer2__ret_pctl_20d_p50,NUMERIC,1,ic_raw,15,0.02327968334102936,0.6555351517789643,0.5227503407557078,True,0.01956212161135268,0.026532549854496452,1399.0,,0.029696132596685083,False,NO_EVIDENCE
layer2__ret_pctl_5d_p30,NUMERIC,1,ic_thesis,8,-0.018990729200532554,-0.6726269177103664,0.5227607132226854,False,-0.0666056889266288,0.028624230525563683,1399.0,,0.029765193370165744,False,NO_EVIDENCE
layer2__ret_pctl_10d_p10,NUMERIC,1,ic_raw,15,0.023149679556002143,0.6547439188705751,0.5232448077409549,True,0.017580869117566372,0.028022388689633432,1399.0,,0.029834254143646412,False,NO_EVIDENCE
ev_structural,NUMERIC,1,ic_thesis,8,-0.023111404201913006,-0.6712747601573487,0.5235715277523681,False,-0.056232699907511556,0.010009891503685553,603.0,,0.029903314917127072,False,NO_EVIDENCE
wyckoff_score,NUMERIC,1,ic_raw,17,-0.011005125114207301,-0.6507772590519383,0.5244266707637164,False,0.005734056934028578,-0.025884398045972527,1379.0,,0.029972375690607733,False,NO_EVIDENCE
layer2__ret_pctl_10d_p10,NUMERIC,1,ic_thesis,8,-0.017236345936389494,-0.6673839131677263,0.5259090631364894,False,-0.06390429241163559,0.0294316005388566,1399.0,,0.0300414364640884,False,NO_EVIDENCE
ticker_sector_alignment_score,NUMERIC,10,ic_raw,8,-0.04365567225563424,-0.9210883793890479,0.5261354306210559,False,-0.09290313878413292,0.005591794272864442,1325.5,,0.03011049723756906,False,NO_EVIDENCE
layer2__prob_down_5pct_first,NUMERIC,1,ic_thesis,8,0.01767530438642423,0.6667362191188454,0.5262988179962778,False,0.061223505916231394,-0.02587289714338295,1379.0,,0.030179558011049726,False,NO_EVIDENCE
layer2__ret_pctl_10d_p05,NUMERIC,1,ic_raw,15,0.022415630192768883,0.6465952138972592,0.5283526656770366,True,0.018089235476195457,0.02620122556977064,1399.0,,0.030248618784530387,False,NO_EVIDENCE
ivp_30d,NUMERIC,20,ic_raw,7,-0.037866611671998805,-0.9140795689137329,0.5285578256226332,True,-0.07007216760087172,-0.013712444725344122,547.0,,0.030317679558011054,False,NO_EVIDENCE
layer2__ret_pctl_10d_p50,NUMERIC,10,ic_raw,8,0.0681539567276773,0.9117349779174291,0.5293719488603462,True,0.029533082176411797,0.1067748312789428,1325.5,,0.030386740331491715,False,NO_EVIDENCE
crabel_compression,NUMERIC,10,ic_raw,10,0.03034323271204268,0.9104614467460623,0.5298149602773257,True,0.020756216095085094,0.03993024932900026,1325.5,,0.030455801104972376,False,NO_EVIDENCE
layer2__momentum_score,NUMERIC,10,ic_raw,10,0.0706970787956056,0.9102223759846525,0.5298981862357313,True,0.018263128231967046,0.12313102935924418,1325.5,,0.030524861878453043,False,NO_EVIDENCE
options_direction,LABEL,20,mean_signed_bps,7,-50.259152860939466,-0.9098926950005772,0.5300129881678259,True,-73.2518747502355,-33.01461144396745,1007.0,0.4768649729948229,0.030593922651933704,False,NO_EVIDENCE
phantom_iv_hist_median,NUMERIC,5,ic_raw,14,-0.05651048206761576,-0.6914025517807321,0.5305802803167092,True,-0.04585255866451025,-0.06716840547072127,1358.0,,0.030662983425414365,False,NO_EVIDENCE
atr_percentile,NUMERIC,1,ic_raw,17,-0.037454699457273484,-0.6406260746974282,0.5308345229795421,False,0.0034739818291310946,-0.07383574948963315,603.0,,0.030732044198895025,False,NO_EVIDENCE
median_max_drawdown_10d,NUMERIC,1,ic_raw,17,0.02189948965681201,0.6403131694148404,0.5310327318671011,False,-0.007880856006645209,0.04837090802432953,1379.0,,0.030801104972375693,False,NO_EVIDENCE
layer2__median_max_drawdown_10d,NUMERIC,1,ic_raw,17,0.02189948965681201,0.6403131694148404,0.5310327318671011,False,-0.007880856006645209,0.04837090802432953,1379.0,,0.030870165745856354,False,NO_EVIDENCE
wyckoff_score,NUMERIC,5,ic_raw,14,-0.024019635144230365,-0.6902656313536063,0.5312176715535327,False,0.0137023880062834,-0.06174165829474414,1358.0,,0.030939226519337018,False,NO_EVIDENCE
phase_convergence,NUMERIC,20,ic_raw,7,0.0376850383587965,0.9004159286382938,0.5333291550339252,True,0.00981594364081518,0.05858685939728248,1343.0,,0.031008287292817682,False,NO_EVIDENCE
layer1__control__trend__buy_trend,NUMERIC,1,ic_raw,11,-0.01904618269790393,-0.6447546713488084,0.5335971342489589,False,0.04035765905429999,-0.06854938415807388,1307.0,,0.031077348066298346,False,NO_EVIDENCE
range_expansion_vs_20d,NUMERIC,1,ic_thesis,8,-0.007976293538929456,-0.6539804863148284,0.5340114521351219,True,-0.014032093482649763,-0.001920493595209149,1379.0,,0.031146408839779007,False,NO_EVIDENCE
layer2__ret_pctl_10d_p90,NUMERIC,1,ic_thesis,8,0.016488646169038817,0.6537174100259147,0.5341712533185633,False,0.0564238096553973,-0.02344651731731967,1399.0,,0.031215469613259668,False,NO_EVIDENCE
dominant_trend,LABEL,1,mean_signed_bps,17,7.896286153567178,0.6347214093292476,0.534581742490314,False,-1.3717330897634727,16.134525480972204,738.0,0.5053719894334046,0.03128453038674033,False,NO_EVIDENCE
layer2__ret_pctl_5d_p40,NUMERIC,1,ic_raw,15,0.025135221113438303,0.6364642592096902,0.5347421889468644,True,0.020257901273247496,0.029402875973605257,1399.0,,0.031353591160220996,False,NO_EVIDENCE
regime_sensitivity,NUMERIC,20,ic_raw,7,-0.0330496893352322,-0.8959622320751776,0.5348984498101559,True,-0.032507873824990215,-0.03345605096791369,550.0,,0.03142265193370166,False,NO_EVIDENCE
layer2__prob_up_7pct_10d,NUMERIC,1,ic_thesis,8,0.01679486865642217,0.6517477876469333,0.5353686068513162,False,0.0597681369598445,-0.026178399647000153,1379.0,,0.03149171270718232,False,NO_EVIDENCE
prob_up_7pct_10d,NUMERIC,1,ic_thesis,8,0.01679486865642217,0.6517477876469333,0.5353686068513162,False,0.0597681369598445,-0.026178399647000153,1379.0,,0.03156077348066299,False,NO_EVIDENCE
atm_iv,NUMERIC,5,ic_raw,14,-0.0594937638030929,-0.6794427035425173,0.5373135165259749,True,-0.03712196586898434,-0.08186556173720147,1261.0,,0.031629834254143646,False,NO_EVIDENCE
layer1__scenarios__conditional_far__probability_estimate,NUMERIC,10,ic_raw,10,-0.024555266721018446,-0.8874497279861185,0.5379172916988079,True,-0.03706313131985671,-0.012047402122180176,1325.5,,0.03169889502762431,False,NO_EVIDENCE
adx_14,NUMERIC,10,ic_raw,10,0.043669656047410015,0.8866948026943998,0.5381862497429732,True,0.027250466190302698,0.06008884590451734,1325.5,,0.031767955801104975,False,NO_EVIDENCE
layer2__ret_pctl_5d_p95,NUMERIC,1,ic_thesis,8,0.01595680228215825,0.6455688500598298,0.5391355905578836,False,0.05927355313730897,-0.02735994857299247,1399.0,,0.03183701657458564,False,NO_EVIDENCE
ev2_p_win_blended,NUMERIC,5,ic_raw,14,-0.03042074067598003,-0.676103752297041,0.5392044084127876,False,0.009199075950330534,-0.0700405573022906,1358.0,,0.031906077348066296,False,NO_EVIDENCE
layer2__ret_pctl_20d_p20,NUMERIC,1,ic_raw,15,0.023926319507033115,0.629299168854607,0.5392871704421209,True,0.019239573476337642,0.028027222283891654,1399.0,,0.03197513812154696,False,NO_EVIDENCE
fusion_alignment_score,NUMERIC,20,ic_raw,7,0.021162606473021144,0.8822504850765138,0.5397737240011826,True,0.04569561130195546,0.0027628528513204097,1343.0,,0.032044198895027624,False,NO_EVIDENCE
vanguard_edge_direction_flat,LABEL,5,mean_signed_bps,14,-17.76916459097489,-0.6713273824641909,0.5419177360367674,False,-42.438285174478274,6.899955992528504,679.5,0.4927916910140054,0.03211325966850829,False,NO_EVIDENCE
edge_direction,LABEL,5,mean_signed_bps,14,-17.76916459097489,-0.6713273824641909,0.5419177360367674,False,-42.438285174478274,6.899955992528504,679.5,0.4927916910140054,0.03218232044198895,False,NO_EVIDENCE
layer2__edge_direction,LABEL,5,mean_signed_bps,14,-17.76916459097489,-0.6713273824641909,0.5419177360367674,False,-42.438285174478274,6.899955992528504,679.5,0.4927916910140054,0.03225138121546962,False,NO_EVIDENCE
vanguard_edge_direction,LABEL,5,mean_signed_bps,14,-17.76916459097489,-0.6713273824641909,0.5419177360367674,False,-42.438285174478274,6.899955992528504,679.5,0.4927916910140054,0.03232044198895028,False,NO_EVIDENCE
layer1__control__aggression__sell_aggressive,NUMERIC,1,ic_raw,11,0.011443978573662516,0.6309145684861039,0.54224653221524,True,0.009520699297062165,0.013046711304162809,1307.0,,0.03238950276243094,False,NO_EVIDENCE
hv_30d,NUMERIC,1,ic_raw,17,-0.03461856219737617,-0.6223774320157955,0.5424625042805701,True,-0.0003700427297854379,-0.06506169061301238,602.0,,0.0324585635359116,False,NO_EVIDENCE
iv_score,NUMERIC,10,ic_raw,10,0.035990301217717055,0.8739739630982497,0.5427487488011898,True,0.06761734233565378,0.0043632600997803375,1325.5,,0.03252762430939227,False,NO_EVIDENCE
expected_move_pct,NUMERIC,20,ic_raw,7,-0.10030356529085559,-0.8723705442127617,0.5433279311694575,False,0.03658687421780488,-0.20297139492235092,550.0,,0.03259668508287293,False,NO_EVIDENCE
layer2__ret_pctl_10d_p99,NUMERIC,1,ic_thesis,8,0.01576309135086044,0.6380026493010265,0.5437704331603715,False,0.05349582592407696,-0.021969643222356075,1399.0,,0.03266574585635359,False,NO_EVIDENCE
layer2__prob_up_10pct_20d,NUMERIC,1,ic_raw,17,-0.02095850951609765,-0.619789730827701,0.5441225877536549,False,0.0032022293525282262,-0.042434721843765094,1379.0,,0.03273480662983426,False,NO_EVIDENCE
layer2__ret_pctl_5d_p40,NUMERIC,1,ic_thesis,8,-0.018231999908592818,-0.6372364546601227,0.5442411356238191,False,-0.06646855774311973,0.0300045579259341,1399.0,,0.03280386740331492,False,NO_EVIDENCE
ATR_14,NUMERIC,20,ic_raw,7,-0.024218788896755987,-0.8690511167349197,0.5445298929871576,False,0.011710126091513248,-0.05116547513795791,1343.0,,0.03287292817679558,False,NO_EVIDENCE
composite,NUMERIC,1,ic_raw,17,-0.012075714626083648,-0.6160050673593868,0.5465555336143622,True,-0.00380597480448008,-0.019426594467509044,1379.0,,0.032941988950276245,False,NO_EVIDENCE
prob_rejection,NUMERIC,1,ic_raw,17,0.012075714626083648,0.6160050673593868,0.5465555336143622,True,0.00380597480448008,0.019426594467509044,1379.0,,0.03301104972375691,False,NO_EVIDENCE
composite_score,NUMERIC,1,ic_raw,17,-0.012075714626083648,-0.6160050673593868,0.5465555336143622,True,-0.00380597480448008,-0.019426594467509044,1379.0,,0.03308011049723757,False,NO_EVIDENCE
prob_breakout,NUMERIC,1,ic_raw,17,-0.012072157731065583,-0.6158231706973928,0.5466726132889476,True,-0.00380046996233966,-0.019424769081044187,1379.0,,0.03314917127071823,False,NO_EVIDENCE
layer2__ret_pctl_10d_p20,NUMERIC,1,ic_thesis,8,-0.016658903968820856,-0.6331891282681338,0.5467316789816709,False,-0.06311864094502921,0.0298008330073875,1399.0,,0.0332182320441989,False,NO_EVIDENCE
layer2__ret_pctl_20d_p30,NUMERIC,1,ic_raw,15,0.024234198769967217,0.615889780170891,0.5478504613145531,True,0.020450185017691573,0.027545210803208396,1399.0,,0.03328729281767956,False,NO_EVIDENCE
layer2__ret_pctl_5d_p01,NUMERIC,1,ic_thesis,8,-0.0141658615071791,-0.6287738112117521,0.5494565461622032,False,-0.05391138419769739,0.0255796611833392,1399.0,,0.03335635359116022,False,NO_EVIDENCE
directional_fit_score,NUMERIC,10,ic_raw,9,0.0315375501368794,0.8545830447893069,0.5498151251303057,True,0.06692326594566847,0.0032289774898481517,1344.0,,0.03342541436464088,False,NO_EVIDENCE
layer2__ret_pctl_20d_p10,NUMERIC,1,ic_raw,15,0.022264498842350912,0.6115334147049063,0.5506484426497655,True,0.017306501625081523,0.026602746407461624,1399.0,,0.03349447513812155,False,NO_EVIDENCE
prob_drift,NUMERIC,1,ic_raw,17,0.011935618395500603,0.6091543390047057,0.5509744557595213,True,0.0034641223693484685,0.019465837085413606,1379.0,,0.03356353591160221,False,NO_EVIDENCE
ev2_cost_theta,NUMERIC,1,ic_thesis,8,0.008059580788737041,0.6262513072132321,0.5510169637144254,False,0.02612878581754305,-0.010009624240068963,1379.0,,0.03363259668508287,False,NO_EVIDENCE
phantom_bayesian_score,NUMERIC,10,ic_raw,10,0.027221812395033816,0.8507364218157356,0.5512330735117184,True,0.03979817301867932,0.01464545177138831,1325.5,,0.03370165745856354,False,NO_EVIDENCE
layer2__raw_expected_drawdown,NUMERIC,20,ic_raw,7,0.02562026976840639,0.8500364471056437,0.5514916789232002,True,0.029076906847677986,0.023027791958952694,1343.0,,0.0337707182320442,False,NO_EVIDENCE
hv_30d,NUMERIC,20,ic_raw,7,-0.08618833755523458,-0.8496161934171695,0.5516470273538782,False,0.0349072178692134,-0.17701000412357057,549.0,,0.033839779005524866,False,NO_EVIDENCE
fusion_alignment_score,NUMERIC,1,ic_thesis,8,0.010002204178141193,0.6237090072097825,0.5525923285338137,True,0.01804890531476035,0.001955503041522035,1379.0,,0.03390883977900552,False,NO_EVIDENCE
layer2__median_max_drawdown,NUMERIC,1,ic_raw,17,0.021058562432675395,0.6065594770706576,0.5526532360905352,False,-0.009087426410116133,0.047854996959601194,1379.0,,0.033977900552486194,False,NO_EVIDENCE
rr_options,NUMERIC,1,ic_thesis,8,-0.02285038650031132,-0.6225009295110795,0.5533418765525937,False,-0.06609458747902053,0.020393814478397887,603.0,,0.03404696132596685,False,NO_EVIDENCE
estimated_R,NUMERIC,1,ic_thesis,8,-0.02285038650031132,-0.6225009295110795,0.5533418765525937,False,-0.06609458747902053,0.020393814478397887,603.0,,0.034116022099447516,False,NO_EVIDENCE
max_convex_r_multiple,NUMERIC,1,ic_thesis,8,-0.02285038650031132,-0.6225009295110795,0.5533418765525937,False,-0.06609458747902053,0.020393814478397887,603.0,,0.03418508287292817,False,NO_EVIDENCE
composite_adjusted,NUMERIC,1,ic_raw,17,-0.011820716984405451,-0.6047648628781017,0.553815892575289,True,-0.003234253104900109,-0.01945312932174354,1379.0,,0.034254143646408844,False,NO_EVIDENCE
phantom_gamma_trajectory,NUMERIC,20,ic_raw,7,-0.033795796377495586,-0.8427744554175592,0.5541851824932548,True,-0.06648982071651176,-0.009275278123233444,1343.0,,0.0343232044198895,False,NO_EVIDENCE
phantom_gamma_trajectory_signed,NUMERIC,20,ic_raw,7,-0.033795796377495586,-0.8427744554175592,0.5541851824932548,True,-0.06648982071651176,-0.009275278123233444,1343.0,,0.034392265193370165,False,NO_EVIDENCE
layer2__median_gain_if_up_5d,NUMERIC,1,ic_thesis,8,0.01584872506634436,0.6207653835060247,0.5544197592970279,False,0.0579675748919033,-0.026270124759214586,1379.0,,0.03446132596685083,False,NO_EVIDENCE
median_gain_if_up_5d,NUMERIC,1,ic_thesis,8,0.01584872506634436,0.6207653835060247,0.5544197592970279,False,0.0579675748919033,-0.026270124759214586,1379.0,,0.034530386740331494,False,NO_EVIDENCE
mp_rule_hits,NUMERIC,1,ic_raw,17,-0.009137537770704997,-0.6036144066889412,0.5545619156697652,True,-0.010875430395984698,-0.00759274432601193,1264.0,,0.03459944751381216,False,NO_EVIDENCE
layer2__median_gain_if_up,NUMERIC,1,ic_raw,17,-0.02154638325404605,-0.6008078059660283,0.5563841373366964,False,0.004411480590313259,-0.04462004000458766,1379.0,,0.034668508287292815,False,NO_EVIDENCE
median_loss_if_down_5d,NUMERIC,1,ic_raw,17,0.020113454015361264,0.6008067975330927,0.5563847926495753,False,-0.008272314348832608,0.04534524811686694,1379.0,,0.034737569060773486,False,NO_EVIDENCE
layer2__median_loss_if_down_5d,NUMERIC,1,ic_raw,17,0.020113454015361264,0.6008067975330927,0.5563847926495753,False,-0.008272314348832608,0.04534524811686694,1379.0,,0.034806629834254144,False,NO_EVIDENCE
layer2__ret_pctl_10d_p90,NUMERIC,1,ic_raw,15,-0.021971514723086095,-0.6024498938631249,0.5565075719031602,True,-0.0194168494876063,-0.024206846804130915,1399.0,,0.03487569060773481,False,NO_EVIDENCE
layer2__ret_pctl_20d_p95,NUMERIC,1,ic_thesis,8,0.016095350343735288,0.6164560851677919,0.5571015422675172,False,0.058572296317105005,-0.02638159562963443,1399.0,,0.03494475138121547,False,NO_EVIDENCE
layer2__baseline_probability,NUMERIC,5,ic_raw,14,0.02625700359599793,0.644675074151021,0.5572389979353047,False,-0.015049536239555114,0.06756354343155098,1358.0,,0.035013812154696136,False,NO_EVIDENCE
layer1__scenarios__immediate__probability_estimate,NUMERIC,10,ic_raw,10,-0.023682564688995895,-0.8338422791863415,0.5575247085464998,True,-0.03654070878409492,-0.010824420593896874,1325.5,,0.03508287292817679,False,NO_EVIDENCE
options_score_phantom_adjusted,NUMERIC,10,ic_raw,10,0.025580398482050987,0.8301344993570892,0.5589196030268494,True,0.0461400798157167,0.00502071714838527,1325.5,,0.03515193370165746,False,NO_EVIDENCE
options_score,NUMERIC,10,ic_raw,10,0.025580398482050987,0.8301344993570892,0.5589196030268494,True,0.0461400798157167,0.00502071714838527,1325.5,,0.03522099447513812,False,NO_EVIDENCE
layer2__ret_pctl_10d_p95,NUMERIC,1,ic_thesis,8,0.015350869665791866,0.6124463895252358,0.5596038215124275,False,0.05504040315705122,-0.024338663825467493,1399.0,,0.035290055248618786,False,NO_EVIDENCE
phantom_bayesian_score,NUMERIC,1,ic_raw,17,0.006677394945687977,0.5948769607221118,0.5602453154454236,True,0.010202788484844783,0.003543711799770818,1379.0,,0.03535911602209945,False,NO_EVIDENCE
layer2__median_loss_if_down,NUMERIC,1,ic_raw,17,0.021020393372673727,0.5941039295876128,0.5607496313547462,False,-0.008659652455590867,0.04740265633113115,1379.0,,0.035428176795580114,False,NO_EVIDENCE
contract_spread_pct,NUMERIC,1,ic_thesis,8,-0.008770950805792254,-0.6094337548589276,0.5614882701704377,False,-0.023575811375506243,0.006033909763921735,603.0,,0.03549723756906078,False,NO_EVIDENCE
layer2__ret_pctl_20d_p10,NUMERIC,1,ic_thesis,8,-0.015881596994820144,-0.6090207138464659,0.5617469267775869,False,-0.06252664279970661,0.030763448810066325,1399.0,,0.035566298342541436,False,NO_EVIDENCE
dominant_trend,LABEL,5,mean_signed_bps,14,33.62369305221096,0.6367526548608997,0.5618520276250748,True,33.98194808963422,33.2654380147877,803.0,0.5213227092908943,0.0356353591160221,False,NO_EVIDENCE
EMA200,NUMERIC,1,ic_thesis,8,-0.012179790579654622,-0.6069767705719196,0.5630279342065309,True,-0.005897983824766433,-0.01846159733454281,1379.0,,0.035704419889502764,False,NO_EVIDENCE
layer2__expected_value_20d,NUMERIC,5,ic_raw,14,0.02878459476113132,0.6320051615465809,0.5646291990667819,False,-0.011045650788473135,0.06861484031073577,1358.0,,0.03577348066298343,False,NO_EVIDENCE
expected_value_20d,NUMERIC,5,ic_raw,14,0.02878459476113132,0.6320051615465809,0.5646291990667819,False,-0.011045650788473135,0.06861484031073577,1358.0,,0.035842541436464086,False,NO_EVIDENCE
gamma_flip,NUMERIC,5,ic_raw,14,0.024034816784915647,0.6319503833252793,0.5646612989860569,True,0.0006069148173759262,0.04746271875245537,1261.0,,0.03591160220994476,False,NO_EVIDENCE
layer2__ret_pctl_10d_p40,NUMERIC,5,ic_raw,12,0.04066261994712623,0.6436763377254197,0.5656084130587296,False,-0.006983219578741716,0.08830845947299419,1358.0,,0.035980662983425414,False,NO_EVIDENCE
layer2__ret_pctl_20d_p05,NUMERIC,1,ic_thesis,8,-0.015645622407661677,-0.6018655891407922,0.5662388330826337,False,-0.06113673866855873,0.029845493853235372,1399.0,,0.03604972375690608,False,NO_EVIDENCE
phantom_market_implied_prob,NUMERIC,10,ic_raw,10,-0.025797989156287487,-0.8103872209160374,0.5664348152865494,True,-0.03660997475467223,-0.014986003557902753,1325.5,,0.03611878453038674,False,NO_EVIDENCE
layer2__ret_pctl_20d_p05,NUMERIC,1,ic_raw,15,0.0207699147269421,0.584463101054401,0.5682083660407218,True,0.016506577266886185,0.02450033500449103,1399.0,,0.03618784530386741,False,NO_EVIDENCE
layer2__ret_pctl_20d_p01,NUMERIC,1,ic_thesis,8,-0.01512031661911439,-0.5986097111033438,0.5682898190206636,False,-0.05776705793696803,0.027526424698739248,1399.0,,0.03625690607734807,False,NO_EVIDENCE
layer1__control__efficiency__efficiency_score,NUMERIC,5,ic_raw,11,-0.04843905157646697,-0.6481757527348805,0.5683091072394958,True,-0.03484777305906306,-0.059765117007636905,1307.0,,0.03632596685082873,False,NO_EVIDENCE
layer2__momentum_score,NUMERIC,20,ic_raw,7,0.05285706238636804,0.799293111840535,0.5707210714069407,False,-0.03331708244591232,0.11748767101057832,1343.0,,0.03639502762430939,False,NO_EVIDENCE
win_probability,NUMERIC,5,ic_raw,14,-0.02865390962296362,-0.6214817498904982,0.5708192625174302,True,-0.006495463365033941,-0.05081235588089329,587.0,,0.036464088397790057,False,NO_EVIDENCE
eil_gex_score,NUMERIC,20,ic_raw,7,-0.011139873207805103,-0.7986003668640171,0.5709902595148866,True,-0.005193808587989085,-0.015599421672667117,1343.0,,0.03653314917127072,False,NO_EVIDENCE
prob_up_7pct_10d,NUMERIC,1,ic_raw,17,-0.01947877962779187,-0.5766149131652012,0.5722232466897956,False,0.00622333194765539,-0.04232510102818944,1379.0,,0.03660220994475138,False,NO_EVIDENCE
layer2__prob_up_7pct_10d,NUMERIC,1,ic_raw,17,-0.01947877962779187,-0.5766149131652012,0.5722232466897956,False,0.00622333194765539,-0.04232510102818944,1379.0,,0.03667127071823205,False,NO_EVIDENCE
gamma_flip_conf,NUMERIC,20,ic_raw,7,0.046341198567478994,0.7945712030546402,0.5725595282597611,False,-0.009752170991872457,0.08841122573699259,550.0,,0.036740331491712706,False,NO_EVIDENCE
options_strategy,LABEL,1,mean_signed_bps,17,4.7000766701403505,0.5751952019059056,0.5731599868905827,False,-3.987165006355177,12.422069271469708,576.0,0.5050382990973742,0.03680939226519337,False,NO_EVIDENCE
contract_vega,NUMERIC,5,ic_raw,14,0.023975363249718575,0.6174100174224778,0.5732269003499157,False,-0.025787806776513763,0.07373853327595092,587.0,,0.036878453038674035,False,NO_EVIDENCE
options_score,NUMERIC,5,ic_raw,14,0.016254953719174358,0.6119794111868523,0.576448920092193,True,0.024098241589754873,0.00841166584859386,1358.0,,0.0369475138121547,False,NO_EVIDENCE
options_score_phantom_adjusted,NUMERIC,5,ic_raw,14,0.016254953719174358,0.6119794111868523,0.576448920092193,True,0.024098241589754873,0.00841166584859386,1358.0,,0.03701657458563536,False,NO_EVIDENCE
transition_success_5d,NUMERIC,10,ic_raw,10,-0.02746401383504669,-0.7814351628746009,0.5777186679448196,True,-0.030792433242893196,-0.024135594427200185,1325.5,,0.03708563535911602,False,NO_EVIDENCE
phase_transition_probability,NUMERIC,10,ic_raw,10,-0.027463818296653196,-0.7814238920591874,0.577723122856599,True,-0.030791642414124375,-0.024135994179182024,1325.5,,0.03715469613259669,False,NO_EVIDENCE
transition_success_10d,NUMERIC,10,ic_raw,10,-0.027463818296653196,-0.7814238920591874,0.577723122856599,True,-0.030791642414124375,-0.024135994179182024,1325.5,,0.03722375690607735,False,NO_EVIDENCE
transition_success_20d,NUMERIC,10,ic_raw,10,-0.027463571352880606,-0.7814176442941585,0.5777255923743375,True,-0.030791628304514172,-0.02413551440124704,1325.5,,0.03729281767955801,False,NO_EVIDENCE
layer2__median_loss_if_down,NUMERIC,1,ic_thesis,8,-0.016120777692857222,-0.582318365586703,0.578617378839498,False,-0.06221052176561407,0.029968966379899632,1379.0,,0.03736187845303867,False,NO_EVIDENCE
options_score_pre_macro,NUMERIC,1,ic_raw,17,-0.01328947081954289,-0.5664738990871041,0.5789318251020221,False,-0.02861383008591354,0.0003321818616754683,603.0,,0.03743093922651934,False,NO_EVIDENCE
median_max_drawdown_5d,NUMERIC,1,ic_raw,17,0.01918376166084339,0.5663660879394983,0.5790033624301323,False,-0.010088689316576306,0.04520371808521647,1379.0,,0.037500000000000006,False,NO_EVIDENCE
layer2__median_max_drawdown_5d,NUMERIC,1,ic_raw,17,0.01918376166084339,0.5663660879394983,0.5790033624301323,False,-0.010088689316576306,0.04520371808521647,1379.0,,0.03756906077348066,False,NO_EVIDENCE
layer2__probability_edge,NUMERIC,1,ic_raw,17,-0.01897895485624895,-0.5661449745081886,0.579150094925868,False,0.006616225952330211,-0.04173022668609711,1379.0,,0.037638121546961334,False,NO_EVIDENCE
phantom_info_flow_score,NUMERIC,1,ic_raw,17,0.007248586304487472,0.5655679422685774,0.5795331078657111,False,0.025446170335399185,-0.00892704394521183,1379.0,,0.03770718232044199,False,NO_EVIDENCE
phantom_info_flow,NUMERIC,1,ic_raw,17,0.007248586304487472,0.5655679422685774,0.5795331078657111,False,0.025446170335399185,-0.00892704394521183,1379.0,,0.037776243093922655,False,NO_EVIDENCE
layer2__ret_pctl_10d_p30,NUMERIC,1,ic_thesis,8,-0.0160269223080029,-0.5799850196605864,0.5801053813954983,False,-0.06105264422776938,0.028998799611763583,1399.0,,0.03784530386740331,False,NO_EVIDENCE
layer2__adjusted_expected_return,NUMERIC,1,ic_raw,17,-0.012379718232373153,-0.5627806051245848,0.5813850728914302,False,0.0022365431530603497,-0.025371950574980713,1379.0,,0.037914364640883984,False,NO_EVIDENCE
range_expansion_vs_20d,NUMERIC,10,ic_raw,10,0.040045983184136366,0.7702391900269254,0.5821680700821683,True,0.02843682166673157,0.05165514470154116,1325.5,,0.03798342541436464,False,NO_EVIDENCE
layer2__ret_pctl_20d_p01,NUMERIC,1,ic_raw,15,0.019571287226542687,0.5620156730739463,0.5829920756749599,True,0.01703110882195021,0.021793943330561106,1399.0,,0.038052486187845305,False,NO_EVIDENCE
layer2__raw_prob_down_10d,NUMERIC,5,ic_raw,14,-0.03433531115006024,-0.6008943118251312,0.5830642023556004,True,-0.003279855094782252,-0.06539076720533822,1358.0,,0.03812154696132597,False,NO_EVIDENCE
layer1__acceptance__flow_quality__ratio,NUMERIC,1,ic_raw,11,0.00829934614955566,0.5662323567119726,0.5837187053987541,False,-0.028812242804545706,0.03922567027797347,1307.0,,0.038190607734806634,False,NO_EVIDENCE
layer2__ret_pctl_20d_p40,NUMERIC,5,ic_raw,12,0.038392094658557,0.6113288035117187,0.5841892075765879,False,-0.019629651454240893,0.0964138407713549,1358.0,,0.0382596685082873,False,NO_EVIDENCE
trend_inertia,NUMERIC,5,ic_raw,14,0.02358701500228,0.5988692478456364,0.584278252548302,True,0.04521417524913176,0.0019598547554282248,1358.0,,0.038328729281767955,False,NO_EVIDENCE
regime_sensitivity,NUMERIC,5,ic_raw,14,0.02480341044362632,0.5979772972512984,0.584813529653581,True,0.0014842152936556713,0.04812260559359697,587.0,,0.038397790055248626,False,NO_EVIDENCE
pse_suggested_contracts,NUMERIC,5,ic_raw,14,0.010284217739078479,0.5966481555950373,0.5856117881088447,False,0.03077477575448376,-0.010206340276326806,1358.0,,0.03846685082872928,False,NO_EVIDENCE
phantom_gamma_trajectory,NUMERIC,1,ic_raw,17,0.011523031953463998,0.5562666916472015,0.5857248480870536,False,-0.007686474270525279,0.028598148597010025,1379.0,,0.03853591160220995,False,NO_EVIDENCE
phantom_gamma_trajectory_signed,NUMERIC,1,ic_raw,17,0.011523031953463998,0.5562666916472015,0.5857248480870536,False,-0.007686474270525279,0.028598148597010025,1379.0,,0.03860497237569061,False,NO_EVIDENCE
layer2__ret_pctl_20d_p40,NUMERIC,1,ic_raw,15,0.022046013208132046,0.5575267296155509,0.585972219669758,True,0.018881652771177253,0.0248148285904675,1399.0,,0.038674033149171276,False,NO_EVIDENCE
layer2__ret_pctl_20d_p90,NUMERIC,1,ic_raw,15,-0.020782277129516656,-0.5574773006862955,0.5860050784586248,True,-0.020121089734006486,-0.02136081610058805,1399.0,,0.03874309392265193,False,NO_EVIDENCE
runway_score,NUMERIC,20,ic_raw,7,0.017620867900804273,0.7605827513285406,0.5860445267883114,True,0.03800361313965175,0.0023338089716686706,1343.0,,0.0388121546961326,False,NO_EVIDENCE
ev_ratio,NUMERIC,1,ic_thesis,8,-0.020939257946041373,-0.5695739217622845,0.5867713715794486,False,-0.06213031005916024,0.020251794167077494,603.0,,0.03888121546961326,False,NO_EVIDENCE
layer2__edge_direction,LABEL,20,mean_signed_bps,7,20.3675111820777,0.7586075861576391,0.5868418897720222,False,-1.8420332671810609,37.02466951902177,677.0,0.496280476603501,0.038950276243093926,False,NO_EVIDENCE
vanguard_edge_direction_flat,LABEL,20,mean_signed_bps,7,20.3675111820777,0.7586075861576391,0.5868418897720222,False,-1.8420332671810609,37.02466951902177,677.0,0.496280476603501,0.03901933701657459,False,NO_EVIDENCE
vanguard_edge_direction,LABEL,20,mean_signed_bps,7,20.3675111820777,0.7586075861576391,0.5868418897720222,False,-1.8420332671810609,37.02466951902177,677.0,0.496280476603501,0.03908839779005525,False,NO_EVIDENCE
edge_direction,LABEL,20,mean_signed_bps,7,20.3675111820777,0.7586075861576391,0.5868418897720222,False,-1.8420332671810609,37.02466951902177,677.0,0.496280476603501,0.03915745856353592,False,NO_EVIDENCE
layer2__raw_expected_drawdown,NUMERIC,5,ic_raw,14,-0.02136221493240037,-0.5930736260835603,0.5877622290153112,True,-0.014027373369117623,-0.028697056495683104,1358.0,,0.039226519337016576,False,NO_EVIDENCE
actuarial_sample,NUMERIC,20,ic_raw,7,-0.028907763140716768,-0.7562199100144856,0.5878078080761013,False,-0.08152441484030927,0.010554725633977614,1343.0,,0.03929558011049724,False,NO_EVIDENCE
phantom_info_flow_ratio,NUMERIC,10,ic_raw,10,0.03125047299360252,0.7556029569872987,0.5880577533323206,False,0.06538109556287139,-0.0028801495756663326,1325.5,,0.039364640883977904,False,NO_EVIDENCE
atr_percentile,NUMERIC,20,ic_raw,7,-0.08901594231865197,-0.7554821181728997,0.5881067259564505,False,0.050977463175999806,-0.1940109964396408,550.0,,0.03943370165745857,False,NO_EVIDENCE
pct_from_52w_low,NUMERIC,10,ic_raw,10,0.027768435245395955,0.7545922895230112,0.5884675241946651,True,0.030476844338617047,0.02506002615217486,1325.5,,0.039502762430939226,False,NO_EVIDENCE
actuarial_expected_move_10d__vg,NUMERIC,1,ic_raw,17,-0.018597696935516116,-0.5518429477187694,0.5886814568666285,False,0.009403012531766133,-0.04348721646198924,1379.0,,0.03957182320441989,False,NO_EVIDENCE
layer2__median_gain_if_up_10d,NUMERIC,1,ic_raw,17,-0.018597696935516116,-0.5518429477187694,0.5886814568666285,False,0.009403012531766133,-0.04348721646198924,1379.0,,0.039640883977900554,False,NO_EVIDENCE
median_gain_if_up_10d,NUMERIC,1,ic_raw,17,-0.018597696935516116,-0.5518429477187694,0.5886814568666285,False,0.009403012531766133,-0.04348721646198924,1379.0,,0.03970994475138122,False,NO_EVIDENCE
crabel_score,NUMERIC,20,ic_raw,7,-0.037527874063316966,-0.753758684366648,0.5888058057310911,False,0.022094427392400005,-0.08224460015510468,1343.0,,0.03977900552486188,False,NO_EVIDENCE
eil_obi_score,NUMERIC,5,ic_raw,14,0.010383231606914376,0.5911714439925796,0.5889087456696772,True,0.017810334487260143,0.0029561287265686084,1278.5,,0.03984806629834255,False,NO_EVIDENCE
ev_10d,NUMERIC,1,ic_raw,17,0.017830616264250435,0.5514223295119134,0.5889629699014998,False,-0.017514025744729607,0.04924807582778826,603.0,,0.03991712707182321,False,NO_EVIDENCE
phantom_gamma_net_gex_proxy,NUMERIC,10,ic_raw,10,0.04827331397280536,0.7527070471980468,0.5892329527421597,True,0.0050233403529892804,0.09152328759262145,1325.5,,0.03998618784530387,False,NO_EVIDENCE
layer2__raw_prob_down_20d,NUMERIC,5,ic_raw,14,-0.033691184601774796,-0.5895575914435767,0.5898826508135647,False,0.022031863196109332,-0.08941423239965893,1358.0,,0.04005524861878453,False,NO_EVIDENCE
layer2__ret_pctl_5d_p01,NUMERIC,1,ic_raw,15,0.01762192207994851,0.5507956410755674,0.5904555476648912,True,0.011475469635278094,0.02300006796903513,1399.0,,0.040124309392265196,False,NO_EVIDENCE
canonical_direction,LABEL,1,mean_signed_bps,11,3.7589499276137945,0.5559041601185937,0.5904965238618133,False,-4.656486422372938,10.771813552602737,1256.0,0.5055558949655877,0.04019337016574586,False,NO_EVIDENCE
prob_up_5pct_5d,NUMERIC,1,ic_raw,17,-0.018309569056369254,-0.5486625671114883,0.5908117221346996,False,0.008955012078587527,-0.04254475228744195,1379.0,,0.04026243093922652,False,NO_EVIDENCE
layer2__prob_up_5pct_5d,NUMERIC,1,ic_raw,17,-0.018309569056369254,-0.5486625671114883,0.5908117221346996,False,0.008955012078587527,-0.04254475228744195,1379.0,,0.04033149171270719,False,NO_EVIDENCE
layer2__raw_prob_up_20d,NUMERIC,5,ic_raw,14,0.03333380156569,0.5860362882763286,0.5920113773683746,False,-0.02174434178588824,0.08841194491726823,1358.0,,0.040400552486187846,False,NO_EVIDENCE
ev_adjusted,NUMERIC,1,ic_thesis,8,-0.02057534029940916,-0.5610912574107336,0.5922346722982609,False,-0.056882995500057404,0.01573231490123908,603.0,,0.04046961325966851,False,NO_EVIDENCE
layer2__ret_pctl_10d_p01,NUMERIC,1,ic_thesis,8,-0.014340487933131786,-0.5606660105878362,0.5925093071126519,False,-0.05886047741091881,0.03017950154465524,1399.0,,0.040538674033149175,False,NO_EVIDENCE
layer2__win_rate_20d,NUMERIC,5,ic_raw,14,0.0333837550680719,0.5847874656309672,0.5927675558325664,False,-0.02164443478112443,0.08841194491726823,1358.0,,0.04060773480662984,False,NO_EVIDENCE
win_rate_20d__vg,NUMERIC,5,ic_raw,14,0.0333837550680719,0.5847874656309672,0.5927675558325664,False,-0.02164443478112443,0.08841194491726823,1358.0,,0.0406767955801105,False,NO_EVIDENCE
phantom_gamma_net_gex_proxy,NUMERIC,1,ic_raw,17,0.00949828222736948,0.5448752784089559,0.5933535635171974,False,0.024617683204890276,-0.00394118530820456,1379.0,,0.04074585635359116,False,NO_EVIDENCE
risk_10d,NUMERIC,1,ic_thesis,8,-0.012351997491522137,-0.559050395681269,0.5935533635260539,False,-0.045244728646304876,0.0205407336632606,1379.0,,0.04081491712707183,False,NO_EVIDENCE
actuarial_risk_10d,NUMERIC,1,ic_thesis,8,-0.012351997491522137,-0.559050395681269,0.5935533635260539,False,-0.045244728646304876,0.0205407336632606,1379.0,,0.04088397790055249,False,NO_EVIDENCE
layer2__ret_pctl_20d_p70,NUMERIC,10,ic_raw,8,-0.04781022743941297,-0.7393172592546813,0.5947093755005926,True,-0.012131894312573933,-0.08348856056625201,1325.5,,0.04095303867403315,False,NO_EVIDENCE
phantom_bayesian_edge_pp,NUMERIC,10,ic_raw,10,0.02648431366479866,0.7388645919748641,0.5948957463566845,True,0.03660997475467223,0.01635865257492509,1325.5,,0.04102209944751381,False,NO_EVIDENCE
phantom_bayesian_edge,NUMERIC,10,ic_raw,10,0.02648431366479866,0.7388645919748641,0.5948957463566845,True,0.03660997475467223,0.01635865257492509,1325.5,,0.04109116022099448,False,NO_EVIDENCE
layer2__ret_pctl_20d_p20,NUMERIC,1,ic_thesis,8,-0.014726459511346223,-0.5565675091629461,0.5951598869715118,False,-0.06074862783706294,0.03129570881437049,1399.0,,0.04116022099447514,False,NO_EVIDENCE
layer2__ret_pctl_20d_p80,NUMERIC,1,ic_raw,15,-0.020358569456228003,-0.5421558172959361,0.5962357904539296,True,-0.02040917720351017,-0.020314287677356102,1399.0,,0.0412292817679558,False,NO_EVIDENCE
options_strategy,LABEL,20,mean_signed_bps,7,-86.36454531594858,-0.73502931964662,0.5964780323522347,False,-212.44567670193655,8.196303223542397,527.0,0.4695121258378677,0.04129834254143647,False,NO_EVIDENCE
layer2__median_gain_if_up_5d,NUMERIC,1,ic_raw,17,-0.0186115233157475,-0.5402179324586331,0.5964868514031354,False,0.008630890429238595,-0.04282700220017958,1379.0,,0.04136740331491713,False,NO_EVIDENCE
median_gain_if_up_5d,NUMERIC,1,ic_raw,17,-0.0186115233157475,-0.5402179324586331,0.5964868514031354,False,0.008630890429238595,-0.04282700220017958,1379.0,,0.041436464088397795,False,NO_EVIDENCE
layer2__ret_pctl_10d_p40,NUMERIC,10,ic_raw,8,0.05785185874604047,0.7341154974890287,0.5968558957845556,True,0.012904227228967523,0.10279949026311344,1325.5,,0.04150552486187845,False,NO_EVIDENCE
entropy_score,NUMERIC,1,ic_raw,17,0.011133597028464408,0.5383173378123505,0.5977678694375803,True,0.0030609649022176524,0.018309270029572642,1379.0,,0.041574585635359124,False,NO_EVIDENCE
layer2__ret_pctl_10d_p80,NUMERIC,1,ic_raw,15,-0.019236418579182457,-0.5398426086474961,0.5977882268101262,True,-0.016635399477874326,-0.02151231029282707,1399.0,,0.04164364640883978,False,NO_EVIDENCE
gamma_island_distance_pct,NUMERIC,1,ic_thesis,8,0.014790591239683123,0.552176931083087,0.5980067081317934,True,0.02050143765638982,0.009079744822976422,997.0,,0.041712707182320445,False,NO_EVIDENCE
layer2__ret_pctl_10d_p01,NUMERIC,1,ic_raw,15,0.018057402970016557,0.538241868279395,0.5988637050891779,True,0.012710877613814158,0.022735612656693653,1399.0,,0.0417817679558011,False,NO_EVIDENCE
force_alignment_score,NUMERIC,10,ic_raw,10,-0.03887781930980341,-0.7288777322898655,0.5990280633557555,False,-0.08074105714930799,0.002985418529701167,1325.5,,0.041850828729281773,False,NO_EVIDENCE
layer2__median_loss_if_down_10d,NUMERIC,1,ic_thesis,8,-0.014652237580720831,-0.5501369853573159,0.5993319724412326,False,-0.060484957339096465,0.031180482177654793,1379.0,,0.04191988950276243,False,NO_EVIDENCE
median_loss_if_down_10d,NUMERIC,1,ic_thesis,8,-0.014652237580720831,-0.5501369853573159,0.5993319724412326,False,-0.060484957339096465,0.031180482177654793,1379.0,,0.041988950276243095,False,NO_EVIDENCE
EMA200,NUMERIC,5,ic_raw,14,0.01925097492537912,0.5728975713706643,0.5999991688635534,False,-0.013216633153599586,0.05171858300435783,1358.0,,0.04205801104972376,False,NO_EVIDENCE
layer2__ret_pctl_10d_p30,NUMERIC,10,ic_raw,8,0.05578224841229091,0.725224646444803,0.6005494699409427,True,0.013854860794064793,0.09770963603051702,1325.5,,0.04212707182320442,False,NO_EVIDENCE
market_energy_score,NUMERIC,5,ic_raw,14,-0.03383061385084075,-0.5717027342697701,0.6007290902792366,False,-0.06923085445343859,0.0015696267517570897,1358.0,,0.04219613259668509,False,NO_EVIDENCE
catalyst_truth_score,NUMERIC,20,ic_raw,7,-0.021683262940640578,-0.7237762319612212,0.6011541579878145,True,-0.01610866509767799,-0.025864211322862516,1343.0,,0.042265193370165745,False,NO_EVIDENCE
layer2__ret_pctl_5d_p30,NUMERIC,10,ic_raw,8,0.05483181466889759,0.7217120630000419,0.6020173517546568,True,0.011513970830780342,0.09814965850701483,1325.5,,0.042334254143646416,False,NO_EVIDENCE
runway_score,NUMERIC,5,ic_raw,14,0.013515537313384594,0.5688729233907116,0.6024601348873717,True,0.021585548512801565,0.005445526113967629,1358.0,,0.04240331491712707,False,NO_EVIDENCE
options_research_score,NUMERIC,1,ic_thesis,8,-0.01669421495505251,-0.544453990307257,0.6030325540893866,False,0.024079949473477223,-0.05746837938358225,1379.0,,0.04247237569060774,False,NO_EVIDENCE
lift_proxy_score,NUMERIC,1,ic_thesis,8,0.008639368300135633,0.5435468604627445,0.6036244134410487,True,0.011675306338618581,0.005603430261652683,1379.0,,0.0425414364640884,False,NO_EVIDENCE
crabel_compression,NUMERIC,1,ic_raw,17,0.011843510966918455,0.529192985747077,0.6039367641549044,False,0.03713660321286193,-0.010639237696142419,1379.0,,0.042610497237569066,False,NO_EVIDENCE
trend_inertia,NUMERIC,20,ic_raw,7,0.02676640889358897,0.7160854761767512,0.6043788774794835,False,-0.02242005281548944,0.06365625517539777,1343.0,,0.04267955801104972,False,NO_EVIDENCE
win_rate_5d,NUMERIC,10,ic_raw,10,0.04087596254836714,0.7122073386810058,0.6060139048998202,False,0.0954951947235814,-0.013743269626847115,1325.5,,0.04274861878453039,False,NO_EVIDENCE
layer2__ret_pctl_5d_p80,NUMERIC,1,ic_raw,15,-0.018832235935547444,-0.5273807061660496,0.6061865223316275,True,-0.016963094611140966,-0.0204677345944031,1399.0,,0.04281767955801105,False,NO_EVIDENCE
directional_fit_score,NUMERIC,20,ic_raw,7,0.015270704671113163,0.7067423961820459,0.6083281243346125,True,0.03265901556673164,0.002229471499399305,1343.0,,0.042886740331491716,False,NO_EVIDENCE
atr_percentile,NUMERIC,5,ic_raw,14,-0.05985822124677136,-0.5553516036795194,0.6107762612997438,True,-0.05056149886619565,-0.06915494362734709,587.0,,0.04295580110497238,False,NO_EVIDENCE
pcr_signal,LABEL,5,mean_signed_bps,14,-12.26363620506929,-0.5534330049075671,0.611962257958198,True,-20.29600312413802,-4.231269286000562,1031.5,0.501332414593615,0.043024861878453044,False,NO_EVIDENCE
contract_theta,NUMERIC,20,ic_raw,7,0.0207484840081422,0.6977816134118917,0.6121485951105182,True,0.02854812160960891,0.014898755807042172,550.0,,0.04309392265193371,False,NO_EVIDENCE
l3_vol_forecast_conf,NUMERIC,1,ic_raw,17,0.011216790909324023,0.5170124516815379,0.6122204515006796,True,0.0017931242520815988,0.019593383493539517,1376.0,,0.043162983425414365,False,NO_EVIDENCE
direction_resolution_call_score,NUMERIC,1,ic_raw,8,-0.027196750084909672,-0.5293771943317999,0.6129107984855164,False,-0.09575782671233359,0.04136432654251424,1446.0,,0.04323204419889503,False,NO_EVIDENCE
layer2__state_match_similarity,NUMERIC,10,ic_raw,10,-0.01820008679965473,-0.6955094432824167,0.6131224683743391,True,-0.01190313707825362,-0.024497036521055844,1325.5,,0.043301104972375694,False,NO_EVIDENCE
layer2__ret_pctl_20d_p30,NUMERIC,5,ic_raw,12,0.03554694282187853,0.561988618457135,0.6133766692309237,False,-0.017458854765483502,0.08855274040924056,1358.0,,0.04337016574585636,False,NO_EVIDENCE
phantom_info_flow_ratio,NUMERIC,5,ic_raw,14,0.016603622827453857,0.550697963900362,0.6136555029886602,True,0.013484903494096931,0.019722342160810775,1358.0,,0.043439226519337015,False,NO_EVIDENCE
expected_move_pct,NUMERIC,1,ic_raw,17,-0.028357846212540328,-0.5144297483558841,0.6139839438186291,False,0.011013685969356556,-0.06335476370755977,603.0,,0.043508287292817686,False,NO_EVIDENCE
contract_vanna,NUMERIC,5,ic_raw,14,-0.019564161616994574,-0.5501617675749279,0.6139878104560447,True,-0.03328354752910394,-0.005844775704885214,587.0,,0.043577348066298344,False,NO_EVIDENCE
fusion_contradictions,NUMERIC,10,ic_raw,10,-0.02482887022492877,-0.6913587789577839,0.6149068450478731,True,-0.03941270842748238,-0.010245032022375157,1325.5,,0.04364640883977901,False,NO_EVIDENCE
compression_ratio,NUMERIC,1,ic_raw,15,0.025618054000742685,0.5140876241473412,0.6152090773934483,False,0.09392841501356315,-0.03415351188547522,677.0,,0.04371546961325967,False,NO_EVIDENCE
ev2_cost_theta,NUMERIC,10,ic_raw,10,0.029283491005490898,0.6848625249984575,0.6177135345655065,False,0.06290984935828264,-0.00434286734730085,1325.5,,0.043784530386740336,False,NO_EVIDENCE
layer2__median_max_drawdown_10d,NUMERIC,1,ic_thesis,8,-0.013920176320454631,-0.5178088003934707,0.6205494329949456,False,-0.05775448804772217,0.029914135406812915,1379.0,,0.043853591160221,False,NO_EVIDENCE
median_max_drawdown_10d,NUMERIC,1,ic_thesis,8,-0.013920176320454631,-0.5178088003934707,0.6205494329949456,False,-0.05775448804772217,0.029914135406812915,1379.0,,0.04392265193370166,False,NO_EVIDENCE
layer2__ret_pctl_5d_p40,NUMERIC,10,ic_raw,8,0.05346771726012542,0.6777614753456083,0.6208010329868149,True,0.009803915321358384,0.09713151919889244,1325.5,,0.04399171270718232,False,NO_EVIDENCE
expected_move_pct,NUMERIC,1,ic_thesis,8,-0.007601873659885172,-0.5161884578577149,0.6216233992979289,False,-0.017675521799283486,0.0024717744795131422,603.0,,0.044060773480662986,False,NO_EVIDENCE
layer2__median_max_drawdown,NUMERIC,1,ic_thesis,8,-0.013448525330691631,-0.5128386042838436,0.6238468238874455,False,-0.05585694383705149,0.028959893175668223,1379.0,,0.04412983425414365,False,NO_EVIDENCE
gamma_island_distance_pct,NUMERIC,5,ic_raw,14,-0.019266580315702383,-0.5336427957842401,0.6242816410801132,False,0.02157293777761881,-0.060106098409023576,1005.5,,0.04419889502762431,False,NO_EVIDENCE
repricing_direction,LABEL,20,mean_signed_bps,6,40.976330830007775,0.6685846025267024,0.624821359629156,False,101.32287806309309,-19.37021640307754,699.0,0.5070615806700373,0.04426795580110498,False,NO_EVIDENCE
options_research_score,NUMERIC,20,ic_raw,7,-0.019376338909165743,-0.6670795772258562,0.6254839661936591,True,-0.007636518824577017,-0.028181203972607285,1343.0,,0.044337016574585636,False,NO_EVIDENCE
l3_vol_forecast_conf,NUMERIC,20,ic_raw,7,-0.019167660423091117,-0.6624568546864718,0.6275249420881926,False,-0.058941131574119725,0.010662442940180343,1343.0,,0.0444060773480663,False,NO_EVIDENCE
layer2__ret_pctl_20d_p70,NUMERIC,1,ic_raw,15,-0.017160393190232947,-0.49454224460609086,0.6285931655062356,True,-0.021272697167660427,-0.013562127209983905,1399.0,,0.044475138121546964,False,NO_EVIDENCE
layer2__ret_pctl_20d_p60,NUMERIC,10,ic_raw,8,-0.01886910466092219,-0.659974199319181,0.6286246505828621,True,-0.006770747568571789,-0.030967461753272592,1325.5,,0.04454419889502763,False,NO_EVIDENCE
hv_30d,NUMERIC,5,ic_raw,14,-0.05270887455023094,-0.5263027259907296,0.6288902908599229,True,-0.05617838708371798,-0.04923936201674389,585.5,,0.04461325966850829,False,NO_EVIDENCE
layer2__ret_pctl_20d_p30,NUMERIC,10,ic_raw,8,0.0518935601813698,0.6590428187358898,0.6290378598880039,True,0.00579716872334269,0.09798995163939692,1325.5,,0.04468232044198895,False,NO_EVIDENCE
range_pct,NUMERIC,5,ic_raw,14,-0.03347968720312244,-0.5256333881294188,0.6293116046057667,True,-0.0026181395664366222,-0.06434123483980826,1358.0,,0.04475138121546962,False,NO_EVIDENCE
l3_vol_forecast_conf,NUMERIC,10,ic_raw,10,-0.020306896132241892,-0.6569479411904904,0.6299685505373358,True,-0.03032522251568164,-0.010288569748802134,1325.5,,0.04482044198895028,False,NO_EVIDENCE
layer2__ret_pctl_10d_p30,NUMERIC,5,ic_raw,12,0.0333096266689003,0.5345498079218493,0.630040092690962,False,-0.01278929353558308,0.07940854687338368,1358.0,,0.04488950276243094,False,NO_EVIDENCE
term_ratio,NUMERIC,1,ic_raw,7,-0.016969006873309555,-0.5068855917024684,0.6303198863803507,True,-0.03403366321378478,-0.00417051461795314,932.0,,0.0449585635359116,False,NO_EVIDENCE
ev_10d,NUMERIC,20,ic_raw,7,0.057393804942774664,0.6555999605635326,0.6305683645014336,False,-0.05121779161981801,0.13885250236471913,550.0,,0.04502762430939227,False,NO_EVIDENCE
expected_value_5d,NUMERIC,5,ic_raw,14,0.02374505861698752,0.5149279929046802,0.636073865279879,True,0.020668753664463028,0.02682136356951201,1358.0,,0.04509668508287293,False,NO_EVIDENCE
layer2__expected_value_5d,NUMERIC,5,ic_raw,14,0.02374505861698752,0.5149279929046802,0.636073865279879,True,0.020668753664463028,0.02682136356951201,1358.0,,0.04516574585635359,False,NO_EVIDENCE
phantom_gamma_score,NUMERIC,10,ic_raw,10,-0.01182557930632712,-0.6415873519218577,0.6368475843369948,True,-0.007964034573473147,-0.015687124039181093,1325.5,,0.04523480662983426,False,NO_EVIDENCE
layer2__win_rate_10d,NUMERIC,5,ic_raw,14,0.029202317440929243,0.5124277581580577,0.6376595974565954,True,0.0011492183354908192,0.05725541654636766,1358.0,,0.04530386740331492,False,NO_EVIDENCE
layer2__raw_prob_up_10d,NUMERIC,5,ic_raw,14,0.029202317440929243,0.5124277581580577,0.6376595974565954,True,0.0011492183354908192,0.05725541654636766,1358.0,,0.045372928176795585,False,NO_EVIDENCE
win_rate_10d__vg,NUMERIC,5,ic_raw,14,0.029202317440929243,0.5124277581580577,0.6376595974565954,True,0.0011492183354908192,0.05725541654636766,1358.0,,0.04544198895027624,False,NO_EVIDENCE
term_ratio,NUMERIC,5,ic_raw,7,-0.017334519142760865,-0.5888972566975619,0.6399685885541734,True,-0.019351546646595708,-0.015821748514884732,932.0,,0.04551104972375691,False,NO_EVIDENCE
win_probability,NUMERIC,20,ic_raw,7,0.02956732014019822,0.6316899012116363,0.6413312385394075,True,0.012246810282037742,0.042557702533818575,550.0,,0.04558011049723757,False,NO_EVIDENCE
theta_score,NUMERIC,20,ic_raw,7,-0.009916593305615682,-0.629857739867849,0.642165640512927,False,0.00581016723797913,-0.02171166371331179,1343.0,,0.045649171270718235,False,NO_EVIDENCE
tier,NUMERIC,10,ic_raw,10,0.013393980373757908,0.6296568163846348,0.6422572289353196,False,0.02909994847499236,-0.00231198772747654,1325.5,,0.0457182320441989,False,NO_EVIDENCE
mp_priority_score,NUMERIC,10,ic_raw,10,0.02961471165184514,0.6290306039296386,0.6425427864150918,True,0.04729381259535817,0.011935610708332104,1213.5,,0.04578729281767956,False,NO_EVIDENCE
runway_score,NUMERIC,10,ic_raw,10,0.026489092878098565,0.6287890730573323,0.64265296935284,False,0.05751716898308119,-0.004538983226884059,1325.5,,0.04585635359116022,False,NO_EVIDENCE
phantom_iv_hist_median,NUMERIC,20,ic_raw,7,-0.06084451925734385,-0.6254656371725629,0.6441715097294427,False,0.07204472903916588,-0.16051145547972615,1343.0,,0.045925414364640885,False,NO_EVIDENCE
contract_charm,NUMERIC,10,ic_raw,10,-0.03007751777636633,-0.6247397626652289,0.6445037800444168,True,-0.029681592191251088,-0.030473443361481566,551.0,,0.04599447513812155,False,NO_EVIDENCE
directional_fit_score,NUMERIC,5,ic_raw,9,0.01930310427228848,0.5364745923817061,0.6453175847632493,False,0.045942397040029656,-0.0020083299419044556,1345.0,,0.04606353591160221,False,NO_EVIDENCE
rr,NUMERIC,20,ic_raw,7,-0.006723103174081131,-0.6199580193954616,0.6466980516447592,False,-0.018725840335243906,0.0022789496967909498,1343.0,,0.04613259668508288,False,NO_EVIDENCE
rr_underlying,NUMERIC,20,ic_raw,7,-0.006723103174081131,-0.6199580193954616,0.6466980516447592,False,-0.018725840335243906,0.0022789496967909498,1343.0,,0.04620165745856354,False,NO_EVIDENCE
EMA21,NUMERIC,1,ic_thesis,8,-0.009459819301180788,-0.4771916496960646,0.6477643208230786,True,-0.009013191593647737,-0.00990644700871384,1379.0,,0.046270718232044206,False,NO_EVIDENCE
layer2__recommended_hold_days,NUMERIC,10,ic_raw,8,0.05132474513784385,0.6150512191547974,0.648959500634714,True,0.01811930802327028,0.08453018225241743,1325.5,,0.04633977900552486,False,NO_EVIDENCE
layer2__ret_pctl_20d_p50,NUMERIC,10,ic_raw,8,0.051391146457238725,0.6143621311412036,0.6492778825368363,True,0.0007597630335417632,0.10202252988093569,1325.5,,0.04640883977900553,False,NO_EVIDENCE
median_max_drawdown_5d,NUMERIC,1,ic_thesis,8,-0.012328999899494413,-0.4723555019353214,0.6510446883922948,False,-0.05552288841085412,0.030864888611865295,1379.0,,0.04647790055248619,False,NO_EVIDENCE
layer2__median_max_drawdown_5d,NUMERIC,1,ic_thesis,8,-0.012328999899494413,-0.4723555019353214,0.6510446883922948,False,-0.05552288841085412,0.030864888611865295,1379.0,,0.046546961325966855,False,NO_EVIDENCE
composite_adjusted,NUMERIC,10,ic_raw,10,0.02962195587576184,0.6095226593351531,0.6515193981741866,False,0.06279342972560904,-0.0035495179740853535,1325.5,,0.04661602209944751,False,NO_EVIDENCE
atm_iv,NUMERIC,20,ic_raw,7,-0.0645369796481146,-0.608435026346344,0.6520244906552684,False,0.0817760922905905,-0.17427178360214343,1304.0,,0.04668508287292818,False,NO_EVIDENCE
ev2_quality_score,NUMERIC,10,ic_raw,10,0.033505739187754235,0.6083355960869862,0.6520706900268233,False,0.07517764524497902,-0.008166166869470548,1325.5,,0.04675414364640884,False,NO_EVIDENCE
layer2__ret_pctl_10d_p70,NUMERIC,1,ic_raw,15,-0.016336381374529134,-0.46029831152056866,0.6523701108737819,True,-0.01388853914148036,-0.018478243328446817,1399.0,,0.046823204419889505,False,NO_EVIDENCE
prob_drift,NUMERIC,10,ic_raw,10,-0.02945066081644355,-0.6068322604751107,0.6527696984865132,False,-0.06341873039999534,0.004517408767108236,1325.5,,0.04689226519337017,False,NO_EVIDENCE
layer2__ret_pctl_20d_p40,NUMERIC,10,ic_raw,8,0.04937619217985099,0.6056182169755506,0.6533348750805201,True,2.6343102588848727e-05,0.09872604125711312,1325.5,,0.046961325966850834,False,NO_EVIDENCE
composite_score,NUMERIC,10,ic_raw,10,0.0293958799012206,0.6047986534010765,0.653716752461381,False,0.06282732608854799,-0.00403556628610679,1325.5,,0.0470303867403315,False,NO_EVIDENCE
composite,NUMERIC,10,ic_raw,10,0.0293958799012206,0.6047986534010765,0.653716752461381,False,0.06282732608854799,-0.00403556628610679,1325.5,,0.047099447513812155,False,NO_EVIDENCE
prob_rejection,NUMERIC,10,ic_raw,10,-0.0293958799012206,-0.6047986534010765,0.653716752461381,False,-0.06282732608854799,0.00403556628610679,1325.5,,0.04716850828729282,False,NO_EVIDENCE
prob_breakout,NUMERIC,10,ic_raw,10,0.02939406600880169,0.6047434138274279,0.6537425014317051,False,0.06282489759686445,-0.004036765579261073,1325.5,,0.047237569060773484,False,NO_EVIDENCE
layer2__ret_pctl_20d_p20,NUMERIC,10,ic_raw,8,0.04330696707552727,0.6038704649115078,0.6541495786980679,True,0.0019250856901330757,0.08468884846092145,1325.5,,0.04730662983425415,False,NO_EVIDENCE
ev2_p_win_blended,NUMERIC,10,ic_raw,10,0.037384290565893215,0.6031567846528496,0.6544826188740566,False,0.08944915951732971,-0.014680578385543286,1325.5,,0.047375690607734805,False,NO_EVIDENCE
contract_vanna,NUMERIC,1,ic_raw,17,-0.007593558218612094,-0.45595688170341797,0.6545485829269153,False,-0.0191409873247459,0.0026708232090623943,603.0,,0.047444751381215476,False,NO_EVIDENCE
days_above_ema50,NUMERIC,20,ic_raw,7,0.041151447130350426,0.601608125923934,0.6552060265850228,False,-0.0354647540464403,0.09861359801294348,1343.0,,0.04751381215469613,False,NO_EVIDENCE
EMA9,NUMERIC,1,ic_thesis,8,-0.009319342318136043,-0.4662181426115035,0.6552196271484062,True,-0.010046537679296497,-0.008592146956975587,1379.0,,0.0475828729281768,False,NO_EVIDENCE
gamma_flip_gap_pct,NUMERIC,10,ic_raw,10,0.020691172141388055,0.6007971833476548,0.6555852282561664,True,0.02895504697682021,0.012427297305955905,1278.0,,0.04765193370165746,False,NO_EVIDENCE
gap_pct,NUMERIC,5,ic_raw,14,-0.04454623288479905,-0.4837731245283599,0.6560040747274898,False,0.010198359812474245,-0.09929082558207236,1358.0,,0.047720994475138126,False,NO_EVIDENCE
layer2__raw_expected_return,NUMERIC,5,ic_raw,14,0.017060499167534104,0.4829273894168667,0.6565502214432293,False,-0.01941500472122526,0.05353600305629347,1358.0,,0.04779005524861879,False,NO_EVIDENCE
layer2__ret_pctl_20d_p90,NUMERIC,10,ic_raw,8,-0.04264908989724754,-0.5977149323783693,0.6570289856552723,True,-0.002164163870691127,-0.08313401592380396,1325.5,,0.04785911602209945,False,NO_EVIDENCE
phantom_iv_kl_divergence,NUMERIC,1,ic_thesis,8,-0.005349892759130431,-0.46320168076580553,0.6572764439549605,False,-0.012614185989463435,0.0019144004712025727,1379.0,,0.04792817679558012,False,NO_EVIDENCE
path_score,NUMERIC,10,ic_raw,10,0.0300529395419716,0.5966459279833831,0.6575306346775455,False,0.06655985848164125,-0.006453979397698044,1325.5,,0.047997237569060776,False,NO_EVIDENCE
layer2__ret_pctl_10d_p60,NUMERIC,1,ic_raw,15,-0.011529065464897969,-0.452653207911213,0.6577336592243946,True,-0.009448305406820191,-0.013349730515716028,1399.0,,0.04806629834254144,False,NO_EVIDENCE
ev2_contract_efficiency,NUMERIC,20,ic_raw,7,0.031906397510494344,0.595315237175942,0.6581557442922992,False,-0.034125550973301846,0.08143035887334149,1343.0,,0.0481353591160221,False,NO_EVIDENCE
layer2__ret_pctl_5d_p40,NUMERIC,5,ic_raw,12,0.03201590519372427,0.4864135762185391,0.6599933816836672,False,-0.010788147129653586,0.07481995751710213,1358.0,,0.04820441988950277,False,NO_EVIDENCE
EMA200,NUMERIC,20,ic_raw,7,-0.014997101143878321,-0.5885022062976349,0.6613677201311737,False,-0.03660154568154337,0.00120623225937046,1343.0,,0.048273480662983426,False,NO_EVIDENCE
layer2__ret_pctl_5d_p30,NUMERIC,5,ic_raw,12,0.031057805596491666,0.48412044765551876,0.6614426266672219,False,-0.010146560448398567,0.07226217164138189,1358.0,,0.04834254143646409,False,NO_EVIDENCE
VWAP,NUMERIC,1,ic_thesis,8,-0.009004525565707189,-0.4571036866799414,0.661444171787714,True,-0.008343631907083425,-0.009665419224330955,1379.0,,0.048411602209944754,False,NO_EVIDENCE
layer2__raw_prob_down_5d,NUMERIC,5,ic_raw,14,-0.024172315055442577,-0.47456194474443814,0.6619666744684839,True,-0.008407825828072252,-0.03993680428281291,1358.0,,0.04848066298342542,False,NO_EVIDENCE
layer2__recommended_hold_days,NUMERIC,1,ic_raw,15,0.01639359728645418,0.4462677789496708,0.6622285218210181,True,0.013042035579166713,0.019326213780330694,1399.0,,0.04854972375690608,False,NO_EVIDENCE
gamma_flip,NUMERIC,10,ic_raw,10,-0.015583627910734376,-0.586334549288359,0.6623936765663179,True,-0.027954598671045022,-0.0032126571504237284,1279.0,,0.04861878453038674,False,NO_EVIDENCE
expected_move_5d,NUMERIC,10,ic_raw,10,0.02886954753330398,0.5850298085442143,0.6630121495018223,False,0.06673848020431979,-0.00899938513771181,1325.5,,0.04868784530386741,False,NO_EVIDENCE
days_above_ema50,NUMERIC,1,ic_thesis,8,-0.011743394416747592,-0.45340532272668405,0.6639781492018065,False,-0.06668950001527883,0.04320271118178365,1379.0,,0.04875690607734807,False,NO_EVIDENCE
layer2__recommended_hold_days,NUMERIC,5,ic_raw,12,0.02664562685185103,0.47160168301907074,0.6693893831605394,True,0.009207857221741769,0.04408339648196028,1358.0,,0.04882596685082873,False,NO_EVIDENCE
EMA50,NUMERIC,1,ic_thesis,8,-0.00905638219068261,-0.44549242511113196,0.6694155879688275,True,-0.006058786647234417,-0.012053977734130807,1379.0,,0.04889502762430939,False,NO_EVIDENCE
layer2__adjusted_expected_return,NUMERIC,20,ic_raw,7,0.031361730591452905,0.5693439920135712,0.6705026347777029,False,-0.0425648357767675,0.0868066553676182,1343.0,,0.04896408839779006,False,NO_EVIDENCE
wyckoff_transition_conf,NUMERIC,10,ic_raw,10,0.01712328528034532,0.5690786816854768,0.6706302039645918,False,0.04787202911248551,-0.013625458551794867,1325.5,,0.04903314917127072,False,NO_EVIDENCE
regime_instability_score,NUMERIC,1,ic_raw,17,0.012008020843514966,0.432956080528061,0.6708264061952984,True,0.02257580058150361,0.0026144388541917297,1379.0,,0.04910220994475138,False,NO_EVIDENCE
l3_expected_move_11_20d,NUMERIC,5,ic_raw,14,-0.04340090732052102,-0.4602228326016549,0.6713109146367072,True,-0.02320814973974947,-0.06359366490129256,1358.0,,0.049171270718232046,False,NO_EVIDENCE
l3_expected_move_1_5d,NUMERIC,5,ic_raw,14,-0.04339690382826037,-0.46022226566420327,0.6713112855700686,True,-0.023229287682364746,-0.06356451997415598,1358.0,,0.04924033149171271,False,NO_EVIDENCE
l3_expected_move_6_10d,NUMERIC,5,ic_raw,14,-0.04339518610379428,-0.46013495018994355,0.6713684153475103,True,-0.023189363984239247,-0.06360100822334931,1358.0,,0.049309392265193375,False,NO_EVIDENCE
EMA50,NUMERIC,20,ic_raw,7,-0.015292256946593958,-0.566638297363139,0.6718049790525237,False,-0.04339747488075205,0.005786656504024618,1343.0,,0.04937845303867403,False,NO_EVIDENCE
layer2__ret_pctl_20d_p80,NUMERIC,10,ic_raw,8,-0.04238353686834405,-0.5634982519968,0.6733201853447043,False,0.0004527685741717545,-0.08521984231085986,1325.5,,0.0494475138121547,False,NO_EVIDENCE
days_in_range,NUMERIC,5,ic_raw,12,0.02216053899106815,0.4652857348215137,0.6734209094046849,False,0.05317835951485617,-0.008857281532719873,693.5,,0.04951657458563536,False,NO_EVIDENCE
layer2__momentum_score,NUMERIC,5,ic_raw,14,0.029006551474990507,0.4527416535551755,0.6762157706688772,True,0.05211661109153308,0.005896491858447923,1358.0,,0.049585635359116025,False,NO_EVIDENCE
ticker_sector_alignment_score,NUMERIC,20,ic_raw,6,-0.03131797647556268,-0.55746667863108,0.6762421089902421,True,-0.038005931129125065,-0.02463002182200029,1299.0,,0.04965469613259669,False,NO_EVIDENCE
eil_ev_score,NUMERIC,5,ic_raw,14,0.011235645522260173,0.45265936698219833,0.6762698318476682,False,0.02347267269895677,-0.0010013816544364221,1278.5,,0.04972375690607735,False,NO_EVIDENCE
atr_pct,NUMERIC,5,ic_raw,14,-0.042905982991389556,-0.45257748098491823,0.6763236322631415,True,-0.016862674483228254,-0.06894929149955085,1358.0,,0.04979281767955801,False,NO_EVIDENCE
layer2__ret_pctl_20d_p60,NUMERIC,1,ic_raw,15,-0.00825857596357103,-0.42617488134134407,0.6764601280930094,True,-0.012708397346016611,-0.004364982253931152,1399.0,,0.049861878453038674,False,NO_EVIDENCE
contract_charm,NUMERIC,1,ic_thesis,8,0.010423685154350035,0.43438712624615744,0.6770826563132528,False,-0.013297930082500482,0.034145300391200555,603.0,,0.04993093922651934,False,NO_EVIDENCE
phase_convergence,NUMERIC,1,ic_thesis,8,-0.008209008381779011,-0.43325585646340653,0.6778660111658636,False,-0.031549324971845136,0.015131308208287113,1379.0,,0.05,False,NO_EVIDENCE
layer2__ret_pctl_10d_p20,NUMERIC,10,ic_raw,8,0.03899094331426507,0.5538323347175348,0.6780099802376928,False,-0.0006110298638273559,0.0785929164923575,1325.5,,0.05006906077348067,False,NO_EVIDENCE
entropy_score,NUMERIC,1,ic_thesis,8,0.005668247985545334,0.43295862654860245,0.6780719008255544,False,-0.013393721962054583,0.024730217933145247,1379.0,,0.050138121546961324,False,NO_EVIDENCE
layer2__ret_pctl_10d_p40,NUMERIC,1,ic_thesis,8,-0.011896401218175232,-0.43285903823794847,0.6781408917420971,False,-0.059552260626775974,0.03575945819042551,1399.0,,0.050207182320441995,False,NO_EVIDENCE
actuarial_sample,NUMERIC,10,ic_raw,10,-0.031403760523241356,-0.5531562151885113,0.6783394701231023,False,-0.08284136785156529,0.02003384680508257,1325.5,,0.05027624309392266,False,NO_EVIDENCE
adv_dollars,NUMERIC,1,ic_thesis,8,0.009879942808609973,0.4317941000366938,0.6788788464518396,False,0.021906781338172067,-0.002146895720952121,1379.0,,0.05034530386740332,False,NO_EVIDENCE
catalyst_direction_bias,LABEL,1,mean_signed_bps,9,-4.540068048604033,-0.4288506272043705,0.6793461325854482,False,1.8757581259204539,-9.672728988223621,1346.0,0.499770043467344,0.05041436464088398,False,NO_EVIDENCE
layer1__acceptance__flow_quality__ratio,NUMERIC,5,ic_raw,11,-0.009785841972892513,-0.4613761067967914,0.6795195607792304,False,-0.031082878144537245,0.007961688170144763,1307.0,,0.05048342541436464,False,NO_EVIDENCE
gamma_flip_gap_pct,NUMERIC,1,ic_raw,17,-0.006119774886833208,-0.42027444618018295,0.6798749246617254,False,0.004558312791475432,-0.015611408378663113,1262.0,,0.0505524861878453,False,NO_EVIDENCE
options_score_pre_macro,NUMERIC,10,ic_raw,10,-0.020726567587081673,-0.5471439630959809,0.68127769106181,True,-0.01887192138858799,-0.02258121378557535,551.0,,0.050621546961325974,False,NO_EVIDENCE
thesis_move_total,NUMERIC,1,ic_thesis,8,-0.015029541275461222,-0.4264902407565181,0.6825597980148645,False,-0.04075207460275477,0.010692992051832332,1039.0,,0.05069060773480663,False,NO_EVIDENCE
gamma_island_isolation_ratio,NUMERIC,5,ic_raw,14,0.008325977849594034,0.44267613088976493,0.6828466098160915,True,0.002990037849593071,0.013661917849595,1005.5,,0.050759668508287295,False,NO_EVIDENCE
layer2__avg_momentum_delta,NUMERIC,5,ic_raw,14,-0.01923795956663336,-0.44061005006017323,0.6842121216713508,True,-0.03520397915132608,-0.0032719399819406384,1358.0,,0.05082872928176796,False,NO_EVIDENCE
transition_success_10d,NUMERIC,1,ic_thesis,8,0.0077692392000168545,0.42283979550688605,0.6850986580015815,False,0.040712002750437806,-0.025173524350404094,1379.0,,0.050897790055248616,False,NO_EVIDENCE
phase_transition_probability,NUMERIC,1,ic_thesis,8,0.0077692392000168545,0.42283979550688605,0.6850986580015815,False,0.040712002750437806,-0.025173524350404094,1379.0,,0.05096685082872929,False,NO_EVIDENCE
transition_success_20d,NUMERIC,1,ic_thesis,8,0.00776901783667373,0.42283208057062377,0.6851040283261155,False,0.040711618321857324,-0.025173582648509864,1379.0,,0.05103591160220995,False,NO_EVIDENCE
transition_success_5d,NUMERIC,1,ic_thesis,8,0.007768575999549275,0.42281837258136284,0.6851135704299118,False,0.04071066643232471,-0.02517351443322616,1379.0,,0.05110497237569061,False,NO_EVIDENCE
contract_vanna,NUMERIC,1,ic_thesis,8,-0.004909595801722988,-0.421043310500302,0.6863497077552729,True,-0.004812557617104389,-0.0050066339863415864,603.0,,0.05117403314917127,False,NO_EVIDENCE
layer2__ret_pctl_20d_p30,NUMERIC,1,ic_thesis,8,-0.012078095175108515,-0.42062600825981267,0.6866404629798811,False,-0.056111695119433924,0.03195550476921689,1399.0,,0.051243093922651944,False,NO_EVIDENCE
layer2__ret_pctl_5d_p20,NUMERIC,10,ic_raw,8,0.03719003230678109,0.5345968004037418,0.687457584466885,False,-0.0008620456756463259,0.0752421102892085,1325.5,,0.051312154696132595,False,NO_EVIDENCE
contract_spread_pct,NUMERIC,20,ic_raw,7,-0.015172609647284382,-0.5340485981686919,0.687729071186867,True,-0.029179771068263336,-0.004667238581550168,550.0,,0.051381215469613266,False,NO_EVIDENCE
expected_move_pct,NUMERIC,5,ic_raw,14,-0.04290010082743204,-0.43445569534414785,0.6882885413447937,True,-0.04591228325218396,-0.0398879184026801,587.0,,0.05145027624309392,False,NO_EVIDENCE
eil_spread_pct_live,NUMERIC,1,ic_thesis,8,-0.0029684348455649174,-0.4179655859767683,0.6884954472732334,True,-0.005582455803754222,-0.0003544138873756123,603.0,,0.05151933701657459,False,NO_EVIDENCE
phantom_iv_surface_entropy,NUMERIC,5,ic_raw,14,0.019567122493082255,0.43338249357232506,0.6890007476054301,True,0.0046374643643080785,0.03449678062185642,1358.0,,0.05158839779005525,False,NO_EVIDENCE
layer2__avg_atr_delta,NUMERIC,1,ic_thesis,8,-0.006548310665258193,-0.4162535529582326,0.6896903831244745,False,0.011669448347466279,-0.024766069677982665,1379.0,,0.05165745856353591,False,NO_EVIDENCE
move_theta_ratio,NUMERIC,1,ic_raw,17,0.006775439598097851,0.4065097454484435,0.6897537047551036,True,0.013661989722443434,0.0006540617097906736,603.0,,0.05172651933701658,False,NO_EVIDENCE
options_strategy,LABEL,5,mean_signed_bps,14,-28.588948966241986,-0.4315890168788121,0.6901918431817735,False,-63.136665882647726,5.958767950163741,559.0,0.4912315704827982,0.051795580110497244,False,NO_EVIDENCE
eil_ev_v2,NUMERIC,5,ic_raw,14,0.010993216779987321,0.43133382912846696,0.6903614110180222,False,0.023161945454523023,-0.0011755118945483843,1278.5,,0.0518646408839779,False,NO_EVIDENCE
trigger_score,NUMERIC,20,ic_raw,7,-0.02026120110680257,-0.5279871507933531,0.6907391307758293,False,0.01903663398337936,-0.049734577424439014,1343.0,,0.051933701657458566,False,NO_EVIDENCE
eil_gex_score,NUMERIC,10,ic_raw,10,-0.008161111914798229,-0.5278345892035474,0.6908150864282265,True,-0.0035059761240702142,-0.012816247705526246,1325.5,,0.05200276243093924,False,NO_EVIDENCE
vwap_acceptance_score,NUMERIC,20,ic_raw,7,0.01221115531818877,0.525781162832518,0.6918383542372731,True,0.014159911114258827,0.010749588471136225,1343.0,,0.05207182320441989,False,NO_EVIDENCE
expected_value_10d,NUMERIC,5,ic_raw,14,0.019258284573572596,0.4290164846892249,0.6919022799787753,False,-0.016319730849741244,0.05483629999688644,1358.0,,0.05214088397790056,False,NO_EVIDENCE
actuarial_expected_value_10d,NUMERIC,5,ic_raw,14,0.019258284573572596,0.4290164846892249,0.6919022799787753,False,-0.016319730849741244,0.05483629999688644,1358.0,,0.05220994475138122,False,NO_EVIDENCE
layer2__expected_value_10d,NUMERIC,5,ic_raw,14,0.019258284573572596,0.4290164846892249,0.6919022799787753,False,-0.016319730849741244,0.05483629999688644,1358.0,,0.05227900552486188,False,NO_EVIDENCE
ev2_contract_efficiency,NUMERIC,1,ic_thesis,8,-0.005044031950898699,-0.41197188047798794,0.692682985208301,False,0.0016285737502904907,-0.011716637652087889,1379.0,,0.052348066298342544,False,NO_EVIDENCE
actuarial_sample,NUMERIC,1,ic_raw,17,0.009284604461448413,0.40129521430238846,0.6935114315320288,False,-0.02423690312557848,0.039081500094361205,1379.0,,0.0524171270718232,False,NO_EVIDENCE
layer2__raw_prob_up_5d,NUMERIC,5,ic_raw,14,0.02325504913018014,0.42546906447926336,0.6942646577344633,True,0.005784346002331014,0.040725752258029276,1358.0,,0.05248618784530387,False,NO_EVIDENCE
layer2__win_rate_5d,NUMERIC,5,ic_raw,14,0.02325504913018014,0.42546906447926336,0.6942646577344633,True,0.005784346002331014,0.040725752258029276,1358.0,,0.052555248618784536,False,NO_EVIDENCE
win_rate_5d__vg,NUMERIC,5,ic_raw,14,0.02325504913018014,0.42546906447926336,0.6942646577344633,True,0.005784346002331014,0.040725752258029276,1358.0,,0.052624309392265194,False,NO_EVIDENCE
trend_inertia,NUMERIC,1,ic_thesis,8,0.007419749545110902,0.4087424584527579,0.6949440377436583,True,0.002258712200780307,0.012580786889441494,1379.0,,0.05269337016574586,False,NO_EVIDENCE
ev2_ev_final,NUMERIC,5,ic_raw,14,0.01035361116804098,0.41808025416552863,0.6991990483915557,False,0.023161945454523023,-0.002454723118441068,1358.0,,0.05276243093922653,False,NO_EVIDENCE
repair_selector_rejected_spread,NUMERIC,1,ic_raw,8,0.01097104345629676,0.40220824074307165,0.6995290910432347,True,0.015955126504762794,0.005986960407830727,1261.0,,0.05283149171270718,False,NO_EVIDENCE
catalyst_direction_bias,LABEL,5,mean_signed_bps,9,-16.122749685063955,-0.44467557943947283,0.7000454308142408,True,-21.321969153755894,-11.963374110110403,1345.0,0.49820523309587916,0.05290055248618785,False,NO_EVIDENCE
phantom_posterior_ci_low,NUMERIC,1,ic_raw,12,0.008192626301996353,0.39545437827182006,0.7000689718730594,True,0.010162871958116134,0.006222380645876574,1419.5,,0.052969613259668515,False,NO_EVIDENCE
phantom_posterior_ci_high,NUMERIC,1,ic_raw,12,0.008192626301996353,0.39545437827182006,0.7000689718730594,True,0.010162871958116134,0.006222380645876574,1419.5,,0.05303867403314917,False,NO_EVIDENCE
phantom_posterior_win_prob,NUMERIC,1,ic_raw,12,0.008192626301996353,0.39545437827182006,0.7000689718730594,True,0.010162871958116134,0.006222380645876574,1419.5,,0.053107734806629836,False,NO_EVIDENCE
layer2__ret_pctl_10d_p95,NUMERIC,10,ic_raw,8,-0.03519989861899766,-0.5084030509222978,0.7005675264469701,False,0.0010559720368793907,-0.0714557692748747,1325.5,,0.05317679558011049,False,NO_EVIDENCE
iv_percentile,NUMERIC,10,ic_raw,10,-0.01958823971906409,-0.5057460586795584,0.7019130522979822,False,-0.03999030491725854,0.0008138254791303562,1277.5,,0.053245856353591164,False,NO_EVIDENCE
phantom_iv_entropy_score,NUMERIC,10,ic_raw,10,-0.016403908709220632,-0.5047435992369713,0.702421456311436,False,-0.0369952543827418,0.00418743696430054,1325.5,,0.05331491712707183,False,NO_EVIDENCE
phantom_iv_entropy,NUMERIC,10,ic_raw,10,-0.016403908709220632,-0.5047435992369713,0.702421456311436,False,-0.0369952543827418,0.00418743696430054,1325.5,,0.053383977900552486,False,NO_EVIDENCE
ev_structural,NUMERIC,1,ic_raw,17,0.009523328320872191,0.3886241516168818,0.7026768624841854,False,-0.030267001464982797,0.044892510352743296,603.0,,0.05345303867403315,False,NO_EVIDENCE
theta_score,NUMERIC,1,ic_raw,17,0.005491899194743968,0.387480537721049,0.7035064415009583,False,0.032484673157903335,-0.01850167766139769,1379.0,,0.05352209944751382,False,NO_EVIDENCE
runway_score,NUMERIC,1,ic_raw,17,0.005913461896621093,0.38696190824590093,0.7038827836202288,False,0.025717802256697297,-0.011690396201224426,1379.0,,0.05359116022099447,False,NO_EVIDENCE
ivp_252d,NUMERIC,5,ic_raw,14,-0.012161052340030148,-0.4104349788706879,0.7043242375161369,False,-0.024846442930657,0.0005243382505966973,585.0,,0.05366022099447514,False,NO_EVIDENCE
ivp_30d,NUMERIC,1,ic_thesis,8,-0.007225153157110517,-0.39334561383170413,0.7057694953862618,False,-0.02630805873104707,0.011857752416826036,602.0,,0.05372928176795581,False,NO_EVIDENCE
layer2__ret_pctl_20d_p60,NUMERIC,5,ic_raw,12,0.016240529054104776,0.4153481858774368,0.7058060932286817,True,0.0151637080985485,0.017317350009661055,1358.0,,0.053798342541436464,False,NO_EVIDENCE
expected_move_20d,NUMERIC,1,ic_thesis,8,0.00842802586597104,0.39122326862329326,0.7072675266293298,False,0.026254940642224722,-0.009398888910282645,1379.0,,0.05386740331491713,False,NO_EVIDENCE
compression_ratio,NUMERIC,5,ic_raw,12,0.04801533934899443,0.41202699752510963,0.7079911121937273,False,0.18503965281342727,-0.0890089741154384,693.5,,0.0539364640883978,False,NO_EVIDENCE
layer2__avg_atr_delta,NUMERIC,10,ic_raw,10,-0.028617988266196916,-0.49223216495214606,0.7088011697278775,False,0.011575059744452266,-0.06881103627684611,1325.5,,0.05400552486187846,False,NO_EVIDENCE
layer2__ret_pctl_5d_p70,NUMERIC,1,ic_raw,15,-0.013197085479947968,-0.3806841709754919,0.7091515850561912,True,-0.014259586678277956,-0.012267396931409233,1399.0,,0.05407458563535912,False,NO_EVIDENCE
fd_ev_used,NUMERIC,5,ic_raw,14,0.010662534656856038,0.40275021581637016,0.7094956563348059,False,0.02305421734414487,-0.0017291480304328006,1278.5,,0.05414364640883978,False,NO_EVIDENCE
eil_obi_score,NUMERIC,1,ic_raw,17,-0.005044684208640793,-0.379229630184699,0.7095030723067718,False,-0.016073314821959967,0.004758543003198473,1307.0,,0.05421270718232044,False,NO_EVIDENCE
catalyst_binary_score,NUMERIC,10,ic_raw,9,0.00795738839625112,0.49017774371668055,0.709854826167895,True,0.004672123291495366,0.010585600480055723,1307.0,,0.05428176795580111,False,NO_EVIDENCE
phantom_iv_surface_entropy,NUMERIC,1,ic_raw,17,0.009241929096772449,0.37824070408742394,0.7102231435953148,False,0.030397276766200798,-0.009562824387163858,1379.0,,0.054350828729281764,False,NO_EVIDENCE
layer2__ret_pctl_20d_p20,NUMERIC,5,ic_raw,12,0.025475231075874582,0.408124743064389,0.7105632399028603,False,-0.024553720479702622,0.0755041826314518,1358.0,,0.054419889502762435,False,NO_EVIDENCE
fusion_alignment_score,NUMERIC,10,ic_raw,10,0.016856455195113598,0.4872666362978975,0.7113507855088509,False,0.05025708468914155,-0.016544174298914353,1325.5,,0.0544889502762431,False,NO_EVIDENCE
ivp_30d,NUMERIC,1,ic_raw,17,0.007901019758013739,0.374974127056229,0.7126036641599555,False,0.034877403915150956,-0.016077988381663785,602.0,,0.054558011049723756,False,NO_EVIDENCE
phantom_iv_entropy_score,NUMERIC,5,ic_raw,14,-0.008556913730696019,-0.39796467289555476,0.7127259531767848,False,-0.019137827104407538,0.0020239996430155,1358.0,,0.05462707182320442,False,NO_EVIDENCE
phantom_iv_entropy,NUMERIC,5,ic_raw,14,-0.008556913730696019,-0.39796467289555476,0.7127259531767848,False,-0.019137827104407538,0.0020239996430155,1358.0,,0.05469613259668509,False,NO_EVIDENCE
layer2__avg_momentum_delta,NUMERIC,10,ic_raw,10,-0.025323857485604156,-0.48384753055214114,0.7131121792327001,False,0.012090279583463577,-0.06273799455467188,1325.5,,0.05476519337016575,False,NO_EVIDENCE
ivp_252d,NUMERIC,1,ic_raw,17,0.007820896635097597,0.37276723189207245,0.7142136815211079,True,0.00502955689281607,0.010302087517125615,602.0,,0.05483425414364641,False,NO_EVIDENCE
layer2__ret_pctl_20d_p95,NUMERIC,10,ic_raw,8,-0.03340408288962805,-0.48011753489542963,0.7150391244862458,False,0.0050723097836714096,-0.07188047556292751,1325.5,,0.05490331491712708,False,NO_EVIDENCE
phantom_gamma_trajectory,NUMERIC,5,ic_raw,14,-0.023954246957980208,-0.3940450370209385,0.7153773535519623,False,-0.0524225983621048,0.004514104446144378,1358.0,,0.054972375690607735,False,NO_EVIDENCE
phantom_gamma_trajectory_signed,NUMERIC,5,ic_raw,14,-0.023954246957980208,-0.3940450370209385,0.7153773535519623,False,-0.0524225983621048,0.004514104446144378,1358.0,,0.055041436464088406,False,NO_EVIDENCE
compression_energy,NUMERIC,10,ic_raw,10,-0.04926574887858702,-0.47943782916929994,0.7153908711990903,True,-0.00047991801720692064,-0.09805157973996712,1325.5,,0.055110497237569056,False,NO_EVIDENCE
days_in_range,NUMERIC,1,ic_thesis,8,-0.00840390127100339,-0.37969662114760033,0.7154276203631437,True,-0.00186597558798815,-0.01494182695401863,677.0,,0.05517955801104973,False,NO_EVIDENCE
layer2__trend_direction,LABEL,1,mean_signed_bps,8,-8.008183338802803,-0.3784695925844918,0.7162986523103048,False,-40.121107211226004,24.104740533620397,650.5,0.4754329009140509,0.05524861878453039,False,NO_EVIDENCE
layer2__ret_pctl_5d_p90,NUMERIC,10,ic_raw,8,-0.03251883371692041,-0.47707420615115054,0.7166154937354859,False,0.00469286950557176,-0.06973053693941257,1325.5,,0.05531767955801105,False,NO_EVIDENCE
sector_alignment_score,NUMERIC,1,ic_thesis,8,0.008268769599822999,0.3767346441010589,0.717531014898193,True,0.0017242749803095328,0.014813264219336465,1379.0,,0.05538674033149171,False,NO_EVIDENCE
vanguard_fwd_momentum_conf,NUMERIC,5,ic_raw,14,0.009558360518358289,0.39081473156294044,0.7175662265661081,True,0.00960109575907586,0.009515625277640717,1358.0,,0.055455801104972384,False,NO_EVIDENCE
market_energy_score,NUMERIC,10,ic_raw,10,-0.045007469720347484,-0.4747465147091122,0.7178237004412085,True,-0.010473182898662711,-0.07954175654203227,1325.5,,0.05552486187845304,False,NO_EVIDENCE
layer2__kelly_fraction,NUMERIC,20,ic_raw,7,-0.04154160846324945,-0.4744893123027916,0.7179573372595192,False,0.08632688637418569,-0.13744297959132581,1343.0,,0.055593922651933705,False,NO_EVIDENCE
ev_final,NUMERIC,5,ic_raw,14,0.010084050562518267,0.3900447473079397,0.7180884716609551,False,0.02305421734414487,-0.0028861162191083367,1358.0,,0.05566298342541437,False,NO_EVIDENCE
ev,NUMERIC,5,ic_raw,14,0.010084050562518267,0.3900447473079397,0.7180884716609551,False,0.02305421734414487,-0.0028861162191083367,1358.0,,0.05573204419889503,False,NO_EVIDENCE
ev_conf_adj,NUMERIC,5,ic_raw,14,0.010084050562518267,0.3900447473079397,0.7180884716609551,False,0.02305421734414487,-0.0028861162191083367,1358.0,,0.0558011049723757,False,NO_EVIDENCE
ev2_ev_conf_adj,NUMERIC,5,ic_raw,14,0.010084050562518267,0.3900447473079397,0.7180884716609551,False,0.02305421734414487,-0.0028861162191083367,1358.0,,0.05587016574585635,False,NO_EVIDENCE
ev_net,NUMERIC,5,ic_raw,14,0.010084050562518267,0.3900447473079397,0.7180884716609551,False,0.02305421734414487,-0.0028861162191083367,1358.0,,0.05593922651933702,False,NO_EVIDENCE
options_research_score,NUMERIC,1,ic_raw,17,0.006312940827120351,0.36608773766112584,0.7190951136321144,True,0.005707388268442505,0.006851209768167329,1379.0,,0.056008287292817684,False,NO_EVIDENCE
shock_sensitivity,NUMERIC,10,ic_raw,10,0.048608365830465364,0.4718709298880148,0.7193193068555215,False,-0.0002716380962037579,0.09748836975713446,1325.5,,0.05607734806629834,False,NO_EVIDENCE
layer2__expected_value_10d,NUMERIC,20,ic_raw,7,0.04186189670669492,0.4714183491021551,0.7195549992684619,False,-0.0835537460173653,0.13592362874974007,1343.0,,0.056146408839779005,False,NO_EVIDENCE
actuarial_expected_value_10d,NUMERIC,20,ic_raw,7,0.04186189670669492,0.4714183491021551,0.7195549992684619,False,-0.0835537460173653,0.13592362874974007,1343.0,,0.056215469613259676,False,NO_EVIDENCE
expected_value_10d,NUMERIC,20,ic_raw,7,0.04186189670669492,0.4714183491021551,0.7195549992684619,False,-0.0835537460173653,0.13592362874974007,1343.0,,0.056284530386740333,False,NO_EVIDENCE
eil_ev_net,NUMERIC,1,ic_raw,17,-0.004552366311735766,-0.36506297211909366,0.7198451402180088,False,-0.01797865229099712,0.007382110114274323,1307.0,,0.056353591160221,False,NO_EVIDENCE
options_score_pre_macro,NUMERIC,20,ic_raw,7,0.009824696078220787,0.47002301414982994,0.7202821716768976,True,0.012064195831389575,0.008145071263344194,550.0,,0.05642265193370166,False,NO_EVIDENCE
layer2__ret_pctl_20d_p10,NUMERIC,10,ic_raw,8,0.031246879565006516,0.46919059458719425,0.7207163556022571,False,-0.007537547568501762,0.07003130669851479,1325.5,,0.05649171270718232,False,NO_EVIDENCE
layer2__ret_pctl_10d_p90,NUMERIC,10,ic_raw,8,-0.03337407221623151,-0.4667066504638091,0.7220136148322345,False,0.0068231809095168836,-0.07357132534197991,1325.5,,0.05656077348066299,False,NO_EVIDENCE
phantom_iv_entropy,NUMERIC,20,ic_raw,7,-0.017868580130290333,-0.4662932777769908,0.7222297419867298,False,-0.07175563202724126,0.022546708792422862,1343.0,,0.056629834254143654,False,NO_EVIDENCE
phantom_iv_entropy_score,NUMERIC,20,ic_raw,7,-0.017868580130290333,-0.4662932777769908,0.7222297419867298,False,-0.07175563202724126,0.022546708792422862,1343.0,,0.05669889502762431,False,NO_EVIDENCE
phase_strength,NUMERIC,1,ic_thesis,8,-0.006542816678223698,-0.3699235882146601,0.7223777160492931,False,0.00810128444953055,-0.021186917805977947,677.0,,0.056767955801104976,False,NO_EVIDENCE
options_direction,LABEL,5,mean_signed_bps,14,-27.31635282401485,-0.38242932273662256,0.7232639453504871,False,-60.91345599484607,6.280750346816376,1069.5,0.4902071815920976,0.05683701657458563,False,NO_EVIDENCE
layer2__ret_pctl_10d_p99,NUMERIC,10,ic_raw,8,-0.031296116133765664,-0.4635203302452199,0.7236813144803387,False,0.005877176331956339,-0.06846940859948768,1325.5,,0.0569060773480663,False,NO_EVIDENCE
contract_gamma,NUMERIC,5,ic_raw,14,-0.010015418995254637,-0.3796313141864245,0.7251701402916154,False,0.019593381755524292,-0.039624219746033564,587.0,,0.05697513812154697,False,NO_EVIDENCE
volatility_pressure,NUMERIC,10,ic_raw,10,0.04656996897316241,0.4572110164822892,0.7269955396161959,False,-0.0017135059318130364,0.09485344387813785,1325.5,,0.057044198895027626,False,NO_EVIDENCE
expected_move_5d,NUMERIC,5,ic_raw,14,0.013550174274162632,0.376944495473309,0.7270029204835884,True,0.006126634902130148,0.02097371364619512,1358.0,,0.05711325966850829,False,NO_EVIDENCE
phantom_iv_hist_entropy,NUMERIC,20,ic_raw,7,-0.03747245544413683,-0.45614656039784945,0.7275562534310827,False,0.07788555700820814,-0.12399096478339555,1343.0,,0.057182320441988954,False,NO_EVIDENCE
phantom_iv_surface_entropy,NUMERIC,20,ic_raw,7,0.022229600947367097,0.45469595136431856,0.7283211033847017,False,0.08749060653667,-0.026716153244610078,1343.0,,0.05725138121546961,False,NO_EVIDENCE
layer2__ret_pctl_10d_p70,NUMERIC,10,ic_raw,8,-0.03127465723845675,-0.4539112261820725,0.7287352073106153,False,0.013186449241281602,-0.0757357637181951,1325.5,,0.05732044198895028,False,NO_EVIDENCE
expected_move_20d,NUMERIC,5,ic_raw,14,-0.01801117165341501,-0.3728119578500851,0.7298263176288297,True,-0.01339349451801938,-0.022628848788810645,1358.0,,0.05738950276243095,False,NO_EVIDENCE
win_rate_20d,NUMERIC,5,ic_raw,14,-0.018290743147284714,-0.3704484295043893,0.7314435102088175,False,0.024690257617017344,-0.06127174391158678,1358.0,,0.057458563535911604,False,NO_EVIDENCE
layer2__ret_pctl_10d_p10,NUMERIC,10,ic_raw,8,0.0300214775338414,0.44742007292768937,0.7321699959507014,False,-0.010300865930436814,0.07034382099811962,1325.5,,0.05752762430939227,False,NO_EVIDENCE
layer2__ret_pctl_5d_p95,NUMERIC,10,ic_raw,8,-0.03007454646133606,-0.4472578204895849,0.7322560654997777,False,0.004628738908637783,-0.0647778318313099,1325.5,,0.057596685082872925,False,NO_EVIDENCE
layer2__ret_pctl_10d_p80,NUMERIC,10,ic_raw,8,-0.03228507938393588,-0.4465295835778494,0.7326424992820348,False,0.011007495987211246,-0.07557765475508299,1325.5,,0.05766574585635359,False,NO_EVIDENCE
ev_structural,NUMERIC,5,ic_raw,14,0.021788211802679792,0.3686518990557523,0.7326739099637829,False,0.05591517765034435,-0.012338754044984756,587.0,,0.05773480662983426,False,NO_EVIDENCE
risk_10d,NUMERIC,1,ic_raw,17,-0.011676908020905749,-0.3472802237673926,0.7329068246959408,True,-0.00903887768477743,-0.014021823875242041,1379.0,,0.05780386740331492,False,NO_EVIDENCE
actuarial_risk_10d,NUMERIC,1,ic_raw,17,-0.011676908020905749,-0.3472802237673926,0.7329068246959408,True,-0.00903887768477743,-0.014021823875242041,1379.0,,0.05787292817679558,False,NO_EVIDENCE
crabel_score,NUMERIC,10,ic_raw,10,-0.030440599626516913,-0.4430144602112579,0.7345107201876806,True,-0.006349516019778701,-0.05453168323325512,1325.5,,0.057941988950276246,False,NO_EVIDENCE
ticker_sector_alignment_score,NUMERIC,1,ic_raw,12,-0.005627186832284719,-0.34761809761231266,0.734687404024678,True,-0.00629780024557398,-0.004956573418995457,1375.0,,0.058011049723756904,False,NO_EVIDENCE
eil_ev_net,NUMERIC,10,ic_raw,10,-0.016101688897379354,-0.4425223476403127,0.7347726575644594,False,-0.03303907480456793,0.0008356970098092192,1325.5,,0.058080110497237575,False,NO_EVIDENCE
layer2__ret_pctl_10d_p50,NUMERIC,1,ic_thesis,8,-0.0076872727423653205,-0.3520788799568373,0.7351403662356245,False,-0.053220226780988686,0.03784568129625805,1399.0,,0.05814917127071824,False,NO_EVIDENCE
abnormal_repricing_score,NUMERIC,10,ic_raw,10,0.022388230215472208,0.4417026664480799,0.7352091621161579,False,-0.015195777866494328,0.05997223829743875,1325.5,,0.058218232044198896,False,NO_EVIDENCE
win_rate_10d,NUMERIC,5,ic_raw,14,-0.017255650853223982,-0.3649336649169953,0.7352236114488601,False,0.022845334413484058,-0.05735663611993202,1358.0,,0.05828729281767956,False,NO_EVIDENCE
actuarial_win_rate_10d,NUMERIC,5,ic_raw,14,-0.017255650853223982,-0.3649336649169953,0.7352236114488601,False,0.022845334413484058,-0.05735663611993202,1358.0,,0.05835635359116023,False,NO_EVIDENCE
transition_success_5d,NUMERIC,20,ic_raw,7,-0.024917376994138173,-0.44146949432281674,0.7353333815307689,False,0.03769125696562229,-0.07187385246395851,1343.0,,0.05842541436464088,False,NO_EVIDENCE
phase_transition_probability,NUMERIC,20,ic_raw,7,-0.024916393437724373,-0.4414496098054012,0.7353439757391459,False,0.03769278656290276,-0.07187327843819473,1343.0,,0.05849447513812155,False,NO_EVIDENCE
transition_success_10d,NUMERIC,20,ic_raw,7,-0.024916393437724373,-0.4414496098054012,0.7353439757391459,False,0.03769278656290276,-0.07187327843819473,1343.0,,0.05856353591160221,False,NO_EVIDENCE
transition_success_20d,NUMERIC,20,ic_raw,7,-0.0249163580114057,-0.4414437434619386,0.7353471012792349,False,0.037693443826530504,-0.07187370938985785,1343.0,,0.058632596685082874,False,NO_EVIDENCE
layer2__momentum_score,NUMERIC,1,ic_raw,17,0.011475271148095514,0.34358703175582644,0.7356303538223515,False,0.028630496562518124,-0.0037738181091690284,1379.0,,0.05870165745856354,False,NO_EVIDENCE
gamma_velocity_pct,NUMERIC,20,ic_raw,7,0.02670656422093472,0.43951782048319615,0.7363739493461233,False,0.08890873219223105,-0.01994506175753754,550.0,,0.058770718232044196,False,NO_EVIDENCE
layer2__expected_value_5d,NUMERIC,20,ic_raw,7,0.03923798374251355,0.43951637975664803,0.7363747180471025,False,-0.08150080751358306,0.12979207718458602,1343.0,,0.05883977900552487,False,NO_EVIDENCE
expected_value_5d,NUMERIC,20,ic_raw,7,0.03923798374251355,0.43951637975664803,0.7363747180471025,False,-0.08150080751358306,0.12979207718458602,1343.0,,0.05890883977900553,False,NO_EVIDENCE
layer2__ret_pctl_5d_p10,NUMERIC,10,ic_raw,8,0.02881119995821529,0.43673057278200567,0.737862612854228,False,-0.008808238373283962,0.06643063828971454,1325.5,,0.05897790055248619,False,NO_EVIDENCE
layer2__kelly_fraction,NUMERIC,5,ic_raw,14,-0.022044732119821647,-0.359450044428853,0.7389916405155351,True,-0.01487879238053555,-0.02921067185910775,1358.0,,0.05904696132596685,False,NO_EVIDENCE
direction_resolution_put_score,NUMERIC,1,ic_thesis,8,-0.008905689774907279,-0.3461739470788479,0.7393836957222486,True,-0.005709971717640076,-0.01210140783217448,1446.0,,0.059116022099447524,False,NO_EVIDENCE
l3_n_bars,NUMERIC,1,ic_raw,11,0.003489611583473856,0.341261826163623,0.7399684702270087,False,-0.013346430399783013,0.017519646569521246,1346.0,,0.059185082872928174,False,NO_EVIDENCE
dominant_trend,LABEL,20,mean_signed_bps,7,26.977612445173197,0.4320366847304252,0.7403764915169793,False,-13.17928312908665,57.09528412586808,821.0,0.5070240440539132,0.059254143646408845,False,NO_EVIDENCE
layer2__avg_adx_delta,NUMERIC,10,ic_raw,10,-0.009818808947511398,-0.4285389763262287,0.7422553373058478,True,-0.01648586607574058,-0.0031517518192822128,1325.5,,0.05932320441988951,False,NO_EVIDENCE
layer2__raw_prob_down_5d,NUMERIC,20,ic_raw,7,-0.04290217266608859,-0.42229527674517353,0.745621066850664,False,0.10193320236844594,-0.15152870394198947,1343.0,,0.05939226519337017,False,NO_EVIDENCE
ev2_cost_spread,NUMERIC,1,ic_raw,6,-0.005232761758892454,-0.34119374588732454,0.7468282929427263,False,0.018041464143471766,-0.028506987661256672,1446.0,,0.05946132596685083,False,NO_EVIDENCE
layer2__raw_prob_down_10d,NUMERIC,20,ic_raw,7,-0.04257007356423669,-0.4194241115841756,0.747173869972774,False,0.10498407175611035,-0.15323568255449696,1343.0,,0.05953038674033149,False,NO_EVIDENCE
layer1__scenarios__immediate__probability_estimate,NUMERIC,1,ic_raw,11,0.004341857194981303,0.33044859432898754,0.7478800212224798,True,0.002774578733694037,0.005647922579387355,1307.0,,0.05959944751381216,False,NO_EVIDENCE
regime_instability_score,NUMERIC,1,ic_thesis,8,0.007141657731114415,0.333529750418643,0.7485025493087336,False,-0.02343262534633833,0.037715940808567154,1379.0,,0.059668508287292824,False,NO_EVIDENCE
iv_vs_hv,NUMERIC,5,ic_raw,14,-0.009461281671988956,-0.3455440143209332,0.7485878034922284,False,0.02315802978296643,-0.04208059312694434,585.0,,0.05973756906077348,False,NO_EVIDENCE
catalyst_direction_bias,LABEL,20,mean_signed_bps,7,20.92367136435924,0.4167692087938851,0.7486125457792466,False,88.00237122177906,-29.385353528705632,1343.0,0.5047203410885494,0.059806629834254145,False,NO_EVIDENCE
EMA21,NUMERIC,20,ic_raw,7,-0.011794831507573758,-0.4159912750484145,0.7490346180476685,False,-0.04398086391045999,0.012344692794590916,1343.0,,0.059875690607734816,False,NO_EVIDENCE
contract_gamma,NUMERIC,10,ic_raw,10,0.015266930282339533,0.41370573906563096,0.7502759951171664,True,0.015147587542526755,0.015386273022152308,551.0,,0.059944751381215466,False,NO_EVIDENCE
spread_pct,NUMERIC,1,ic_thesis,6,0.007632340648976055,0.3362377110074898,0.7503434122955369,True,0.0068943505855302845,0.008370330712421827,865.5,,0.06001381215469614,False,NO_EVIDENCE
layer1__scenarios__conditional_far__probability_estimate,NUMERIC,5,ic_raw,11,-0.007310860451498452,-0.35190791822554063,0.7508472634270452,False,-0.024529392713633174,0.0070379164336138176,1307.0,,0.0600828729281768,False,NO_EVIDENCE
layer2__ret_pctl_10d_p99,NUMERIC,5,ic_raw,12,-0.02037964686107552,-0.34518064533839693,0.7527430681029152,False,0.026638820486100747,-0.0673981142082518,1358.0,,0.06015193370165746,False,NO_EVIDENCE
win_rate_20d,NUMERIC,10,ic_raw,10,0.028732520802277912,0.40841618962336623,0.7531566727330883,False,0.1020776293963009,-0.04461258779174508,1325.5,,0.06022099447513812,False,NO_EVIDENCE
layer2__raw_expected_drawdown,NUMERIC,1,ic_thesis,8,-0.004926090909375956,-0.32689917774806443,0.753301864823988,False,-0.01607055459733379,0.006218372778581879,1379.0,,0.06029005524861878,False,NO_EVIDENCE
l3_iv_tailwind_score_capped,NUMERIC,5,ic_raw,14,-0.012424117486287944,-0.3374808144791854,0.7541782173826735,True,-0.00238225581368082,-0.022465979158895068,1358.0,,0.06035911602209945,False,NO_EVIDENCE
l3_iv_tailwind_score,NUMERIC,5,ic_raw,14,-0.012422395365557257,-0.3374242804948891,0.7542174805999531,True,-0.0023769835882338102,-0.022467807142880707,1358.0,,0.060428176795580116,False,NO_EVIDENCE
tier,NUMERIC,20,ic_raw,7,0.007470190674984314,0.40564846264976534,0.754668233694885,True,0.007367898529804338,0.007546909783869295,1343.0,,0.06049723756906077,False,NO_EVIDENCE
phantom_posterior_ci_high,NUMERIC,5,ic_raw,9,0.01608620488243369,0.3574565823199634,0.7549467726680138,False,-0.01943632271633474,0.04450422696144842,1371.0,,0.06056629834254144,False,NO_EVIDENCE
phantom_posterior_ci_low,NUMERIC,5,ic_raw,9,0.01608620488243369,0.3574565823199634,0.7549467726680138,False,-0.01943632271633474,0.04450422696144842,1371.0,,0.06063535911602211,False,NO_EVIDENCE
phantom_posterior_win_prob,NUMERIC,5,ic_raw,9,0.01608620488243369,0.3574565823199634,0.7549467726680138,False,-0.01943632271633474,0.04450422696144842,1371.0,,0.06070441988950276,False,NO_EVIDENCE
phantom_score,NUMERIC,20,ic_raw,7,0.008680976205726712,0.40436865621490087,0.7553681715714201,False,-0.0042789216322909685,0.018400899584239974,1343.0,,0.06077348066298343,False,NO_EVIDENCE
layer2__ret_pctl_20d_p05,NUMERIC,10,ic_raw,8,0.02562554927318822,0.40193129384944887,0.7567029095251345,False,-0.011546504663589415,0.06279760320996586,1325.5,,0.060842541436464094,False,NO_EVIDENCE
EMA200,NUMERIC,10,ic_raw,10,-0.015423958754237488,-0.4017820258930587,0.7567847242911402,True,-0.020932921053430194,-0.009914996455044785,1325.5,,0.06091160220994475,False,NO_EVIDENCE
fusion_contradictions,NUMERIC,1,ic_thesis,8,-0.006008381627723879,-0.3218467141374144,0.7569668009506406,True,-0.0009169121984220038,-0.011099851057025755,1379.0,,0.060980662983425415,False,NO_EVIDENCE
expected_move_5d,NUMERIC,1,ic_thesis,8,-0.005195492391875598,-0.3206037860153816,0.7578694242994566,True,-0.008563755948029496,-0.0018272288357217004,1379.0,,0.06104972375690609,False,NO_EVIDENCE
layer2__raw_prob_up_10d,NUMERIC,20,ic_raw,7,0.04017986811529344,0.3993623604292687,0.7581121368115092,False,-0.10605139236290752,0.14985331347394418,1343.0,,0.061118784530386744,False,NO_EVIDENCE
win_rate_10d__vg,NUMERIC,20,ic_raw,7,0.04017986811529344,0.3993623604292687,0.7581121368115092,False,-0.10605139236290752,0.14985331347394418,1343.0,,0.06118784530386741,False,NO_EVIDENCE
layer2__win_rate_10d,NUMERIC,20,ic_raw,7,0.04017986811529344,0.3993623604292687,0.7581121368115092,False,-0.10605139236290752,0.14985331347394418,1343.0,,0.061256906077348065,False,NO_EVIDENCE
layer1__acceptance__flow_quality__ratio,NUMERIC,20,ic_raw,7,-0.012033009079889944,-0.3987779571334006,0.758433068832414,False,-0.0377074541216086,0.007222824701399046,1343.0,,0.06132596685082873,False,NO_EVIDENCE
layer2__raw_prob_up_5d,NUMERIC,20,ic_raw,7,0.04163546534025241,0.39874686628367695,0.7584501463595476,False,-0.10736448168415386,0.1533854256085571,1343.0,,0.0613950276243094,False,NO_EVIDENCE
layer2__win_rate_5d,NUMERIC,20,ic_raw,7,0.04163546534025241,0.39874686628367695,0.7584501463595476,False,-0.10736448168415386,0.1533854256085571,1343.0,,0.06146408839779005,False,NO_EVIDENCE
win_rate_5d__vg,NUMERIC,20,ic_raw,7,0.04163546534025241,0.39874686628367695,0.7584501463595476,False,-0.10736448168415386,0.1533854256085571,1343.0,,0.06153314917127072,False,NO_EVIDENCE
eil_ev_net,NUMERIC,1,ic_thesis,8,-0.005913474984522944,-0.31831955920478894,0.7595293018985046,True,-0.006227724341303515,-0.005599225627742375,1307.0,,0.061602209944751386,False,NO_EVIDENCE
rr_options,NUMERIC,5,ic_raw,14,0.01974019065551821,0.3282493601424468,0.7606016839835121,False,0.04902319437189589,-0.009542813060859457,587.0,,0.061671270718232044,False,NO_EVIDENCE
estimated_R,NUMERIC,5,ic_raw,14,0.01974019065551821,0.3282493601424468,0.7606016839835121,False,0.04902319437189589,-0.009542813060859457,587.0,,0.06174033149171271,False,NO_EVIDENCE
max_convex_r_multiple,NUMERIC,5,ic_raw,14,0.01974019065551821,0.3282493601424468,0.7606016839835121,False,0.04902319437189589,-0.009542813060859457,587.0,,0.06180939226519338,False,NO_EVIDENCE
layer1__acceptance__score,NUMERIC,5,ic_raw,11,0.007414173748576852,0.3367786492858898,0.7610152570279601,True,0.012276981539903965,0.003361833922470926,1307.0,,0.061878453038674036,False,NO_EVIDENCE
direction,LABEL,20,mean_signed_bps,7,19.694597474977375,0.3933757035638212,0.7614058814640572,False,86.76820480558513,-30.61060802297844,1343.0,0.5040281988100589,0.0619475138121547,False,NO_EVIDENCE
layer2__ret_pctl_20d_p40,NUMERIC,1,ic_thesis,8,-0.008591658398542965,-0.3131917402200983,0.7632604722349818,False,-0.05112827300004867,0.03394495620296275,1399.0,,0.062016574585635365,False,NO_EVIDENCE
layer2__ret_pctl_10d_p05,NUMERIC,10,ic_raw,8,0.025385480465821144,0.3887499801357939,0.7639600907258637,False,-0.014115336873327536,0.06488629780496982,1325.5,,0.06208563535911602,False,NO_EVIDENCE
layer2__ret_pctl_5d_p80,NUMERIC,10,ic_raw,8,-0.02780349180274603,-0.3884426265699688,0.7641300873824347,False,0.016088569118767507,-0.07169555272425956,1325.5,,0.06215469613259669,False,NO_EVIDENCE
atm_distance_sigma_1d,NUMERIC,1,ic_raw,8,0.005554411391469708,0.3114783771761701,0.7645086831090468,True,0.008520588644616762,0.0025882341383226507,1039.0,,0.06222375690607734,False,NO_EVIDENCE
atm_distance_sigma,NUMERIC,1,ic_raw,8,0.005554411391469708,0.3114783771761701,0.7645086831090468,True,0.008520588644616762,0.0025882341383226507,1039.0,,0.062292817679558014,False,NO_EVIDENCE
atm_distance_sigma_3d,NUMERIC,1,ic_raw,8,0.005554411391469708,0.3114783771761701,0.7645086831090468,True,0.008520588644616762,0.0025882341383226507,1039.0,,0.06236187845303868,False,NO_EVIDENCE
atm_distance_sigma_2d,NUMERIC,1,ic_raw,8,0.005554411391469708,0.3114783771761701,0.7645086831090468,True,0.008520588644616762,0.0025882341383226507,1039.0,,0.062430939226519336,False,NO_EVIDENCE
iv_vs_hv,NUMERIC,20,ic_raw,7,-0.012874125905562278,-0.38773517563011783,0.7645215111282183,False,0.020319140534391242,-0.037769075735527416,547.0,,0.0625,False,NO_EVIDENCE
catalyst_direction_bias,LABEL,10,mean_signed_bps,9,14.638979724613355,0.38694724619044524,0.7649576824002944,False,47.38224890072633,-11.555635616277025,1344.0,0.5036870111721954,0.06256906077348066,False,NO_EVIDENCE
layer2__ret_pctl_5d_p70,NUMERIC,10,ic_raw,8,-0.026489051501909618,-0.38655810218484454,0.7651731848250816,False,0.01816028341768158,-0.07113838642150082,1325.5,,0.06263812154696133,False,NO_EVIDENCE
layer2__ret_pctl_20d_p01,NUMERIC,10,ic_raw,8,0.02446408177208369,0.3863478622726694,0.7652896361770681,False,-0.011612107718518724,0.06054027126268611,1325.5,,0.06270718232044199,False,NO_EVIDENCE
days_to_trigger,NUMERIC,1,ic_raw,15,0.015245335109624976,0.30275788451765456,0.7665261599326697,False,0.08213014610159683,-0.043278874508350385,677.0,,0.06277624309392266,False,NO_EVIDENCE
gamma_flip_gap_pct,NUMERIC,20,ic_raw,7,0.010160562833914016,0.3840202799354016,0.766579977117524,True,0.01958283150909033,0.0030938613275317776,1304.0,,0.06284530386740332,False,NO_EVIDENCE
abnormal_repricing_score,NUMERIC,1,ic_thesis,8,-0.013599081763019317,-0.30491777614768417,0.7692950934016327,False,-0.08919423423267207,0.06199607070663344,1379.0,,0.06291436464088399,False,NO_EVIDENCE
range_pct,NUMERIC,20,ic_raw,7,-0.033050225081061826,-0.37893501917338146,0.7694060821752222,False,0.09198978657422847,-0.12683023382252956,1343.0,,0.06298342541436464,False,NO_EVIDENCE
gamma_flip,NUMERIC,20,ic_raw,7,-0.010681777476912827,-0.37846595915583464,0.769667241180983,False,-0.039402532953325846,0.010858789130396939,1306.0,,0.0630524861878453,False,NO_EVIDENCE
layer2__ret_pctl_10d_p95,NUMERIC,5,ic_raw,12,-0.01927604967747965,-0.32014968087083234,0.7698570599923211,False,0.027607945982948492,-0.06616004533790777,1358.0,,0.06312154696132598,False,NO_EVIDENCE
gamma_island_isolation_ratio,NUMERIC,1,ic_raw,17,0.0035142953645550144,0.296988724843916,0.7702960310955279,False,0.007501766937486501,-3.012381138408256e-05,997.0,,0.06319060773480663,False,NO_EVIDENCE
actuarial_depth,NUMERIC,1,ic_thesis,8,-0.00983744597145949,-0.30322467855000557,0.7705320879113602,False,-0.06350001195616396,0.04382512001324497,1446.0,,0.06325966850828729,False,NO_EVIDENCE
layer2__adjusted_expected_return,NUMERIC,5,ic_raw,14,0.00856995832017902,0.31232179638177454,0.7717408354586707,False,-0.0022811752827191153,0.01942109192307715,1358.0,,0.06332872928176796,False,NO_EVIDENCE
pcr_signal,LABEL,10,mean_signed_bps,10,15.068059368980235,0.3730615235059229,0.772682113020141,True,25.060634120360454,5.075484617600014,1062.0,0.5046206717530443,0.06339779005524862,False,NO_EVIDENCE
layer2__adjusted_expected_return,NUMERIC,1,ic_thesis,8,0.007805945391929289,0.30026785201152506,0.7726940921673271,False,-0.03361653945949837,0.04922843024335695,1379.0,,0.06346685082872928,False,NO_EVIDENCE
layer2__ret_pctl_10d_p20,NUMERIC,5,ic_raw,12,0.018907445275743968,0.31554837114952716,0.773022701226759,False,-0.02937154088494634,0.06718643143643427,1358.0,,0.06353591160220995,False,NO_EVIDENCE
ATR_14,NUMERIC,1,ic_thesis,8,0.00664876661283058,0.2996060569399158,0.7731782880463659,False,0.0183993784161261,-0.00510184519046494,1379.0,,0.06360497237569061,False,NO_EVIDENCE
contract_vega,NUMERIC,20,ic_raw,7,0.011958717190036928,0.3676295517881913,0.7757231181981923,False,-0.03308880808521935,0.04574436114647913,550.0,,0.06367403314917128,False,NO_EVIDENCE
layer2__ret_pctl_20d_p95,NUMERIC,5,ic_raw,12,-0.019157513326419007,-0.310674245869706,0.776382510032238,False,0.02535064034936363,-0.06366566700220164,1358.0,,0.06374309392265194,False,NO_EVIDENCE
layer2__ret_pctl_5d_p99,NUMERIC,10,ic_raw,8,-0.024761541698817828,-0.36630800728805823,0.7764645885859757,False,0.01076495090816618,-0.06028803430580183,1325.5,,0.06381215469613259,False,NO_EVIDENCE
layer1__scenarios__immediate__probability_estimate,NUMERIC,5,ic_raw,11,-0.006721242224204401,-0.3138463212421256,0.7765574110372246,False,-0.025173652461483464,0.008655766306861481,1307.0,,0.06388121546961327,False,NO_EVIDENCE
eil_ev_net,NUMERIC,5,ic_raw,14,-0.005948118053488527,-0.30407008452521017,0.7775390594608668,False,-0.01260989626724742,0.000713660160270367,1278.5,,0.06395027624309392,False,NO_EVIDENCE
win_probability,NUMERIC,10,ic_raw,10,0.024421468784315968,0.36400634017418226,0.7777574810985991,False,0.05381519073255022,-0.004972253163918273,551.0,,0.06401933701657458,False,NO_EVIDENCE
mp_priority_score,NUMERIC,1,ic_thesis,8,0.008575357398948207,0.29030252442363824,0.779996497227234,False,0.02584080042051168,-0.008690085622615272,1264.0,,0.06408839779005525,False,NO_EVIDENCE
expected_value_5d,NUMERIC,10,ic_raw,10,0.029357507475654982,0.35858187196271635,0.780812074259885,False,-0.042502573241863253,0.10121758819317321,1325.5,,0.06415745856353591,False,NO_EVIDENCE
layer2__expected_value_5d,NUMERIC,10,ic_raw,10,0.029357507475654982,0.35858187196271635,0.780812074259885,False,-0.042502573241863253,0.10121758819317321,1325.5,,0.06422651933701658,False,NO_EVIDENCE
trigger_score,NUMERIC,1,ic_thesis,8,0.005555675527417066,0.28861381487463056,0.7812363394160744,False,0.013785209775452903,-0.0026738587206187716,1379.0,,0.06429558011049724,False,NO_EVIDENCE
ev_ratio,NUMERIC,5,ic_raw,14,0.01690468030275236,0.29782774848574334,0.7819373967999648,False,0.04594308645771659,-0.012133725852211872,587.0,,0.0643646408839779,False,NO_EVIDENCE
layer2__avg_momentum_delta,NUMERIC,20,ic_raw,7,0.01737211427957711,0.35634919140591637,0.7820723965541831,False,0.07351366072566973,-0.024734045554992354,1343.0,,0.06443370165745857,False,NO_EVIDENCE
gamma_island_isolation_ratio,NUMERIC,20,ic_raw,7,0.01227430095157798,0.3552649182125796,0.7826850989697235,False,0.045854099743218746,-0.012910548142152593,1046.0,,0.06450276243093923,False,NO_EVIDENCE
gamma_flip_conf,NUMERIC,5,ic_raw,14,0.015316669521589039,0.29669322275696824,0.7827378790799968,True,0.026320783927056883,0.004312555116121201,587.0,,0.06457182320441988,False,NO_EVIDENCE
ev_adjusted,NUMERIC,5,ic_raw,14,0.017713434375596533,0.29629144674218133,0.783021438769608,False,0.04855726902406708,-0.013130400272874015,587.0,,0.06464088397790056,False,NO_EVIDENCE
adx_14,NUMERIC,5,ic_raw,14,0.0091320927891728,0.29603863486084836,0.7831998862097792,False,0.027123197291951413,-0.008859011713605812,1358.0,,0.06470994475138123,False,NO_EVIDENCE
eil_obi_score,NUMERIC,10,ic_raw,10,-0.01518697690858219,-0.35118161777111123,0.784996252086377,False,0.026531203735107523,-0.0569051575522719,1325.5,,0.06477900552486188,False,NO_EVIDENCE
mp_priority_score,NUMERIC,20,ic_raw,7,0.008836051471153872,0.3508311742897304,0.7851948793635574,False,0.02725739352823521,-0.004979955071657133,1206.0,,0.06484806629834254,False,NO_EVIDENCE
maturation_score_2d,NUMERIC,1,ic_thesis,8,0.004437613745563477,0.2827553239914026,0.7855428841744836,False,-0.030038368098496637,0.038913595589623595,1039.0,,0.0649171270718232,False,NO_EVIDENCE
fusion_alignment_score,NUMERIC,1,ic_raw,17,-0.003564944274997961,-0.27541225114919105,0.7865246248041275,False,0.009114250461254664,-0.01483533959611141,1379.0,,0.06498618784530387,False,NO_EVIDENCE
phantom_iv_surface_entropy,NUMERIC,10,ic_raw,10,0.02171158480315431,0.348315688875595,0.7866219022351703,False,0.06667865446729775,-0.02325548486098914,1325.5,,0.06505524861878453,False,NO_EVIDENCE
layer2__ret_pctl_20d_p90,NUMERIC,5,ic_raw,12,-0.01804252013063527,-0.2953015300982363,0.787021852762653,False,0.020802286567955394,-0.056887326829225926,1358.0,,0.0651243093922652,False,NO_EVIDENCE
contract_charm,NUMERIC,5,ic_raw,14,-0.011573329967421437,-0.290052870609034,0.7874297654267783,False,0.00017165037813085836,-0.02331831031297373,587.0,,0.06519337016574586,False,NO_EVIDENCE
actuarial_efficiency_10d__vg,NUMERIC,5,ic_raw,14,-0.00561271982121836,-0.2888077366626775,0.7883108019962671,True,-0.009926949542023972,-0.0012984901004127489,1358.0,,0.06526243093922653,False,NO_EVIDENCE
direction,LABEL,10,mean_signed_bps,9,13.087314870523777,0.34466825804973633,0.7886950341531332,False,46.99325062377704,-14.037433732078842,1344.0,0.5026584375790176,0.06533149171270718,False,NO_EVIDENCE
theta_score,NUMERIC,5,ic_raw,14,0.004930187967636575,0.2876435533078263,0.789134915996397,True,0.007128882607162599,0.0027314933281105493,1358.0,,0.06540055248618785,False,NO_EVIDENCE
iv_vs_hv,NUMERIC,1,ic_raw,17,0.005449075053440249,0.26962755994193355,0.7908932322568001,False,0.024929626046395762,-0.011866970273631327,602.0,,0.06546961325966852,False,NO_EVIDENCE
win_probability,NUMERIC,1,ic_raw,17,-0.0060631628256024184,-0.26901108543136665,0.7913592225062904,False,0.009001771828034313,-0.01945421585105729,603.0,,0.06553867403314917,False,NO_EVIDENCE
fd_ev_used,NUMERIC,10,ic_raw,10,0.016798654264550277,0.3399663160864559,0.7913744084193398,False,0.05904275588916582,-0.02544544736006526,1325.5,,0.06560773480662983,False,NO_EVIDENCE
expected_move_pct_1d,NUMERIC,1,ic_raw,8,-0.015539033521391694,-0.2731395389222702,0.7926288162277701,False,0.01647381152287798,-0.04755187856566137,1039.0,,0.0656767955801105,False,NO_EVIDENCE
expected_move_pct_3d,NUMERIC,1,ic_raw,8,-0.015539033521391694,-0.2731395389222702,0.7926288162277701,False,0.01647381152287798,-0.04755187856566137,1039.0,,0.06574585635359116,False,NO_EVIDENCE
expected_move_pct_2d,NUMERIC,1,ic_raw,8,-0.015539033521391694,-0.2731395389222702,0.7926288162277701,False,0.01647381152287798,-0.04755187856566137,1039.0,,0.06581491712707183,False,NO_EVIDENCE
layer2__ret_pctl_20d_p99,NUMERIC,10,ic_raw,8,-0.02275385495311507,-0.33650855221117437,0.7933497051532314,False,0.014342928087388549,-0.059850637993618686,1325.5,,0.06588397790055249,False,NO_EVIDENCE
layer2__raw_prob_up_20d,NUMERIC,20,ic_raw,7,0.03283055583335516,0.3361294528935478,0.7935665229138537,False,-0.11005098234218663,0.1399917094650115,1343.0,,0.06595303867403315,False,NO_EVIDENCE
layer2__ret_pctl_5d_p05,NUMERIC,10,ic_raw,8,0.02224513117836665,0.3356286874772542,0.7938530011096467,False,-0.017393241935840586,0.06188350429257389,1325.5,,0.06602209944751382,False,NO_EVIDENCE
VWAP,NUMERIC,20,ic_raw,7,-0.00988754917645181,-0.33507988107285874,0.7941670620373695,False,-0.04421966069493672,0.015861534462411883,1343.0,,0.06609116022099447,False,NO_EVIDENCE
side,LABEL,1,mean_signed_bps,8,3.083811465241223,0.27051633564496064,0.7945655581252528,False,14.270095155004716,-8.102472224522272,1039.0,0.5067572275009928,0.06616022099447515,False,NO_EVIDENCE
EMA9,NUMERIC,20,ic_raw,7,-0.009440539565043279,-0.3343806552161023,0.7945673527227728,False,-0.04205597251002651,0.01502103514369414,1343.0,,0.06622928176795581,False,NO_EVIDENCE
range_expansion_vs_20d,NUMERIC,1,ic_raw,17,-0.006087728915467615,-0.2639321695032374,0.7952014469906282,True,-0.0023748653059515387,-0.009388052123926353,1379.0,,0.06629834254143646,False,NO_EVIDENCE
layer2__ret_pctl_5d_p20,NUMERIC,5,ic_raw,12,0.017538497020454163,0.2831593927198921,0.7954698329729597,False,-0.02834226284912773,0.06341925689003607,1358.0,,0.06636740331491713,False,NO_EVIDENCE
ev_base,NUMERIC,1,ic_thesis,8,-0.0038097185355563893,-0.26771416171096096,0.7966361536473212,False,-0.020830764632662375,0.013211327561549593,1379.0,,0.0664364640883978,False,NO_EVIDENCE
ev2_ev_structural,NUMERIC,1,ic_thesis,8,-0.0038097185355563893,-0.26771416171096096,0.7966361536473212,False,-0.020830764632662375,0.013211327561549593,1379.0,,0.06650552486187845,False,NO_EVIDENCE
eil_composite_score,NUMERIC,10,ic_raw,10,0.008626495848794848,0.32983155372729106,0.797175710537501,False,-0.014343729411368591,0.03159672110895829,1325.5,,0.06657458563535912,False,NO_EVIDENCE
layer2__raw_prob_down_20d,NUMERIC,20,ic_raw,7,-0.032274427572328075,-0.3295173814683572,0.7973561118463823,False,0.11080068335219534,-0.13958076076572062,1343.0,,0.06664364640883978,False,NO_EVIDENCE
force_alignment_score,NUMERIC,20,ic_raw,7,-0.01205361913921387,-0.3294533681124083,0.7973928731814293,True,-0.009139578305053712,-0.014239149764833987,1343.0,,0.06671270718232045,False,NO_EVIDENCE
win_rate_20d__vg,NUMERIC,20,ic_raw,7,0.032277384159845865,0.3285547765346084,0.7979090603296839,False,-0.11134171624704164,0.1399917094650115,1343.0,,0.06678176795580111,False,NO_EVIDENCE
layer2__win_rate_20d,NUMERIC,20,ic_raw,7,0.032277384159845865,0.3285547765346084,0.7979090603296839,False,-0.11134171624704164,0.1399917094650115,1343.0,,0.06685082872928176,False,NO_EVIDENCE
layer2__ret_pctl_10d_p60,NUMERIC,5,ic_raw,12,0.011864021074210132,0.27934848702085086,0.798129157020717,False,0.04414875075433886,-0.0204207086059186,1358.0,,0.06691988950276244,False,NO_EVIDENCE
eil_ev_score,NUMERIC,1,ic_thesis,8,-0.007316268227402917,-0.2647255622966164,0.7988464404590451,True,-0.007003744903757814,-0.007628791551048024,1307.0,,0.0669889502762431,False,NO_EVIDENCE
layer2__ret_pctl_5d_p60,NUMERIC,1,ic_raw,15,-0.00822621141545066,-0.2594115238727233,0.799093398766584,True,-0.010897306420351345,-0.005889003286162561,1399.0,,0.06705801104972375,False,NO_EVIDENCE
layer2__ret_pctl_10d_p01,NUMERIC,10,ic_raw,8,0.020312542996128852,0.32627348574037435,0.7992207605285347,False,-0.017814605775665432,0.058439691767923144,1325.5,,0.06712707182320442,False,NO_EVIDENCE
ev2_ev_path_adj,NUMERIC,1,ic_thesis,8,-0.0037570987581427495,-0.26418381240683514,0.799247316470535,False,-0.020825826812448864,0.013311629296163365,1379.0,,0.0671961325966851,False,NO_EVIDENCE
days_to_trigger,NUMERIC,1,ic_thesis,8,-0.00935117479763712,-0.26386332898457354,0.7994844935917352,False,-0.06074307987685921,0.04204073028158498,677.0,,0.06726519337016575,False,NO_EVIDENCE
catalyst_binary_score,NUMERIC,20,ic_raw,6,-0.004859231288966058,-0.3236032140428075,0.8007583603525041,False,0.0014823931380973793,-0.011200855716029495,1299.0,,0.06733425414364641,False,NO_EVIDENCE
catalyst_truth_score,NUMERIC,1,ic_raw,17,-0.004537502009728966,-0.2565660782386747,0.8007835934297213,False,0.0021487264967853612,-0.0104808162377417,1379.0,,0.06740331491712707,False,NO_EVIDENCE
phantom_iv_hist_entropy,NUMERIC,1,ic_raw,17,-0.008637655953550552,-0.25574100355145807,0.8014095501058174,False,0.013350039683973032,-0.02818227429801596,1379.0,,0.06747237569060774,False,NO_EVIDENCE
sector_alignment_score,NUMERIC,20,ic_raw,7,-0.009376081935898164,-0.32102714255304227,0.8022439992113173,False,0.008051727698211273,-0.022446939161480245,1343.0,,0.0675414364640884,False,NO_EVIDENCE
eil_spread_pct_live,NUMERIC,20,ic_raw,7,0.006408793615521699,0.3203918680924977,0.802610709636762,True,0.013720756957164138,0.0009248211092898707,550.0,,0.06761049723756905,False,NO_EVIDENCE
ev_conf_adj,NUMERIC,10,ic_raw,10,0.01610209308990823,0.31952437409373313,0.8031116868127772,False,0.05904275588916582,-0.026838569709349353,1325.5,,0.06767955801104973,False,NO_EVIDENCE
ev_final,NUMERIC,10,ic_raw,10,0.01610209308990823,0.31952437409373313,0.8031116868127772,False,0.05904275588916582,-0.026838569709349353,1325.5,,0.0677486187845304,False,NO_EVIDENCE
ev_net,NUMERIC,10,ic_raw,10,0.01610209308990823,0.31952437409373313,0.8031116868127772,False,0.05904275588916582,-0.026838569709349353,1325.5,,0.06781767955801105,False,NO_EVIDENCE
ev2_ev_conf_adj,NUMERIC,10,ic_raw,10,0.01610209308990823,0.31952437409373313,0.8031116868127772,False,0.05904275588916582,-0.026838569709349353,1325.5,,0.06788674033149171,False,NO_EVIDENCE
trigger_ev_10d,NUMERIC,10,ic_raw,10,0.01610209308990823,0.31952437409373313,0.8031116868127772,False,0.05904275588916582,-0.026838569709349353,1325.5,,0.06795580110497239,False,NO_EVIDENCE
ev,NUMERIC,10,ic_raw,10,0.01610209308990823,0.31952437409373313,0.8031116868127772,False,0.05904275588916582,-0.026838569709349353,1325.5,,0.06802486187845304,False,NO_EVIDENCE
iv_vs_hv,NUMERIC,10,ic_raw,10,0.011963213267072484,0.31905650075978853,0.8033819879968682,True,0.02192542004505892,0.002001006489086049,547.5,,0.0680939226519337,False,NO_EVIDENCE
phantom_market_implied_prob,NUMERIC,1,ic_raw,17,0.002131530536090076,0.25293808576984855,0.8035370719648421,False,-0.002478799748570247,0.006229601900232586,1379.0,,0.06816298342541437,False,NO_EVIDENCE
layer2__state_match_similarity,NUMERIC,5,ic_raw,14,-0.007879446363343678,-0.2671728208795961,0.8036809992692512,False,-0.028323459038454037,0.012564566311766685,1358.0,,0.06823204419889503,False,NO_EVIDENCE
volatility_pressure,NUMERIC,1,ic_raw,17,-0.008414004678252577,-0.25053177389073555,0.8053648292715081,False,0.007037095062875507,-0.022148315559255324,1379.0,,0.0683011049723757,False,NO_EVIDENCE
layer1__scenarios__conditional_far__probability_estimate,NUMERIC,1,ic_raw,11,0.003291473029116093,0.25170930235106825,0.8063631102497492,True,0.0021493452857871353,0.004243246148556891,1307.0,,0.06837016574585635,False,NO_EVIDENCE
runway_score,NUMERIC,1,ic_thesis,8,0.009483819534597988,0.2534037961614272,0.8072374947662013,False,0.07248345710602777,-0.053515818036831794,1379.0,,0.06843922651933702,False,NO_EVIDENCE
win_rate_10d,NUMERIC,10,ic_raw,10,0.02149289907299522,0.31224820825259314,0.8073235489382355,False,0.09413088668730882,-0.051145088541318384,1325.5,,0.06850828729281769,False,NO_EVIDENCE
actuarial_win_rate_10d,NUMERIC,10,ic_raw,10,0.02149289907299522,0.31224820825259314,0.8073235489382355,False,0.09413088668730882,-0.051145088541318384,1325.5,,0.06857734806629834,False,NO_EVIDENCE
move_theta_ratio,NUMERIC,10,ic_raw,10,-0.009464223362569713,-0.3121860924708672,0.8073595807119957,False,0.0092827973498768,-0.02821124407501623,543.0,,0.068646408839779,False,NO_EVIDENCE
eil_ev_score,NUMERIC,10,ic_raw,10,0.014628592163281889,0.31023539861898547,0.8084917753003701,False,0.05422826229041291,-0.024971077963849144,1325.5,,0.06871546961325968,False,NO_EVIDENCE
eil_ev_v2,NUMERIC,1,ic_thesis,8,-0.006934956379284275,-0.25045044730929394,0.8094308858730513,True,-0.006970920123008532,-0.006898992635560017,1307.0,,0.06878453038674033,False,NO_EVIDENCE
ev2_ev_final,NUMERIC,1,ic_thesis,8,-0.006934956379284275,-0.25045044730929394,0.8094308858730513,True,-0.006970920123008532,-0.006898992635560017,1379.0,,0.068853591160221,False,NO_EVIDENCE
options_research_score,NUMERIC,5,ic_raw,14,-0.007281005965347628,-0.258878672943763,0.8096033952200303,False,-0.01996460111507418,0.005402589184378929,1358.0,,0.06892265193370166,False,NO_EVIDENCE
mp_rule_hits,NUMERIC,5,ic_raw,14,0.008816076127850672,0.25632091720033906,0.8114329798698432,False,0.023625013264125617,-0.0059928610084242755,1235.5,,0.06899171270718232,False,NO_EVIDENCE
layer2__median_gain_if_up,NUMERIC,20,ic_raw,7,-0.032659546312460534,-0.30471711559986037,0.811701377011722,False,0.11702941672810084,-0.14492626859288157,1343.0,,0.06906077348066299,False,NO_EVIDENCE
layer2__median_max_drawdown,NUMERIC,5,ic_raw,14,0.016777260477678812,0.25493445828400474,0.8124253537516687,False,-0.024896546652120488,0.058451067607478126,1358.0,,0.06912983425414365,False,NO_EVIDENCE
l3_n_bars,NUMERIC,20,ic_raw,7,0.006122884610887419,0.3032548604383397,0.8125535319666028,False,-0.017783831875769773,0.024052921975880312,1343.0,,0.06919889502762432,False,NO_EVIDENCE
repricing_direction,LABEL,5,mean_signed_bps,11,-10.228763167067294,-0.26140212697294263,0.8126465982623843,False,33.746653028826294,-46.87494333031194,702.0,0.4947548441536637,0.06926795580110498,False,NO_EVIDENCE
iv_gex_entry_quality,NUMERIC,20,ic_raw,7,0.009509589483425531,0.30288958055731513,0.812766513422847,False,0.04331514411770577,-0.015844576492284653,1343.0,,0.06933701657458563,False,NO_EVIDENCE
layer1__acceptance__score,NUMERIC,10,ic_raw,10,-0.007324406375192332,-0.30245055546726174,0.8130225501600095,True,-0.01266715444311454,-0.001981658307270126,1325.5,,0.0694060773480663,False,NO_EVIDENCE
eil_ev_v2,NUMERIC,10,ic_raw,10,0.014739975368991265,0.3024220721734394,0.8130391635949569,False,0.05602895788652936,-0.026549007148546834,1325.5,,0.06947513812154697,False,NO_EVIDENCE
EMA50,NUMERIC,10,ic_raw,10,-0.011640434217579258,-0.2999544472241781,0.8144794474971263,True,-0.023173767462816047,-0.00010710097234246651,1325.5,,0.06954419889502762,False,NO_EVIDENCE
ATR_14,NUMERIC,5,ic_raw,14,0.009545383612621788,0.251677050793405,0.8147586031236598,False,-0.015388162144763216,0.03447892937000678,1358.0,,0.06961325966850829,False,NO_EVIDENCE
l3_iv_tailwind_score,NUMERIC,20,ic_raw,7,-0.010127542546428819,-0.29735309196914933,0.815999905286174,False,-0.03590300743148002,0.009204056117359583,1343.0,,0.06968232044198895,False,NO_EVIDENCE
l3_iv_tailwind_score_capped,NUMERIC,20,ic_raw,7,-0.01012471027387051,-0.29731754726770065,0.8160206957008594,False,-0.035899308112393453,0.009206238105021693,1343.0,,0.06975138121546962,False,NO_EVIDENCE
call_25d_iv,NUMERIC,5,ic_raw,8,-0.0415820733670233,-0.2709080859229523,0.8162376935645937,False,0.0419452170279263,-0.1251093637619729,799.0,,0.06982044198895028,False,NO_EVIDENCE
median_max_drawdown_10d,NUMERIC,20,ic_raw,7,0.029604532832954538,0.2946591889986526,0.8175767352679403,False,-0.11189537167779352,0.1357294612160156,1343.0,,0.06988950276243094,False,NO_EVIDENCE
layer2__median_max_drawdown_10d,NUMERIC,20,ic_raw,7,0.029604532832954538,0.2946591889986526,0.8175767352679403,False,-0.11189537167779352,0.1357294612160156,1343.0,,0.06995856353591161,False,NO_EVIDENCE
days_above_ema50,NUMERIC,10,ic_raw,10,0.02935820557458973,0.29435322865560704,0.8177559699469449,False,-0.036328938771927034,0.0950453499211065,1325.5,,0.07002762430939227,False,NO_EVIDENCE
layer1__scenarios__conditional_near__probability_estimate,NUMERIC,5,ic_raw,11,-0.010216809921508217,-0.2524845128319205,0.8188529299867399,True,-0.02230043205120879,-0.00014712481342440964,1307.0,,0.07009668508287292,False,NO_EVIDENCE
win_rate_5d,NUMERIC,1,ic_raw,17,0.005870711221091278,0.2326299564075208,0.8189983949426379,False,0.022563105637660404,-0.008966972704747951,1379.0,,0.07016574585635359,False,NO_EVIDENCE
ev2_contract_efficiency,NUMERIC,1,ic_raw,17,0.003263180359313971,0.23254006857507012,0.8190670068739055,True,0.0017015230618871533,0.0046513201792489235,1379.0,,0.07023480662983426,False,NO_EVIDENCE
mp_priority_score,NUMERIC,5,ic_raw,14,-0.00793591898477728,-0.24532803633943248,0.8193131971128537,False,0.002101653224670451,-0.017973491194225023,1235.5,,0.07030386740331492,False,NO_EVIDENCE
actuarial_efficiency_10d__vg,NUMERIC,10,ic_raw,10,-0.00686821408553028,-0.2909784335979305,0.8197349258422136,True,-0.008263870926934695,-0.005472557244125863,1325.5,,0.07037292817679558,False,NO_EVIDENCE
layer1__control__trend__sell_trend,NUMERIC,20,ic_raw,7,-0.02490607647969518,-0.2861340754365575,0.822581884946393,False,0.10044659780303335,-0.11892058219174158,1343.0,,0.07044198895027624,False,NO_EVIDENCE
layer2__ret_pctl_20d_p99,NUMERIC,5,ic_raw,12,-0.014228767601710378,-0.24399285814158755,0.8229708294071449,False,0.03372049312048905,-0.06217802832390981,1358.0,,0.07051104972375691,False,NO_EVIDENCE
layer2__median_max_drawdown,NUMERIC,20,ic_raw,7,0.029503532518247045,0.2851594848402574,0.8231555230807119,False,-0.11700113038108871,0.13938202969274885,1343.0,,0.07058011049723757,False,NO_EVIDENCE
layer2__raw_prob_down_5d,NUMERIC,10,ic_raw,10,-0.026248274699800844,-0.28470812225469044,0.8234212923425748,False,0.055048655789565325,-0.10754520518916702,1325.5,,0.07064917127071824,False,NO_EVIDENCE
ev2_ev_final,NUMERIC,10,ic_raw,10,0.014088936401077407,0.2837765257661529,0.8239700304757936,False,0.05602895788652936,-0.02785108508437455,1325.5,,0.0707182320441989,False,NO_EVIDENCE
contract_delta,NUMERIC,5,ic_raw,14,-0.01557724127703836,-0.23729346953461494,0.8250896760723274,False,-0.06438120673935151,0.03322672418527479,587.0,,0.07078729281767956,False,NO_EVIDENCE
dominant_trend,LABEL,10,mean_signed_bps,10,25.578584103275254,0.28036987728423357,0.8259789301959626,False,-35.51482580664045,86.67199401319095,827.0,0.5082543075964503,0.07085635359116023,False,NO_EVIDENCE
layer2__median_loss_if_down_10d,NUMERIC,20,ic_raw,7,0.028192249587809276,0.2799656561823486,0.8262175362048323,False,-0.11288426247689874,0.1339996336363403,1343.0,,0.07092541436464088,False,NO_EVIDENCE
median_loss_if_down_10d,NUMERIC,20,ic_raw,7,0.028192249587809276,0.2799656561823486,0.8262175362048323,False,-0.11288426247689874,0.1339996336363403,1343.0,,0.07099447513812156,False,NO_EVIDENCE
contract_spread_pct,NUMERIC,1,ic_raw,17,-0.0053311497260132125,-0.22272397337183586,0.826568711189235,False,-0.019744133536182894,0.007480391438582056,603.0,,0.07106353591160221,False,NO_EVIDENCE
l3_expected_move_6_10d,NUMERIC,20,ic_raw,7,-0.03372910348445346,-0.278774544259005,0.8269209237966395,False,0.13354842095612238,-0.15918724681488533,1343.0,,0.07113259668508287,False,NO_EVIDENCE
l3_expected_move_1_5d,NUMERIC,20,ic_raw,7,-0.03370312679997868,-0.27861858658348676,0.8270130536473087,False,0.1334993241395501,-0.15910496500462526,1343.0,,0.07120165745856354,False,NO_EVIDENCE
l3_expected_move_11_20d,NUMERIC,20,ic_raw,7,-0.0336763890477907,-0.27831601134749706,0.8271918169927938,False,0.13356101024679626,-0.1591044385187309,1343.0,,0.0712707182320442,False,NO_EVIDENCE
gamma_island_isolation_ratio,NUMERIC,10,ic_raw,10,0.0076676648333334025,0.2776211847479329,0.8276024306365193,False,0.015645977989051034,-0.00031064832238422436,1014.5,,0.07133977900552486,False,NO_EVIDENCE
layer2__transition_flag_rate_v2,NUMERIC,1,ic_thesis,8,0.0031806887079393383,0.22593969924917948,0.8277035879204925,False,-0.012087221215101406,0.018448598630980084,1379.0,,0.07140883977900553,False,NO_EVIDENCE
direction,LABEL,5,mean_signed_bps,13,-6.4956248098687155,-0.23473146062925773,0.8281100941057932,False,-16.389552245182752,1.9848844204004605,1292.0,0.5057704517997699,0.07147790055248619,False,NO_EVIDENCE
l3_n_bars,NUMERIC,10,ic_raw,10,-0.008253179214433639,-0.27591335564868735,0.8286123112548978,False,-0.01671841569065169,0.00021205726178441137,1325.5,,0.07154696132596686,False,NO_EVIDENCE
gamma_island_distance_pct,NUMERIC,1,ic_raw,17,-0.0036766614055776877,-0.2199467303166205,0.828694337210039,True,-0.004023377152981857,-0.0033684696301073155,997.0,,0.07161602209944752,False,NO_EVIDENCE
gamma_flip_conf,NUMERIC,1,ic_raw,17,0.0057721009848126165,0.21908900147644284,0.8293510982924626,False,-0.01909721986147477,0.027878163959290287,603.0,,0.07168508287292817,False,NO_EVIDENCE
put_25d_iv,NUMERIC,5,ic_raw,8,-0.039120352725563745,-0.2502017969894746,0.8298124925368529,False,0.04353302974018459,-0.1217737351913121,799.0,,0.07175414364640885,False,NO_EVIDENCE
maturation_score_1d,NUMERIC,1,ic_thesis,8,0.0036060309613466304,0.22277281797390922,0.8300731366235542,False,-0.032507678680063656,0.03971974060275692,1039.0,,0.07182320441988951,False,NO_EVIDENCE
win_rate_5d,NUMERIC,5,ic_raw,14,0.00890484638814067,0.22980755852876295,0.8304841432995264,False,0.03275599860170147,-0.01494630582542013,1358.0,,0.07189226519337016,False,NO_EVIDENCE
compression_energy,NUMERIC,1,ic_thesis,8,0.006320170772305017,0.22152149182151737,0.8310099381626953,False,0.03630358822152128,-0.02366324667691124,1379.0,,0.07196132596685083,False,NO_EVIDENCE
risk_10d,NUMERIC,5,ic_raw,14,-0.012351028481130394,-0.2280740323543025,0.8317350246701419,False,0.017272669958860974,-0.04197472692112176,1358.0,,0.07203038674033149,False,NO_EVIDENCE
actuarial_risk_10d,NUMERIC,5,ic_raw,14,-0.012351028481130394,-0.2280740323543025,0.8317350246701419,False,0.017272669958860974,-0.04197472692112176,1358.0,,0.07209944751381216,False,NO_EVIDENCE
vega_risk_pct,NUMERIC,10,ic_raw,10,0.02966879071765305,0.26849450221719834,0.8330094774947627,False,-0.04950788330099954,0.1088454647363056,551.0,,0.07216850828729282,False,NO_EVIDENCE
l3_vol_forecast_conf,NUMERIC,5,ic_raw,14,-0.007405074715808746,-0.22570627851950747,0.8334445555189126,False,-0.021204988538965554,0.006394839107348068,1358.0,,0.07223756906077348,False,NO_EVIDENCE
layer2__expected_value_20d,NUMERIC,20,ic_raw,7,0.02099761185206842,0.2657775924124135,0.8346239068933438,False,-0.09404135263853837,0.10727683522002351,1343.0,,0.07230662983425415,False,NO_EVIDENCE
expected_value_20d,NUMERIC,20,ic_raw,7,0.02099761185206842,0.2657775924124135,0.8346239068933438,False,-0.09404135263853837,0.10727683522002351,1343.0,,0.07237569060773481,False,NO_EVIDENCE
ev,NUMERIC,1,ic_thesis,8,-0.006099801167657031,-0.2165100881947634,0.83476464877278,True,-0.005790075783096,-0.006409526552218057,1379.0,,0.07244475138121546,False,NO_EVIDENCE
fd_ev_used,NUMERIC,1,ic_thesis,8,-0.006099801167657031,-0.2165100881947634,0.83476464877278,True,-0.005790075783096,-0.006409526552218057,1307.0,,0.07251381215469614,False,NO_EVIDENCE
ev_final,NUMERIC,1,ic_thesis,8,-0.006099801167657031,-0.2165100881947634,0.83476464877278,True,-0.005790075783096,-0.006409526552218057,1379.0,,0.0725828729281768,False,NO_EVIDENCE
ev_conf_adj,NUMERIC,1,ic_thesis,8,-0.006099801167657031,-0.2165100881947634,0.83476464877278,True,-0.005790075783096,-0.006409526552218057,1379.0,,0.07265193370165746,False,NO_EVIDENCE
ev2_ev_conf_adj,NUMERIC,1,ic_thesis,8,-0.006099801167657031,-0.2165100881947634,0.83476464877278,True,-0.005790075783096,-0.006409526552218057,1379.0,,0.07272099447513812,False,NO_EVIDENCE
ev_net,NUMERIC,1,ic_thesis,8,-0.006099801167657031,-0.2165100881947634,0.83476464877278,True,-0.005790075783096,-0.006409526552218057,1379.0,,0.07279005524861878,False,NO_EVIDENCE
absolute_delta,NUMERIC,1,ic_thesis,8,0.0026246804349632506,0.2156718815163877,0.8353931156150751,False,0.007357059798017554,-0.0021076989280910527,1039.0,,0.07285911602209945,False,NO_EVIDENCE
layer2__ret_pctl_20d_p10,NUMERIC,5,ic_raw,12,0.013689595199095789,0.22459135663055402,0.836724779307182,False,-0.03372098707157551,0.06110017746976709,1358.0,,0.07292817679558011,False,NO_EVIDENCE
ev_10d,NUMERIC,5,ic_raw,14,0.011633817706230362,0.21982195836590826,0.8376980106724687,False,-0.015983466244293844,0.039251101656754564,587.0,,0.07299723756906078,False,NO_EVIDENCE
eil_spread_pct_live,NUMERIC,5,ic_raw,14,0.004268889756246922,0.21855840601580187,0.8386122718531629,False,0.016312377990399005,-0.007774598477905159,587.0,,0.07306629834254144,False,NO_EVIDENCE
days_in_range,NUMERIC,1,ic_raw,15,-0.004038071088555257,-0.2072687653088501,0.8387845065153642,False,0.025384592103067684,-0.029782901381225326,677.0,,0.0731353591160221,False,NO_EVIDENCE
fusion_contradictions,NUMERIC,1,ic_raw,17,0.002797081602730673,0.20642369639614916,0.8390638557448182,False,-0.01919592865853697,0.0223464240571908,1379.0,,0.07320441988950276,False,NO_EVIDENCE
compression_energy,NUMERIC,5,ic_raw,14,-0.016028293041658752,-0.21692756478716818,0.839792758858571,False,-0.06303742530525576,0.030980839221938266,1358.0,,0.07327348066298343,False,NO_EVIDENCE
shock_sensitivity,NUMERIC,1,ic_thesis,8,-0.005816261573153689,-0.20977502041853355,0.839818057017783,False,-0.039071672755337794,0.027439149609030416,1379.0,,0.0733425414364641,False,NO_EVIDENCE
median_loss_if_down_5d,NUMERIC,20,ic_raw,7,0.024628636106705043,0.25596932940502554,0.8404701408971388,False,-0.110433604708371,0.12592531671801208,1343.0,,0.07341160220994475,False,NO_EVIDENCE
layer2__median_loss_if_down_5d,NUMERIC,20,ic_raw,7,0.024628636106705043,0.25596932940502554,0.8404701408971388,False,-0.110433604708371,0.12592531671801208,1343.0,,0.07348066298342541,False,NO_EVIDENCE
layer2__ret_pctl_5d_p90,NUMERIC,5,ic_raw,12,-0.012656324159839048,-0.2185243006774397,0.8410422493279226,False,0.031917388173735246,-0.05723003649341334,1358.0,,0.07354972375690609,False,NO_EVIDENCE
layer2__ret_pctl_5d_p95,NUMERIC,5,ic_raw,12,-0.012485015883532005,-0.2174584316041677,0.8418015305183509,False,0.031005520082554066,-0.055975551849618076,1358.0,,0.07361878453038674,False,NO_EVIDENCE
layer2__median_gain_if_up_10d,NUMERIC,20,ic_raw,7,-0.025322065004909293,-0.25257878298923486,0.842497545847648,False,0.11648096255492701,-0.13167433567478654,1343.0,,0.0736878453038674,False,NO_EVIDENCE
median_gain_if_up_10d,NUMERIC,20,ic_raw,7,-0.025322065004909293,-0.25257878298923486,0.842497545847648,False,0.11648096255492701,-0.13167433567478654,1343.0,,0.07375690607734807,False,NO_EVIDENCE
actuarial_expected_move_10d__vg,NUMERIC,20,ic_raw,7,-0.025322065004909293,-0.25257878298923486,0.842497545847648,False,0.11648096255492701,-0.13167433567478654,1343.0,,0.07382596685082873,False,NO_EVIDENCE
layer2__ret_pctl_10d_p90,NUMERIC,5,ic_raw,12,-0.013113889441054327,-0.21588280925263792,0.8429243618438274,False,0.03442378936682856,-0.0606515682489372,1358.0,,0.0738950276243094,False,NO_EVIDENCE
layer1__control__aggression__buy_pct,NUMERIC,5,ic_raw,11,-0.010795251475507157,-0.21602219371538037,0.844418619775302,False,-0.050858303017831896,0.022590624809763458,1307.0,,0.07396408839779005,False,NO_EVIDENCE
layer1__control__aggression__sell_pct,NUMERIC,5,ic_raw,11,0.010795251475507157,0.21602219371538037,0.844418619775302,False,0.050858303017831896,-0.022590624809763458,1307.0,,0.07403314917127073,False,NO_EVIDENCE
mp_rule_hits,NUMERIC,10,ic_raw,10,-0.012248592190256216,-0.24876720370862027,0.8447806097028533,True,-0.021715207014786388,-0.002781977365726049,1213.5,,0.07410220994475139,False,NO_EVIDENCE
layer2__ret_pctl_20d_p80,NUMERIC,5,ic_raw,12,-0.012790638550596319,-0.21313427516108605,0.8448842405741319,False,0.024152748825788578,-0.04973402592698121,1358.0,,0.07417127071823204,False,NO_EVIDENCE
layer2__avg_adx_delta,NUMERIC,5,ic_raw,14,0.0059023696543162784,0.2098625398335345,0.84491280444428,False,-0.006372414308269725,0.018177153616902284,1358.0,,0.0742403314917127,False,NO_EVIDENCE
layer2__ret_pctl_5d_p99,NUMERIC,5,ic_raw,12,-0.01211012857962253,-0.21301896215058136,0.8449664991440323,False,0.032517956768194654,-0.05673821392743971,1358.0,,0.07430939226519338,False,NO_EVIDENCE
gamma_island_distance_pct,NUMERIC,10,ic_raw,10,-0.01011453045813705,-0.24639812723645158,0.8462017012190565,False,0.01979847104684579,-0.04002753196311989,1014.5,,0.07437845303867403,False,NO_EVIDENCE
EMA21,NUMERIC,10,ic_raw,10,-0.008906539683221686,-0.24614077817617747,0.8463561666026146,False,-0.02351788936352333,0.005704809997079954,1325.5,,0.0744475138121547,False,NO_EVIDENCE
layer2__median_loss_if_down,NUMERIC,20,ic_raw,7,0.025188164410127185,0.24458591134294738,0.8472898167285321,False,-0.12083193487327798,0.13470323887268107,1343.0,,0.07451657458563536,False,NO_EVIDENCE
eil_obi_regime,LABEL,1,mean_signed_bps,8,0.6997610449339352,0.19949145643169094,0.8475495196877119,True,0.46482647298865964,0.9346956168792107,670.0,0.49708462947067467,0.07458563535911603,False,NO_EVIDENCE
layer2__raw_prob_down_10d,NUMERIC,10,ic_raw,10,-0.0239452630237219,-0.24224685699563336,0.8486956091186155,False,0.0654380961247338,-0.11332862217217758,1325.5,,0.07465469613259669,False,NO_EVIDENCE
phantom_iv_hist_median,NUMERIC,10,ic_raw,10,-0.02516607511769023,-0.2394507660854915,0.8503780592046187,False,0.07711519044913569,-0.12744734068451613,1325.5,,0.07472375690607734,False,NO_EVIDENCE
path_score,NUMERIC,1,ic_raw,17,0.0034671398226724264,0.1916777968033877,0.8504060176900405,False,0.02950019614813524,-0.01967335468885007,1379.0,,0.07479281767955802,False,NO_EVIDENCE
atr_pct,NUMERIC,20,ic_raw,7,-0.028844373791233415,-0.23888129399561994,0.8507209811221821,False,0.13635350915198868,-0.15274278599865,1343.0,,0.07486187845303868,False,NO_EVIDENCE
volatility_pressure,NUMERIC,5,ic_raw,14,0.014384137554151608,0.20169935542741863,0.8508405697963906,False,0.058397891057662576,-0.029629615949359343,1358.0,,0.07493093922651933,False,NO_EVIDENCE
ev2_ev_execution_adj,NUMERIC,10,ic_raw,10,0.010769288494232015,0.2377736990983955,0.8513881998586788,False,0.04729065064679932,-0.025752073658335296,1325.5,,0.07500000000000001,False,NO_EVIDENCE
payoff_score,NUMERIC,10,ic_raw,10,0.006637403570944639,0.23623253995253124,0.8523171523901953,False,0.022811205512127484,-0.009536398370238204,1325.5,,0.07506906077348068,False,NO_EVIDENCE
ev2_ev_20d,NUMERIC,10,ic_raw,10,-0.008757613691921049,-0.23370583819545546,0.8538415379283955,True,-0.0064599976633366515,-0.011055229720505448,1325.5,,0.07513812154696133,False,NO_EVIDENCE
options_research_score,NUMERIC,10,ic_raw,10,-0.007909317001568467,-0.23306837315428372,0.85422639763581,False,0.010838366294738522,-0.026657000297875454,1325.5,,0.07520718232044199,False,NO_EVIDENCE
expected_move_pct,NUMERIC,10,ic_raw,10,-0.03745272305553655,-0.23162954519472756,0.8550954662715708,False,0.10754924457401813,-0.18245469068509118,551.0,,0.07527624309392267,False,NO_EVIDENCE
gamma_flip_gap_pct,NUMERIC,5,ic_raw,14,-0.007030521816256331,-0.194210963576515,0.8562891553476991,False,-0.025997732631446883,0.01193668899893422,1261.0,,0.07534530386740332,False,NO_EVIDENCE
layer2__win_rate_5d,NUMERIC,10,ic_raw,10,0.021644972168722684,0.22896884379404156,0.8567040072874678,False,-0.061662402435095645,0.10495234677254102,1325.5,,0.07541436464088398,False,NO_EVIDENCE
win_rate_5d__vg,NUMERIC,10,ic_raw,10,0.021644972168722684,0.22896884379404156,0.8567040072874678,False,-0.061662402435095645,0.10495234677254102,1325.5,,0.07548342541436465,False,NO_EVIDENCE
layer2__raw_prob_up_5d,NUMERIC,10,ic_raw,10,0.021644972168722684,0.22896884379404156,0.8567040072874678,False,-0.061662402435095645,0.10495234677254102,1325.5,,0.07555248618784531,False,NO_EVIDENCE
contract_iv,NUMERIC,10,ic_raw,9,-0.031370990849737955,-0.22755152095805037,0.8575616190175605,False,0.1085930360851531,-0.1433422123976508,552.0,,0.07562154696132597,False,NO_EVIDENCE
contract_gamma,NUMERIC,1,ic_thesis,8,0.0036634209701830976,0.18560449061900575,0.8580185919939416,True,0.0007045250610866333,0.006622316879279562,603.0,,0.07569060773480663,False,NO_EVIDENCE
options_score_phantom_adjusted,NUMERIC,1,ic_thesis,8,-0.007403645006016431,-0.18553002798398047,0.8580748124943116,False,0.056083277487935665,-0.07089056749996853,1379.0,,0.0757596685082873,False,NO_EVIDENCE
options_score,NUMERIC,1,ic_thesis,8,-0.007403645006016431,-0.18553002798398047,0.8580748124943116,False,0.056083277487935665,-0.07089056749996853,1379.0,,0.07582872928176797,False,NO_EVIDENCE
layer2__ret_pctl_5d_p01,NUMERIC,10,ic_raw,8,0.014776028626780052,0.2266800207039536,0.8580892188544113,False,-0.02614337823329656,0.05569543548685667,1325.5,,0.07589779005524862,False,NO_EVIDENCE
contract_theta,NUMERIC,1,ic_thesis,8,-0.004155349969011674,-0.18478595649199864,0.8586366470283497,False,-0.012734083208532084,0.004423383270508735,603.0,,0.07596685082872928,False,NO_EVIDENCE
iv_percentile,NUMERIC,1,ic_thesis,8,0.0030354445821989123,0.18408338319489082,0.8591672277025659,False,-0.009288497071194635,0.015359386235592458,1262.0,,0.07603591160220996,False,NO_EVIDENCE
EMA9,NUMERIC,10,ic_raw,10,-0.007804664196070235,-0.22396384249417498,0.8597348425228492,False,-0.023904082225368797,0.008294753833228325,1325.5,,0.07610497237569061,False,NO_EVIDENCE
phase_convergence,NUMERIC,1,ic_raw,17,0.0021552640933734813,0.17767134296753825,0.8612109727451981,False,-0.010964105624517915,0.013816926064832497,1379.0,,0.07617403314917127,False,NO_EVIDENCE
layer2__transition_flag_rate_v2,NUMERIC,20,ic_raw,7,0.007585980990836675,0.22137186635498873,0.8613069961609844,False,-0.035672051893379735,0.04002950565399897,1343.0,,0.07624309392265194,False,NO_EVIDENCE
days_above_ema50,NUMERIC,1,ic_raw,17,-0.007568530524943573,-0.17691505750017658,0.8617952235319911,True,-0.015308323795035956,-0.00068871428486145,1379.0,,0.0763121546961326,False,NO_EVIDENCE
ev2_ev_5d,NUMERIC,1,ic_thesis,8,0.00309100106387824,0.1802485453665401,0.8620646508783681,False,-0.011175649871862198,0.017357651999618678,1379.0,,0.07638121546961327,False,NO_EVIDENCE
contract_spread_pct,NUMERIC,10,ic_raw,10,-0.011335495061603921,-0.21987306809188542,0.8622168730359141,False,-0.03879301857726852,0.01612202845406069,551.0,,0.07645027624309392,False,NO_EVIDENCE
VWAP,NUMERIC,10,ic_raw,10,-0.00780326427593638,-0.2195975279144612,0.862384207833451,False,-0.022651794588526175,0.007045266036653416,1325.5,,0.0765193370165746,False,NO_EVIDENCE
vanguard_fwd_momentum_conf,NUMERIC,10,ic_raw,10,0.006753474582756089,0.2191154006270913,0.8626770488842416,True,0.008290585100668171,0.005216364064844003,1325.5,,0.07658839779005526,False,NO_EVIDENCE
median_max_drawdown_5d,NUMERIC,20,ic_raw,7,0.0214007001242081,0.21868416690580775,0.8629390275332652,False,-0.11681942382616502,0.12506579308698793,1343.0,,0.07665745856353591,False,NO_EVIDENCE
layer2__median_max_drawdown_5d,NUMERIC,20,ic_raw,7,0.0214007001242081,0.21868416690580775,0.8629390275332652,False,-0.11681942382616502,0.12506579308698793,1343.0,,0.07672651933701657,False,NO_EVIDENCE
direction,LABEL,1,mean_signed_bps,16,1.2124158319175766,0.17417514813726714,0.8640567820565688,True,0.6056805210864358,1.8191511427487166,1288.5,0.504841660057659,0.07679558011049725,False,NO_EVIDENCE
actuarial_sample,NUMERIC,5,ic_raw,14,0.007697490221016381,0.18316339177914345,0.864345554393364,False,-0.014364144900369785,0.02975912534240254,1358.0,,0.0768646408839779,False,NO_EVIDENCE
pse_suggested_contracts,NUMERIC,1,ic_thesis,6,-0.0032429109249055067,-0.1796388756077758,0.8644892242088473,False,0.004523886460029214,-0.011009708309840228,1371.0,,0.07693370165745857,False,NO_EVIDENCE
layer2__median_gain_if_up,NUMERIC,5,ic_raw,14,-0.011798395793545758,-0.1826164944944669,0.8647449214906132,False,0.022475283303697295,-0.0460720748907888,1358.0,,0.07700276243093923,False,NO_EVIDENCE
layer2__median_max_drawdown_10d,NUMERIC,5,ic_raw,14,0.011595429914731897,0.1821247606175478,0.8651040489354253,False,-0.029151744586536275,0.05234260441600006,1358.0,,0.0770718232044199,False,NO_EVIDENCE
median_max_drawdown_10d,NUMERIC,5,ic_raw,14,0.011595429914731897,0.1821247606175478,0.8651040489354253,False,-0.029151744586536275,0.05234260441600006,1358.0,,0.07714088397790056,False,NO_EVIDENCE
prob_up_7pct_10d,NUMERIC,20,ic_raw,7,-0.02142768263641795,-0.21486991101205932,0.8652582694680055,False,0.11689464755683342,-0.12516943028135646,1343.0,,0.07720994475138122,False,NO_EVIDENCE
layer2__prob_up_7pct_10d,NUMERIC,20,ic_raw,7,-0.02142768263641795,-0.21486991101205932,0.8652582694680055,False,0.11689464755683342,-0.12516943028135646,1343.0,,0.07727900552486189,False,NO_EVIDENCE
market_energy_score,NUMERIC,1,ic_raw,17,-0.004760837501540473,-0.17226339326490048,0.8653905689502929,True,-0.007717245998637101,-0.0021329188374545806,1379.0,,0.07734806629834255,False,NO_EVIDENCE
ev2_cost_spread,NUMERIC,1,ic_thesis,6,0.003968642329901831,0.17815998341177922,0.865590730913781,False,-0.011544415483922798,0.019481700143726462,1446.0,,0.0774171270718232,False,NO_EVIDENCE
options_score_pre_macro,NUMERIC,1,ic_thesis,8,-0.007195494604489233,-0.1752673456144979,0.8658316073634972,False,0.05766063683648204,-0.0720516260454605,603.0,,0.07748618784530387,False,NO_EVIDENCE
ev2_ev_selected,NUMERIC,1,ic_thesis,8,0.002930928683199288,0.17477057790608125,0.8662074873629538,False,-0.011137271298322551,0.016999128664721128,1379.0,,0.07755524861878454,False,NO_EVIDENCE
ev2_ev_contract,NUMERIC,1,ic_thesis,8,0.002930928683199288,0.17477057790608125,0.8662074873629538,False,-0.011137271298322551,0.016999128664721128,1379.0,,0.0776243093922652,False,NO_EVIDENCE
direction_resolution_call_score,NUMERIC,1,ic_thesis,8,0.003763082580940425,0.17421183930417633,0.8666303020966329,False,-0.029456151700215212,0.03698231686209606,1446.0,,0.07769337016574586,False,NO_EVIDENCE
shock_sensitivity,NUMERIC,5,ic_raw,14,0.013298595914396269,0.17980157544872852,0.86680128499601,False,0.061449121975451174,-0.03485193014665862,1358.0,,0.07776243093922652,False,NO_EVIDENCE
expected_move_5d,NUMERIC,20,ic_raw,7,-0.013134638001424458,-0.21136172334176542,0.8673946197841329,False,0.06669652974134722,-0.07300801380850322,1343.0,,0.07783149171270719,False,NO_EVIDENCE
median_gain_if_up_5d,NUMERIC,20,ic_raw,7,-0.021389179384810424,-0.21135347106695787,0.8673996486938185,False,0.12113475087585311,-0.12828212708030806,1343.0,,0.07790055248618785,False,NO_EVIDENCE
layer2__median_gain_if_up_5d,NUMERIC,20,ic_raw,7,-0.021389179384810424,-0.21135347106695787,0.8673996486938185,False,0.12113475087585311,-0.12828212708030806,1343.0,,0.07796961325966852,False,NO_EVIDENCE
layer2__ret_pctl_20d_p70,NUMERIC,5,ic_raw,12,-0.01017693919838056,-0.18033474251461415,0.8683837643463951,False,0.0106604795565264,-0.031014357953287525,1358.0,,0.07803867403314918,False,NO_EVIDENCE
crabel_score,NUMERIC,1,ic_thesis,8,-0.0020329761045714597,-0.17156733075593705,0.8686321162752036,False,0.019516430496830526,-0.023582382705973445,1379.0,,0.07810773480662984,False,NO_EVIDENCE
shock_sensitivity,NUMERIC,1,ic_raw,17,-0.005778291160422548,-0.1677544417588536,0.8688785276517941,False,0.009028568494177509,-0.018939944186733712,1379.0,,0.0781767955801105,False,NO_EVIDENCE
layer2__ret_pctl_5d_p60,NUMERIC,10,ic_raw,8,-0.01335970058175482,-0.20833505036065475,0.8692401864652576,False,0.031507491110367505,-0.058226892273877146,1325.5,,0.07824585635359116,False,NO_EVIDENCE
layer2__raw_prob_up_10d,NUMERIC,10,ic_raw,10,0.020507427207432205,0.207753041239441,0.8695953333866857,False,-0.06807623568958023,0.10909109010444465,1325.5,,0.07831491712707184,False,NO_EVIDENCE
layer2__win_rate_10d,NUMERIC,10,ic_raw,10,0.020507427207432205,0.207753041239441,0.8695953333866857,False,-0.06807623568958023,0.10909109010444465,1325.5,,0.07838397790055249,False,NO_EVIDENCE
win_rate_10d__vg,NUMERIC,10,ic_raw,10,0.020507427207432205,0.207753041239441,0.8695953333866857,False,-0.06807623568958023,0.10909109010444465,1325.5,,0.07845303867403315,False,NO_EVIDENCE
risk_reversal,NUMERIC,5,ic_raw,8,-0.007592285705501009,-0.18836245441974783,0.8709711932530537,False,-0.052259884065914794,0.037075312654912776,799.0,,0.07852209944751382,False,NO_EVIDENCE
phase_strength,NUMERIC,10,ic_raw,8,0.009676843222592147,0.20505939643874205,0.8712400877570894,True,0.004965911315324828,0.014387775129859462,675.0,,0.07859116022099448,False,NO_EVIDENCE
layer2__raw_prob_down_5d,NUMERIC,1,ic_thesis,8,-0.0029692060650603792,-0.1681087473534929,0.8712517188137919,False,0.03196320567237609,-0.03790161780249686,1379.0,,0.07866022099447514,False,NO_EVIDENCE
layer2__ret_pctl_5d_p10,NUMERIC,5,ic_raw,12,0.010268064764768036,0.17631930895957323,0.8712739306634222,False,-0.036774868083798096,0.057310997613334164,1358.0,,0.07872928176795581,False,NO_EVIDENCE
layer2__raw_prob_up_10d,NUMERIC,1,ic_thesis,8,-0.00333088776184072,-0.1673831443113482,0.8718015267830138,False,-0.045948687368149645,0.039286911844468204,1379.0,,0.07879834254143647,False,NO_EVIDENCE
win_rate_10d__vg,NUMERIC,1,ic_thesis,8,-0.00333088776184072,-0.1673831443113482,0.8718015267830138,False,-0.045948687368149645,0.039286911844468204,1379.0,,0.07886740331491714,False,NO_EVIDENCE
layer2__win_rate_10d,NUMERIC,1,ic_thesis,8,-0.00333088776184072,-0.1673831443113482,0.8718015267830138,False,-0.045948687368149645,0.039286911844468204,1379.0,,0.0789364640883978,False,NO_EVIDENCE
layer2__prob_down_5pct_first,NUMERIC,20,ic_raw,7,-0.019527078105844618,-0.20270818138118657,0.8726771793123271,False,0.11346618659616113,-0.11927202663234894,1343.0,,0.07900552486187845,False,NO_EVIDENCE
layer2__ret_pctl_10d_p10,NUMERIC,5,ic_raw,12,0.01006887492565226,0.17296266826906212,0.8736919968085469,False,-0.03707038218989114,0.05720813204119565,1358.0,,0.07907458563535913,False,NO_EVIDENCE
eil_obi_score,NUMERIC,20,ic_raw,7,-0.005617802926472009,-0.2009342370088251,0.8737623078939547,False,0.031554080829169405,-0.033496715743203065,1343.0,,0.07914364640883978,False,NO_EVIDENCE
iv_gex_entry_quality,NUMERIC,1,ic_raw,17,-0.0021885066232079677,-0.16071302016710176,0.8743310839258646,False,-0.0062509657185397674,0.0014225681281980786,1379.0,,0.07921270718232044,False,NO_EVIDENCE
directional_force,NUMERIC,1,ic_thesis,8,-0.00443175376784339,-0.16269003836848142,0.8753594350077546,False,-0.05180835961899171,0.04294485208330493,1446.0,,0.07928176795580111,False,NO_EVIDENCE
layer1__control__efficiency__efficiency_score,NUMERIC,1,ic_raw,11,-0.005104520133333333,-0.16063704154287475,0.8755779955555769,False,0.04290884013907629,-0.045115653693674686,1307.0,,0.07935082872928177,False,NO_EVIDENCE
catalyst_truth_score,NUMERIC,10,ic_raw,10,-0.011261286105319642,-0.19661487636239783,0.8764075767232409,False,0.017300753238625535,-0.039823325449264826,1325.5,,0.07941988950276244,False,NO_EVIDENCE
ev2_ev_10d,NUMERIC,1,ic_thesis,8,-0.003152340672536988,-0.16095174553740393,0.876678048607281,False,-0.01871446032284971,0.012409778977775735,1379.0,,0.0794889502762431,False,NO_EVIDENCE
sector_alignment_score,NUMERIC,1,ic_raw,17,0.0037975331098434695,0.1565533741119309,0.877555219529753,False,-0.010919223602757629,0.016879094632155558,1379.0,,0.07955801104972376,False,NO_EVIDENCE
contract_spread_pct,NUMERIC,5,ic_raw,14,-0.007301144712543196,-0.16282275410214808,0.8792318696168551,False,0.02915020369237848,-0.043752493117464875,587.0,,0.07962707182320443,False,NO_EVIDENCE
tier,NUMERIC,5,ic_raw,14,0.0033108670783477284,0.16257980249415277,0.8794100660083468,False,0.02273021199574212,-0.016108477839046665,1358.0,,0.0796961325966851,False,NO_EVIDENCE
actuarial_efficiency_10d__vg,NUMERIC,20,ic_raw,7,0.005545838480649626,0.19000993914836745,0.8804609253665311,False,-0.02445040114606577,0.028043018200686172,1343.0,,0.07976519337016574,False,NO_EVIDENCE
pct_from_52w_low,NUMERIC,20,ic_raw,7,-0.008778721714112685,-0.18964404426183182,0.8806857595445017,False,0.03771717007649756,-0.043650640557070366,1343.0,,0.07983425414364642,False,NO_EVIDENCE
layer2__prob_up_10pct_20d,NUMERIC,20,ic_raw,7,-0.019479605232887543,-0.18922328287456233,0.8809443451849015,False,0.12328179693050854,-0.1265506568554346,1343.0,,0.07990331491712709,False,NO_EVIDENCE
range_pct,NUMERIC,10,ic_raw,10,0.018439527543928406,0.18888810948427942,0.8811503598045397,False,0.11275872871341383,-0.075879673625557,1325.5,,0.07997237569060774,False,NO_EVIDENCE
catalyst_binary_score,NUMERIC,1,ic_raw,15,-0.0010657356511544656,-0.1513324563178462,0.8818724661113905,False,0.0066198681729776965,-0.007790638997270107,1399.0,,0.0800414364640884,False,NO_EVIDENCE
ev2_ev_execution_adj,NUMERIC,1,ic_raw,17,-0.0021748275472491655,-0.1508857016035154,0.8819517993191904,True,-0.00015527440678973856,-0.003969985894324211,1379.0,,0.08011049723756906,False,NO_EVIDENCE
wyckoff_transition_conf,NUMERIC,1,ic_raw,17,-0.0017785110404871227,-0.1503597293736363,0.8823600160098224,False,0.007953476748705736,-0.010429166853102996,1379.0,,0.08017955801104973,False,NO_EVIDENCE
ev2_ev_20d,NUMERIC,1,ic_thesis,8,-0.0025132346493473012,-0.153114767862772,0.882628083764648,False,-0.02315770518189988,0.018131235883205275,1379.0,,0.08024861878453039,False,NO_EVIDENCE
layer2__baseline_probability,NUMERIC,1,ic_thesis,8,-0.0026964607061737735,-0.15294368213186302,0.8827580686869742,False,-0.018057558678796028,0.012664637266448482,1379.0,,0.08031767955801106,False,NO_EVIDENCE
pct_from_52w_low,NUMERIC,1,ic_raw,17,0.004444582708849858,0.1485206041303559,0.8837876633581884,False,-0.005959247652658057,0.013692431919079111,1379.0,,0.08038674033149172,False,NO_EVIDENCE
ev2_ev_path_adj,NUMERIC,10,ic_raw,10,0.008630804166525341,0.18398236938075999,0.8841685395247942,False,0.059936451475584886,-0.042674843142534204,1325.5,,0.08045580110497239,False,NO_EVIDENCE
layer2__kelly_fraction,NUMERIC,10,ic_raw,10,-0.01782089366190821,-0.18351105271306464,0.8844587893668364,False,0.0605007186674378,-0.09614250599125422,1325.5,,0.08052486187845304,False,NO_EVIDENCE
ev2_ev_structural,NUMERIC,10,ic_raw,10,0.00858989049713009,0.1832135447006869,0.884642028046878,False,0.05985780400933137,-0.04267802301507121,1325.5,,0.08059392265193371,False,NO_EVIDENCE
ev_base,NUMERIC,10,ic_raw,10,0.00858989049713009,0.1832135447006869,0.884642028046878,False,0.05985780400933137,-0.04267802301507121,1325.5,,0.08066298342541438,False,NO_EVIDENCE
layer2__transition_flag_rate_v2,NUMERIC,10,ic_raw,10,0.006426560362269976,0.18312046716811717,0.8846993595633436,False,-0.02121917165873045,0.034072292383270406,1325.5,,0.08073204419889503,False,NO_EVIDENCE
layer2__avg_adx_delta,NUMERIC,1,ic_thesis,8,-0.003342572686510689,-0.15007746777253186,0.884936290435477,False,0.015995181375490542,-0.02268032674851192,1379.0,,0.08080110497237569,False,NO_EVIDENCE
ev2_contract_efficiency,NUMERIC,10,ic_raw,10,0.007892978043559176,0.1801623527443106,0.8865224037412447,False,-0.034312533929290144,0.050098490016408495,1325.5,,0.08087016574585636,False,NO_EVIDENCE
phantom_info_flow,NUMERIC,10,ic_raw,10,0.006259622525469457,0.1796970586158858,0.8868093300267161,False,0.031710950371608496,-0.019191705320669585,1325.5,,0.08093922651933702,False,NO_EVIDENCE
phantom_info_flow_score,NUMERIC,10,ic_raw,10,0.006259622525469457,0.1796970586158858,0.8868093300267161,False,0.031710950371608496,-0.019191705320669585,1325.5,,0.08100828729281769,False,NO_EVIDENCE
early_formation_score,NUMERIC,1,ic_thesis,8,0.0018748068260092156,0.14729874382500904,0.8870490420135675,False,0.021741051187540328,-0.017991437535521897,677.0,,0.08107734806629835,False,NO_EVIDENCE
atm_iv,NUMERIC,10,ic_raw,10,-0.02072693731732452,-0.17805999726189156,0.8878192020476613,False,0.0905109672193563,-0.13196484185400537,1266.0,,0.08114640883977901,False,NO_EVIDENCE
actuarial_expected_value_10d,NUMERIC,10,ic_raw,10,0.013973692895196965,0.17600376763186612,0.8890884592095707,False,-0.04977012415855551,0.07771750994894945,1325.5,,0.08121546961325968,False,NO_EVIDENCE
layer2__expected_value_10d,NUMERIC,10,ic_raw,10,0.013973692895196965,0.17600376763186612,0.8890884592095707,False,-0.04977012415855551,0.07771750994894945,1325.5,,0.08128453038674033,False,NO_EVIDENCE
expected_value_10d,NUMERIC,10,ic_raw,10,0.013973692895196965,0.17600376763186612,0.8890884592095707,False,-0.04977012415855551,0.07771750994894945,1325.5,,0.081353591160221,False,NO_EVIDENCE
phantom_iv_entropy,NUMERIC,1,ic_raw,17,-0.0009641618188148335,-0.1415918465967419,0.8891698856848441,False,-0.0048478094686741045,0.0024879694255045184,1379.0,,0.08142265193370167,False,NO_EVIDENCE
phantom_iv_entropy_score,NUMERIC,1,ic_raw,17,-0.0009641618188148335,-0.1415918465967419,0.8891698856848441,False,-0.0048478094686741045,0.0024879694255045184,1379.0,,0.08149171270718232,False,NO_EVIDENCE
layer2__raw_prob_down_10d,NUMERIC,1,ic_thesis,8,0.0029409518942120627,0.14432655260200622,0.8893099831815567,False,0.04707002430936695,-0.04118812052094282,1379.0,,0.08156077348066298,False,NO_EVIDENCE
layer2__prob_down_5pct_first,NUMERIC,10,ic_raw,10,0.016055658937948976,0.1752513932361123,0.8895531036279094,False,0.10018658550717556,-0.06807526763127761,1325.5,,0.08162983425414366,False,NO_EVIDENCE
market_energy_score,NUMERIC,1,ic_thesis,8,0.0036740134324904083,0.14326122514466375,0.8901206463578498,False,0.04015354482747585,-0.03280551796249503,1379.0,,0.08169889502762431,False,NO_EVIDENCE
expected_value_5d,NUMERIC,1,ic_thesis,8,0.0014968918844144074,0.14277131878661725,0.8904934890246473,False,-0.012826361791146339,0.01582014555997515,1379.0,,0.08176795580110498,False,NO_EVIDENCE
layer2__expected_value_5d,NUMERIC,1,ic_thesis,8,0.0014968918844144074,0.14277131878661725,0.8904934890246473,False,-0.012826361791146339,0.01582014555997515,1379.0,,0.08183701657458564,False,NO_EVIDENCE
phantom_iv_kl_divergence,NUMERIC,20,ic_raw,7,-0.007617824377990907,-0.17364888128611608,0.8905431638784054,False,-0.07020093313489141,0.039319507189684466,1343.0,,0.0819060773480663,False,NO_EVIDENCE
lift_proxy_score,NUMERIC,20,ic_raw,7,-0.005346398295618894,-0.17275912779540079,0.8910931006140282,False,0.028919289601835013,-0.031045664218709326,1343.0,,0.08197513812154697,False,NO_EVIDENCE
regime_sensitivity,NUMERIC,1,ic_raw,17,-0.002613024675439331,-0.13664308162960154,0.8930175078396368,False,-0.030279880547380615,0.021979736099619594,603.0,,0.08204419889502762,False,NO_EVIDENCE
layer1__scenarios__conditional_near__probability_estimate,NUMERIC,1,ic_raw,11,0.0029809185205686237,0.13749626981728286,0.8933675987802414,True,0.0025401137709728044,0.0033482558118984665,1307.0,,0.0821132596685083,False,NO_EVIDENCE
atr_percentile,NUMERIC,10,ic_raw,10,-0.028486856899901054,-0.16857803446810987,0.8936795271322404,False,0.11811582366259828,-0.17508953746240036,551.0,,0.08218232044198896,False,NO_EVIDENCE
iv_score,NUMERIC,1,ic_thesis,8,-0.002283567532343346,-0.1382712496123279,0.8939196390472736,False,0.010626451598690585,-0.01519358666337728,1379.0,,0.08225138121546961,False,NO_EVIDENCE
layer2__probability_edge,NUMERIC,10,ic_raw,10,0.015825407565866107,0.16765010804206237,0.8942540267029292,False,0.10470961658117195,-0.07305880144943974,1325.5,,0.08232044198895028,False,NO_EVIDENCE
prob_up_5pct_5d,NUMERIC,10,ic_raw,10,0.015805299081358158,0.16733410093288098,0.8944497133592202,False,0.10596307265064217,-0.07435247448792587,1325.5,,0.08238950276243096,False,NO_EVIDENCE
layer2__prob_up_5pct_5d,NUMERIC,10,ic_raw,10,0.015805299081358158,0.16733410093288098,0.8944497133592202,False,0.10596307265064217,-0.07435247448792587,1325.5,,0.0824585635359116,False,NO_EVIDENCE
layer2__prob_up_5pct_5d,NUMERIC,20,ic_raw,7,-0.015923321784741394,-0.1672441452040838,0.8945054219146047,False,0.11721438705270408,-0.1157766034128255,1343.0,,0.08252762430939227,False,NO_EVIDENCE
prob_up_5pct_5d,NUMERIC,20,ic_raw,7,-0.015923321784741394,-0.1672441452040838,0.8945054219146047,False,0.11721438705270408,-0.1157766034128255,1343.0,,0.08259668508287293,False,NO_EVIDENCE
path_score,NUMERIC,5,ic_raw,14,-0.004908326364863614,-0.1417282107796849,0.894735769645452,False,0.021843296928843247,-0.031659949658570476,1358.0,,0.0826657458563536,False,NO_EVIDENCE
layer2__adjusted_expected_return,NUMERIC,10,ic_raw,10,0.007839893801380567,0.16595151603833153,0.8953061120753819,False,-0.021612514721093778,0.03729230232385491,1325.5,,0.08273480662983426,False,NO_EVIDENCE
expected_value_20d,NUMERIC,1,ic_thesis,8,-0.0028315738244561323,-0.13640529999556186,0.8953410063437167,False,-0.03804121534364469,0.03237806769473242,1379.0,,0.08280386740331491,False,NO_EVIDENCE
layer2__expected_value_20d,NUMERIC,1,ic_thesis,8,-0.0028315738244561323,-0.13640529999556186,0.8953410063437167,False,-0.03804121534364469,0.03237806769473242,1379.0,,0.08287292817679559,False,NO_EVIDENCE
tier,NUMERIC,1,ic_raw,17,0.0018921019989888669,0.13162415488195456,0.8969225009140849,False,0.018425772064915483,-0.012804493615168123,1379.0,,0.08294198895027625,False,NO_EVIDENCE
put_25d_iv,NUMERIC,1,ic_raw,11,0.009029330359999586,0.1320672393367885,0.897550590774246,False,0.03794506133676406,-0.015067112120637473,1016.0,,0.0830110497237569,False,NO_EVIDENCE
maturation_score_3d,NUMERIC,1,ic_thesis,8,0.0020293499676006417,0.13289960203869772,0.8980125454639674,False,-0.03005166875506906,0.03411036869027034,1039.0,,0.08308011049723757,False,NO_EVIDENCE
hv_30d,NUMERIC,10,ic_raw,10,-0.024288353418304875,-0.16157933276995734,0.8980168275377862,False,0.0921940699236257,-0.14077077676023544,548.5,,0.08314917127071825,False,NO_EVIDENCE
layer2__ret_pctl_10d_p05,NUMERIC,5,ic_raw,12,0.007936376552642036,0.139183362392729,0.8981234956791109,False,-0.03969127381576107,0.055564026921045145,1358.0,,0.0832182320441989,False,NO_EVIDENCE
layer2__probability_edge,NUMERIC,20,ic_raw,7,-0.015564129974226255,-0.16068290757155984,0.8985730677140382,False,0.11858696342875878,-0.11617745002646504,1343.0,,0.08328729281767956,False,NO_EVIDENCE
layer1__control__trend__buy_trend,NUMERIC,20,ic_raw,7,-0.01308282214072529,-0.1604147337930914,0.8987395024342741,False,0.1011243238571506,-0.09873818163913221,1343.0,,0.08335635359116023,False,NO_EVIDENCE
ATR_14,NUMERIC,10,ic_raw,10,-0.009359061068661034,-0.1602336724906873,0.8988518810753723,False,0.028294349686007948,-0.04701247182333003,1325.5,,0.08342541436464089,False,NO_EVIDENCE
phantom_score,NUMERIC,5,ic_raw,14,0.0017526975889185204,0.13531559880645083,0.8994608982163325,False,0.007206322436189687,-0.003700927258352644,1358.0,,0.08349447513812155,False,NO_EVIDENCE
phase_strength,NUMERIC,5,ic_raw,12,-0.0034845886939679376,-0.13694149401896188,0.8997507601855346,False,-0.02678679105940049,0.019817613671464614,693.5,,0.0835635359116022,False,NO_EVIDENCE
layer2__ret_pctl_10d_p80,NUMERIC,5,ic_raw,12,-0.007813408485229536,-0.13528057028414114,0.900956772451708,False,0.03646299882808877,-0.05208981579854782,1358.0,,0.08363259668508288,False,NO_EVIDENCE
trigger_score,NUMERIC,5,ic_raw,14,-0.004632735513260786,-0.13297559391695482,0.9011864354813321,False,-0.045545678951035604,0.03628020792451402,1358.0,,0.08370165745856355,False,NO_EVIDENCE
layer2__edge_direction,LABEL,10,mean_signed_bps,10,-7.255946402963258,-0.15291669141851963,0.9033985328084394,True,-0.46453766933992285,-14.047355136586594,679.5,0.4901806594937236,0.0837707182320442,False,NO_EVIDENCE
vanguard_edge_direction,LABEL,10,mean_signed_bps,10,-7.255946402963258,-0.15291669141851963,0.9033985328084394,True,-0.46453766933992285,-14.047355136586594,679.5,0.4901806594937236,0.08383977900552486,False,NO_EVIDENCE
vanguard_edge_direction_flat,LABEL,10,mean_signed_bps,10,-7.255946402963258,-0.15291669141851963,0.9033985328084394,True,-0.46453766933992285,-14.047355136586594,679.5,0.4901806594937236,0.08390883977900554,False,NO_EVIDENCE
edge_direction,LABEL,10,mean_signed_bps,10,-7.255946402963258,-0.15291669141851963,0.9033985328084394,True,-0.46453766933992285,-14.047355136586594,679.5,0.4901806594937236,0.08397790055248619,False,NO_EVIDENCE
layer1__control__trend__buy_trend,NUMERIC,5,ic_raw,11,-0.00702355066770701,-0.13258175280900358,0.9038829324921367,False,0.04844085933972721,-0.05324389234056886,1307.0,,0.08404696132596685,False,NO_EVIDENCE
layer1__control__aggression__sell_pct,NUMERIC,20,ic_raw,7,0.010009438854576683,0.1518699359253289,0.9040497933054069,False,0.10000691892384211,-0.05748867119737239,1343.0,,0.08411602209944752,False,NO_EVIDENCE
layer1__control__aggression__buy_pct,NUMERIC,20,ic_raw,7,-0.010009438854576683,-0.1518699359253289,0.9040497933054069,False,-0.10000691892384211,0.05748867119737239,1343.0,,0.08418508287292818,False,NO_EVIDENCE
phantom_gamma_net_gex_proxy,NUMERIC,1,ic_thesis,8,0.0012397581103113387,0.12475632921541865,0.9042235928830719,False,-0.013627120370652827,0.016106636591275505,1379.0,,0.08425414364640885,False,NO_EVIDENCE
contract_vanna,NUMERIC,10,ic_raw,10,0.008340808845525637,0.15043591302912965,0.9049423285585616,False,0.020666734250772888,-0.003985116559721606,551.0,,0.08432320441988951,False,NO_EVIDENCE
phantom_iv_hist_entropy,NUMERIC,1,ic_thesis,8,0.00354205750851274,0.12374466926178386,0.9049957195821308,False,0.043534133302282355,-0.036450018285256874,1379.0,,0.08439226519337018,False,NO_EVIDENCE
call_25d_iv,NUMERIC,1,ic_raw,11,0.008036733216258786,0.12204696144794469,0.9052796286554067,False,0.03195473924719915,-0.011894938476191523,1016.0,,0.08446132596685084,False,NO_EVIDENCE
layer2__median_loss_if_down,NUMERIC,5,ic_raw,14,0.008125317919592756,0.12667956134941674,0.9058325221954386,False,-0.030401841788948895,0.04665247762813441,1358.0,,0.08453038674033149,False,NO_EVIDENCE
rr,NUMERIC,1,ic_raw,10,0.0015022162972232011,0.12130489739053642,0.9061147097646038,False,0.016770112137292056,-0.013765679542845652,1326.5,,0.08459944751381215,False,NO_EVIDENCE
rr_underlying,NUMERIC,1,ic_raw,10,0.0015022162972232011,0.12130489739053642,0.9061147097646038,False,0.016770112137292056,-0.013765679542845652,1326.5,,0.08466850828729283,False,NO_EVIDENCE
days_to_trigger,NUMERIC,5,ic_raw,12,0.013758746631522831,0.12704174336202237,0.906944288274211,False,0.12878032354852764,-0.10126283028548198,693.5,,0.08473756906077348,False,NO_EVIDENCE
absolute_delta,NUMERIC,1,ic_raw,8,0.0016633863755509655,0.12086708747550062,0.9071925688975214,True,0.003254393422757461,7.237932834447034e-05,1039.0,,0.08480662983425415,False,NO_EVIDENCE
move_age_bars,NUMERIC,10,ic_raw,10,-0.007789816171635352,-0.14624494857289463,0.907552929925972,True,-0.0015142494870956564,-0.014065382856175052,1278.5,,0.08487569060773481,False,NO_EVIDENCE
median_max_drawdown_5d,NUMERIC,10,ic_raw,10,-0.014120630105189047,-0.14604146786791544,0.9076797609297125,False,-0.10277578287119134,0.07453452266081324,1325.5,,0.08494475138121547,False,NO_EVIDENCE
layer2__median_max_drawdown_5d,NUMERIC,10,ic_raw,10,-0.014120630105189047,-0.14604146786791544,0.9076797609297125,False,-0.10277578287119134,0.07453452266081324,1325.5,,0.08501381215469614,False,NO_EVIDENCE
theta_decay_expected,NUMERIC,1,ic_raw,17,-0.0020482497841631557,-0.11743889102154459,0.9079738666709831,False,-0.03254009494852314,0.025055612584156825,603.0,,0.0850828729281768,False,NO_EVIDENCE
theta_drag_pct,NUMERIC,1,ic_raw,17,-0.0020482497841631557,-0.11743889102154459,0.9079738666709831,False,-0.03254009494852314,0.025055612584156825,603.0,,0.08515193370165747,False,NO_EVIDENCE
mp_rule_hits,NUMERIC,1,ic_thesis,8,-0.0028522198368437944,-0.11926197127282914,0.9084183522501637,False,-0.010588732918012583,0.004884293244324997,1264.0,,0.08522099447513813,False,NO_EVIDENCE
vanguard_fwd_momentum_conf,NUMERIC,1,ic_raw,17,0.0014907079365307958,0.11628545574013092,0.9088733689809145,False,-0.002699378023486453,0.00521522878987946,1379.0,,0.08529005524861878,False,NO_EVIDENCE
volatility_pressure,NUMERIC,1,ic_thesis,8,-0.0031743978448970575,-0.1182762026725901,0.9091712896657849,False,-0.03741497735700888,0.031066181667214768,1379.0,,0.08535911602209945,False,NO_EVIDENCE
ev2_ev_structural,NUMERIC,1,ic_raw,17,-0.0019847102776669977,-0.11579999151748391,0.9092519948625151,True,-0.0005086583654529356,-0.003296756421857277,1379.0,,0.08542817679558012,False,NO_EVIDENCE
ev_base,NUMERIC,1,ic_raw,17,-0.0019847102776669977,-0.11579999151748391,0.9092519948625151,True,-0.0005086583654529356,-0.003296756421857277,1379.0,,0.08549723756906077,False,NO_EVIDENCE
repricing_direction,LABEL,10,mean_signed_bps,7,10.021244727544357,0.1431696599370255,0.909470562473421,True,4.852825875196468,13.897558866805273,701.0,0.5027694334468459,0.08556629834254144,False,NO_EVIDENCE
ivp_30d,NUMERIC,10,ic_raw,10,-0.008090070218361408,-0.14308223787785107,0.9095250998839153,False,-0.04097438670540865,0.02479424626868585,547.5,,0.0856353591160221,False,NO_EVIDENCE
layer2__ret_pctl_5d_p60,NUMERIC,5,ic_raw,12,0.005871569162288095,0.12329673694754945,0.9096687290758722,False,0.04873607906147945,-0.03699294073690326,1358.0,,0.08570441988950277,False,NO_EVIDENCE
ev2_ev_path_adj,NUMERIC,1,ic_raw,17,-0.0019660310758771327,-0.11463398683627578,0.910161483677204,True,-0.0005368822865233699,-0.003236385555302701,1379.0,,0.08577348066298343,False,NO_EVIDENCE
actuarial_expected_move_10d,NUMERIC,20,ic_raw,7,-0.009275470855297842,-0.141601067059508,0.9104493166663898,False,0.06915844170305586,-0.06810090527406312,1343.0,,0.0858425414364641,False,NO_EVIDENCE
expected_move_10d,NUMERIC,20,ic_raw,7,-0.009275470855297842,-0.141601067059508,0.9104493166663898,False,0.06915844170305586,-0.06810090527406312,1343.0,,0.08591160220994476,False,NO_EVIDENCE
median_loss_if_down_5d,NUMERIC,10,ic_raw,10,-0.01342703142465829,-0.1413758217655617,0.9105898979791266,False,-0.10206166564776205,0.07520760279844547,1325.5,,0.08598066298342542,False,NO_EVIDENCE
layer2__median_loss_if_down_5d,NUMERIC,10,ic_raw,10,-0.01342703142465829,-0.1413758217655617,0.9105898979791266,False,-0.10206166564776205,0.07520760279844547,1325.5,,0.08604972375690609,False,NO_EVIDENCE
theta_score,NUMERIC,10,ic_raw,10,0.0043234122872506916,0.14122773966360144,0.9106823245659208,False,0.022185873381433123,-0.013539048806931747,1325.5,,0.08611878453038674,False,NO_EVIDENCE
iv_gex_entry_quality,NUMERIC,10,ic_raw,10,0.005141847609258147,0.14022672141035855,0.9113072170634209,False,0.03202696705931246,-0.02174327184079617,1325.5,,0.08618784530386742,False,NO_EVIDENCE
phantom_info_flow_score,NUMERIC,5,ic_raw,14,0.0026333519219410477,0.1168636948066975,0.9130853184182393,False,-0.0027003807963991563,0.007967084640281251,1358.0,,0.08625690607734807,False,NO_EVIDENCE
phantom_info_flow,NUMERIC,5,ic_raw,14,0.0026333519219410477,0.1168636948066975,0.9130853184182393,False,-0.0027003807963991563,0.007967084640281251,1358.0,,0.08632596685082873,False,NO_EVIDENCE
actuarial_risk_10d,NUMERIC,10,ic_raw,10,-0.0067852861615427225,-0.13676311753222203,0.9134707160422002,False,-0.039838087712755786,0.026267515389670336,1325.5,,0.0863950276243094,False,NO_EVIDENCE
risk_10d,NUMERIC,10,ic_raw,10,-0.0067852861615427225,-0.13676311753222203,0.9134707160422002,False,-0.039838087712755786,0.026267515389670336,1325.5,,0.08646408839779006,False,NO_EVIDENCE
efficiency_10d,NUMERIC,20,ic_raw,7,-0.008893562342330774,-0.13668757466637751,0.9135179255972998,False,0.06911935667820879,-0.06740325160773544,1343.0,,0.08653314917127072,False,NO_EVIDENCE
actuarial_efficiency_10d,NUMERIC,20,ic_raw,7,-0.008893562342330774,-0.13668757466637751,0.9135179255972998,False,0.06911935667820879,-0.06740325160773544,1343.0,,0.08660220994475139,False,NO_EVIDENCE
theta_decay_expected,NUMERIC,5,ic_raw,14,0.0022429037672778854,0.11602022215395379,0.9137090525312398,False,0.004516214604225713,-3.0407069669942587e-05,587.0,,0.08667127071823205,False,NO_EVIDENCE
theta_drag_pct,NUMERIC,5,ic_raw,14,0.0022429037672778854,0.11602022215395379,0.9137090525312398,False,0.004516214604225713,-3.0407069669942587e-05,587.0,,0.08674033149171272,False,NO_EVIDENCE
layer2__raw_expected_return,NUMERIC,10,ic_raw,10,-0.0051478811608777235,-0.13613156090756479,0.9138654287522253,False,-0.030792985944038752,0.020497223622283307,1325.5,,0.08680939226519338,False,NO_EVIDENCE
layer2__median_loss_if_down_10d,NUMERIC,5,ic_raw,14,0.00721655228340607,0.11579783863669504,0.9138735143908121,False,-0.03325887411637526,0.0476919786831874,1358.0,,0.08687845303867403,False,NO_EVIDENCE
median_loss_if_down_10d,NUMERIC,5,ic_raw,14,0.00721655228340607,0.11579783863669504,0.9138735143908121,False,-0.03325887411637526,0.0476919786831874,1358.0,,0.08694751381215471,False,NO_EVIDENCE
layer2__median_gain_if_up_5d,NUMERIC,10,ic_raw,10,0.013281570040638032,0.13571297906017143,0.9141270723984434,False,0.1061858325840215,-0.07962269250274542,1325.5,,0.08701657458563537,False,NO_EVIDENCE
median_gain_if_up_5d,NUMERIC,10,ic_raw,10,0.013281570040638032,0.13571297906017143,0.9141270723984434,False,0.1061858325840215,-0.07962269250274542,1325.5,,0.08708563535911602,False,NO_EVIDENCE
layer2__raw_prob_down_20d,NUMERIC,1,ic_thesis,8,-0.002302682347428666,-0.11159014165140799,0.9142807542000263,False,0.03232814688292952,-0.036933511577786855,1379.0,,0.08715469613259669,False,NO_EVIDENCE
vanguard_fwd_momentum_conf,NUMERIC,1,ic_thesis,8,-0.0010582097220210745,-0.1112838123442589,0.9145149561761257,False,-0.007207522294850522,0.005091102850808371,1379.0,,0.08722375690607735,False,NO_EVIDENCE
ev2_ev_10d,NUMERIC,10,ic_raw,10,-0.004549314191473601,-0.13477901596223132,0.9147109713578139,True,-6.038167041740178e-05,-0.009038246712529802,1325.5,,0.08729281767955802,False,NO_EVIDENCE
layer2__ret_pctl_20d_p05,NUMERIC,5,ic_raw,12,0.006741448266046779,0.11507156351980931,0.9156582205892182,False,-0.03915817964360697,0.05264107617570054,1358.0,,0.08736187845303868,False,NO_EVIDENCE
canonical_direction,LABEL,5,mean_signed_bps,8,-3.392345286279582,-0.12195750230545391,0.9160049971620583,False,-24.0638694182092,17.279178845650037,1128.0,0.49907327836990095,0.08743093922651934,False,NO_EVIDENCE
layer2__ret_pctl_5d_p70,NUMERIC,5,ic_raw,12,-0.006134090409243525,-0.11393263590720616,0.9164881820155085,False,0.03782717110507602,-0.05009535192356307,1358.0,,0.08750000000000001,False,NO_EVIDENCE
trigger_ev_10d,NUMERIC,5,ic_raw,10,0.003913827756169308,0.11606363129283628,0.9168384250710762,False,0.03432925862788745,-0.026501603115548843,1326.0,,0.08756906077348067,False,NO_EVIDENCE
layer2__ret_pctl_10d_p60,NUMERIC,10,ic_raw,8,-0.006311080988861285,-0.13116995574856471,0.9169686474575505,False,0.036791758647556606,-0.049413920625279176,1325.5,,0.08763812154696132,False,NO_EVIDENCE
regime_sensitivity,NUMERIC,10,ic_raw,10,-0.00808647010197525,-0.13047628925555332,0.9174028185429285,False,-0.06598618704107886,0.049813246837128365,551.0,,0.087707182320442,False,NO_EVIDENCE
layer2__ret_pctl_5d_p80,NUMERIC,5,ic_raw,12,-0.006398612709895633,-0.11215565490899104,0.9177833919463397,False,0.03973761806059448,-0.05253484348038576,1358.0,,0.08777624309392267,False,NO_EVIDENCE
options_strategy,LABEL,10,mean_signed_bps,10,-11.392341830226886,-0.12941836207805557,0.9180651318185796,False,-25.347390455970157,2.562706795516385,519.0,0.48359431112555173,0.08784530386740332,False,NO_EVIDENCE
prob_up_7pct_10d,NUMERIC,10,ic_raw,10,0.012382833672871688,0.12931247420349487,0.9181314325628885,False,0.10155658743953647,-0.07679092009379308,1325.5,,0.08791436464088398,False,NO_EVIDENCE
layer2__prob_up_7pct_10d,NUMERIC,10,ic_raw,10,0.012382833672871688,0.12931247420349487,0.9181314325628885,False,0.10155658743953647,-0.07679092009379308,1325.5,,0.08798342541436464,False,NO_EVIDENCE
median_gain_if_up_10d,NUMERIC,5,ic_raw,14,-0.006738582379784968,-0.10941852473934134,0.9185935294945209,False,0.024193143520076545,-0.03767030827964649,1358.0,,0.08805248618784531,False,NO_EVIDENCE
layer2__median_gain_if_up_10d,NUMERIC,5,ic_raw,14,-0.006738582379784968,-0.10941852473934134,0.9185935294945209,False,0.024193143520076545,-0.03767030827964649,1358.0,,0.08812154696132597,False,NO_EVIDENCE
actuarial_expected_move_10d__vg,NUMERIC,5,ic_raw,14,-0.006738582379784968,-0.10941852473934134,0.9185935294945209,False,0.024193143520076545,-0.03767030827964649,1358.0,,0.08819060773480664,False,NO_EVIDENCE
crabel_compression,NUMERIC,20,ic_raw,7,0.0029542419000949216,0.1277427532890221,0.9191145079809572,False,-0.00615329709246315,0.009784896144513475,1343.0,,0.0882596685082873,False,NO_EVIDENCE
expected_value_10d,NUMERIC,1,ic_thesis,8,0.0019425358808601474,0.10417377612346795,0.9199533936234846,False,-0.0315522409076349,0.0354373126693552,1379.0,,0.08832872928176796,False,NO_EVIDENCE
actuarial_expected_value_10d,NUMERIC,1,ic_thesis,8,0.0019425358808601474,0.10417377612346795,0.9199533936234846,False,-0.0315522409076349,0.0354373126693552,1379.0,,0.08839779005524862,False,NO_EVIDENCE
layer2__expected_value_10d,NUMERIC,1,ic_thesis,8,0.0019425358808601474,0.10417377612346795,0.9199533936234846,False,-0.0315522409076349,0.0354373126693552,1379.0,,0.0884668508287293,False,NO_EVIDENCE
phantom_iv_hist_entropy,NUMERIC,10,ic_raw,10,-0.011907565331610862,-0.12277612194885262,0.922227514840938,False,0.07093612130792411,-0.09475125197114581,1325.5,,0.08853591160220996,False,NO_EVIDENCE
efficiency_10d,NUMERIC,1,ic_thesis,8,0.0018324406412281147,0.10108507650271911,0.9223173780980363,False,0.006314128433852036,-0.0026492471513958078,1379.0,,0.08860497237569061,False,NO_EVIDENCE
actuarial_efficiency_10d,NUMERIC,1,ic_thesis,8,0.0018324406412281147,0.10108507650271911,0.9223173780980363,False,0.006314128433852036,-0.0026492471513958078,1379.0,,0.08867403314917127,False,NO_EVIDENCE
phantom_iv_hist_entropy,NUMERIC,5,ic_raw,14,-0.005641621145327438,-0.1040123518487075,0.9225968062769333,False,0.00927363647838106,-0.02055687876903594,1358.0,,0.08874309392265195,False,NO_EVIDENCE
layer2__ret_pctl_5d_p50,NUMERIC,1,ic_thesis,8,-0.0018362099075710965,-0.09974573734545171,0.9233427255764932,False,-0.04029008339230039,0.0366176635771582,1399.0,,0.0888121546961326,False,NO_EVIDENCE
iv_percentile,NUMERIC,1,ic_raw,17,-0.0017087786627607872,-0.0977359734808353,0.9233558441928015,False,0.005439457542344507,-0.008062766400632158,1262.0,,0.08888121546961326,False,NO_EVIDENCE
entropy_score,NUMERIC,20,ic_raw,7,-0.005252833321068852,-0.12092795053144245,0.923386882796107,False,0.028724122247842498,-0.030735549997752364,1343.0,,0.08895027624309393,False,NO_EVIDENCE
layer1__control__trend__sell_trend,NUMERIC,5,ic_raw,11,0.004872509650056963,0.10538250816879148,0.9234886770301656,False,0.059851761434634256,-0.04094353350375745,1307.0,,0.08901933701657459,False,NO_EVIDENCE
layer2__avg_atr_delta,NUMERIC,20,ic_raw,7,0.006956439655590089,0.12009583589774651,0.92390904004587,False,0.07428633180215413,-0.04354097945433294,1343.0,,0.08908839779005526,False,NO_EVIDENCE
layer2__prob_up_10pct_20d,NUMERIC,10,ic_raw,10,0.011354620061179734,0.11833052510281807,0.9250171236870678,False,0.10149631568124415,-0.07878707555888467,1325.5,,0.08915745856353591,False,NO_EVIDENCE
layer2__baseline_probability,NUMERIC,20,ic_raw,7,0.008923466464061966,0.11677633833385669,0.9259930632062899,False,-0.10178164522615514,0.09195230023172479,1343.0,,0.08922651933701659,False,NO_EVIDENCE
phantom_iv_kl_divergence,NUMERIC,5,ic_raw,14,-0.002015935388584621,-0.0978532769563027,0.9271610817894552,False,-0.010646043146919665,0.006614172369750419,1358.0,,0.08929558011049725,False,NO_EVIDENCE
vwap_acceptance_score,NUMERIC,10,ic_raw,10,-0.0075161988531167265,-0.1147649542835982,0.9272566144802777,False,-0.05165630121891858,0.036623903512685116,1325.5,,0.0893646408839779,False,NO_EVIDENCE
contract_vanna,NUMERIC,20,ic_raw,7,-0.002028401348023595,-0.11449565081091476,0.9274258348215204,False,0.0013900584759804241,-0.004592246216026611,550.0,,0.08943370165745856,False,NO_EVIDENCE
contract_theta,NUMERIC,5,ic_raw,14,0.004569062172878292,0.09654005277953569,0.9281347255525095,False,0.04027892071376566,-0.031140796368009083,587.0,,0.08950276243093924,False,NO_EVIDENCE
days_above_ema50,NUMERIC,5,ic_raw,14,0.0074784574825285735,0.09521726577464547,0.9291156177643912,False,0.03480054292140875,-0.019843627956351615,1358.0,,0.08957182320441989,False,NO_EVIDENCE
move_theta_ratio,NUMERIC,5,ic_raw,14,-0.003499250082319369,-0.09503745893747508,0.9292489628972332,False,-0.03660216244358349,0.029603662278944752,582.5,,0.08964088397790056,False,NO_EVIDENCE
range_expansion_vs_20d,NUMERIC,5,ic_raw,14,0.004237161731967494,0.09418974779705137,0.9298776661632774,False,0.027071893979943494,-0.01859757051600851,1358.0,,0.08970994475138122,False,NO_EVIDENCE
eil_composite_score,NUMERIC,5,ic_raw,14,0.001523137566490222,0.09122602625575763,0.9320762015661799,False,0.004430074812025547,-0.0013837996790451018,1358.0,,0.08977900552486189,False,NO_EVIDENCE
layer2__ret_pctl_5d_p05,NUMERIC,5,ic_raw,12,0.005062370277370172,0.08878475633794083,0.9348479226799744,False,-0.04264949510374135,0.05277423565848168,1358.0,,0.08984806629834255,False,NO_EVIDENCE
layer2__raw_prob_up_20d,NUMERIC,10,ic_raw,10,0.010118752111141674,0.102484500968921,0.9349833312075612,False,-0.08071926033780928,0.10095676456009262,1325.5,,0.0899171270718232,False,NO_EVIDENCE
pcr_signal,LABEL,1,mean_signed_bps,17,-0.47003372373512986,-0.08175300308230418,0.9358570953620429,False,3.361136159596566,-3.875518064474415,1032.0,0.5061579440224043,0.08998618784530388,False,NO_EVIDENCE
layer2__ret_pctl_10d_p01,NUMERIC,5,ic_raw,12,0.00464445193422532,0.08667499572999399,0.9363908911253862,False,-0.040361662552562426,0.049650566421013065,1358.0,,0.09005524861878454,False,NO_EVIDENCE
rr,NUMERIC,5,ic_raw,10,-0.0013390541663656978,-0.08703367475396954,0.9375516927120588,False,0.012787687658305427,-0.015465795991036818,1326.0,,0.09012430939226519,False,NO_EVIDENCE
rr_underlying,NUMERIC,5,ic_raw,10,-0.0013390541663656978,-0.08703367475396954,0.9375516927120588,False,0.012787687658305427,-0.015465795991036818,1326.0,,0.09019337016574586,False,NO_EVIDENCE
layer2__raw_prob_down_20d,NUMERIC,10,ic_raw,10,-0.009701110204794115,-0.09812975859568658,0.9377280263355717,False,0.081727182726541,-0.10112940313612924,1325.5,,0.09026243093922653,False,NO_EVIDENCE
win_rate_20d__vg,NUMERIC,10,ic_raw,10,0.009700341255120495,0.09774122372667868,0.9379730254377769,False,-0.08155608204985164,0.10095676456009262,1325.5,,0.09033149171270718,False,NO_EVIDENCE
layer2__win_rate_20d,NUMERIC,10,ic_raw,10,0.009700341255120495,0.09774122372667868,0.9379730254377769,False,-0.08155608204985164,0.10095676456009262,1325.5,,0.09040055248618785,False,NO_EVIDENCE
ev2_ev_execution_adj,NUMERIC,1,ic_thesis,8,0.0012808366208122354,0.07927815156370392,0.9390301577983434,False,-0.019192801219669743,0.021754474461294214,1379.0,,0.09046961325966851,False,NO_EVIDENCE
phantom_gamma_score,NUMERIC,20,ic_raw,7,-0.0021700780652339903,-0.09599354919873934,0.9390752864920541,False,0.002907848233590226,-0.005978522789352153,1343.0,,0.09053867403314918,False,NO_EVIDENCE
expected_move_10d,NUMERIC,10,ic_raw,10,0.005745473287322059,0.09534069043719975,0.9394871399101632,False,0.06502619738117149,-0.05353525080652738,1325.5,,0.09060773480662984,False,NO_EVIDENCE
actuarial_expected_move_10d,NUMERIC,10,ic_raw,10,0.005745473287322059,0.09534069043719975,0.9394871399101632,False,0.06502619738117149,-0.05353525080652738,1325.5,,0.09067679558011049,False,NO_EVIDENCE
eil_composite_score,NUMERIC,1,ic_raw,17,0.0005907252975373816,0.07698053723122165,0.9395934489661236,False,-0.00554729426093059,0.006046742682842245,1379.0,,0.09074585635359117,False,NO_EVIDENCE
compression_energy,NUMERIC,1,ic_raw,17,0.002663206767581054,0.07658950915340881,0.9398996498876127,False,-0.012698533139039087,0.016318086684576735,1379.0,,0.09081491712707183,False,NO_EVIDENCE
l3_iv_tailwind_score_capped,NUMERIC,10,ic_raw,10,0.0033436341793674357,0.09338218413866295,0.9407229595252741,False,-0.024469346067224052,0.031156614425958924,1325.5,,0.09088397790055248,False,NO_EVIDENCE
l3_iv_tailwind_score,NUMERIC,10,ic_raw,10,0.003343262303087233,0.09336778368506457,0.9407320478982629,False,-0.024470280815417373,0.031156805421591837,1325.5,,0.09095303867403315,False,NO_EVIDENCE
layer2__median_loss_if_down_10d,NUMERIC,10,ic_raw,10,-0.008992600157668739,-0.09206819063798943,0.941552342650058,False,-0.09916943812398943,0.08118423780865194,1325.5,,0.09102209944751383,False,NO_EVIDENCE
median_loss_if_down_10d,NUMERIC,10,ic_raw,10,-0.008992600157668739,-0.09206819063798943,0.941552342650058,False,-0.09916943812398943,0.08118423780865194,1325.5,,0.09109116022099448,False,NO_EVIDENCE
actuarial_efficiency_10d,NUMERIC,10,ic_raw,10,0.005396348956452214,0.09150668669418202,0.9419068206998085,False,0.06343377292508912,-0.05264107501218468,1325.5,,0.09116022099447514,False,NO_EVIDENCE
efficiency_10d,NUMERIC,10,ic_raw,10,0.005396348956452214,0.09150668669418202,0.9419068206998085,False,0.06343377292508912,-0.05264107501218468,1325.5,,0.0912292817679558,False,NO_EVIDENCE
ev2_contract_efficiency,NUMERIC,5,ic_raw,14,-0.0020177744769602733,-0.077785477519768,0.9420557299481771,False,0.019673245409957997,-0.023708794363878547,1358.0,,0.09129834254143647,False,NO_EVIDENCE
trigger_score,NUMERIC,1,ic_raw,17,0.0013025855580909372,0.07372094675447047,0.9421462191375587,False,-0.017719713114995657,0.01821129548972347,1379.0,,0.09136740331491713,False,NO_EVIDENCE
layer2__win_rate_20d,NUMERIC,1,ic_thesis,8,0.00157938081529908,0.07499729479254116,0.9423151577888086,False,-0.03315194031244647,0.03631070194304463,1379.0,,0.0914364640883978,False,NO_EVIDENCE
layer2__raw_prob_up_20d,NUMERIC,1,ic_thesis,8,0.00157938081529908,0.07499729479254116,0.9423151577888086,False,-0.03315194031244647,0.03631070194304463,1379.0,,0.09150552486187846,False,NO_EVIDENCE
win_rate_20d__vg,NUMERIC,1,ic_thesis,8,0.00157938081529908,0.07499729479254116,0.9423151577888086,False,-0.03315194031244647,0.03631070194304463,1379.0,,0.09157458563535913,False,NO_EVIDENCE
phantom_iv_kl_divergence,NUMERIC,10,ic_raw,10,-0.0027185642705549818,-0.09053603160684573,0.9425196813919348,False,-0.026021675922118476,0.020584547381008515,1325.5,,0.09164364640883978,False,NO_EVIDENCE
eil_spread_pct_live,NUMERIC,10,ic_raw,10,-0.00352614625544196,-0.08955395273436167,0.9431398636716168,False,0.030181451156160527,-0.03723374366704444,551.0,,0.09171270718232044,False,NO_EVIDENCE
phantom_gamma_net_gex_proxy,NUMERIC,5,ic_raw,14,-0.0035002767702543612,-0.07623647954080781,0.9432067473007647,False,-0.008760911243585788,0.0017603577030770663,1358.0,,0.09178176795580112,False,NO_EVIDENCE
contract_delta,NUMERIC,10,ic_raw,10,0.008549948282216027,0.08768067089446185,0.9443231392982981,False,-0.006512898090796057,0.023612794655228114,551.0,,0.09185082872928177,False,NO_EVIDENCE
payoff_score,NUMERIC,5,ic_raw,14,0.002151724050106445,0.07470002163618475,0.9443486171229731,False,0.02698132643379125,-0.02267787833357836,1358.0,,0.09191988950276243,False,NO_EVIDENCE
contract_theta,NUMERIC,10,ic_raw,10,0.00552499974144644,0.0865736146847431,0.9450226033722251,False,-0.03196990900689857,0.04301990848979145,551.0,,0.0919889502762431,False,NO_EVIDENCE
expected_move_pct_2d,NUMERIC,1,ic_thesis,8,0.0038362823830776563,0.07005253534172586,0.946111111500616,False,0.008506547196476269,-0.0008339824303209582,1039.0,,0.09205801104972376,False,NO_EVIDENCE
expected_move_pct_1d,NUMERIC,1,ic_thesis,8,0.0038362823830776563,0.07005253534172586,0.946111111500616,False,0.008506547196476269,-0.0008339824303209582,1039.0,,0.09212707182320443,False,NO_EVIDENCE
expected_move_pct_3d,NUMERIC,1,ic_thesis,8,0.0038362823830776563,0.07005253534172586,0.946111111500616,False,0.008506547196476269,-0.0008339824303209582,1039.0,,0.09219613259668509,False,NO_EVIDENCE
gamma_island_distance_pct,NUMERIC,20,ic_raw,7,0.003833787382244815,0.08251913386241076,0.947585443210952,False,0.06990440253698915,-0.04571917398381344,1046.0,,0.09226519337016575,False,NO_EVIDENCE
layer2__ret_pctl_20d_p01,NUMERIC,5,ic_raw,12,0.003845754195267788,0.06947365804054938,0.9489842508445184,False,-0.03751521814270519,0.04520672653324076,1358.0,,0.09233425414364642,False,NO_EVIDENCE
layer1__acceptance__flow_quality__ratio,NUMERIC,10,ic_raw,10,-0.0019229753001454922,-0.08004840845985493,0.9491480309824727,False,-0.017900266728615808,0.014054316128324824,1325.5,,0.09240331491712708,False,NO_EVIDENCE
expected_move_20d,NUMERIC,1,ic_raw,17,-0.0019819367636148113,-0.06221247324358133,0.9511641759689778,False,-0.011860070188188465,0.006798626280450659,1379.0,,0.09247237569060773,False,NO_EVIDENCE
layer2__prob_up_7pct_10d,NUMERIC,5,ic_raw,14,-0.0039645761335788616,-0.06430883856404912,0.9520753717602912,False,0.03123354533434336,-0.03916269760150109,1358.0,,0.09254143646408841,False,NO_EVIDENCE
prob_up_7pct_10d,NUMERIC,5,ic_raw,14,-0.0039645761335788616,-0.06430883856404912,0.9520753717602912,False,0.03123354533434336,-0.03916269760150109,1358.0,,0.09261049723756906,False,NO_EVIDENCE
phantom_gamma_score,NUMERIC,1,ic_raw,17,-0.0004757004620412558,-0.06104061836605593,0.9520828390971587,False,0.00218634905081528,-0.002841966695691509,1379.0,,0.09267955801104973,False,NO_EVIDENCE
median_max_drawdown_5d,NUMERIC,5,ic_raw,14,0.00395953785789726,0.06354663515192063,0.9526424080597741,False,-0.03894717528901744,0.04686625100481196,1358.0,,0.09274861878453039,False,NO_EVIDENCE
layer2__median_max_drawdown_5d,NUMERIC,5,ic_raw,14,0.00395953785789726,0.06354663515192063,0.9526424080597741,False,-0.03894717528901744,0.04686625100481196,1358.0,,0.09281767955801105,False,NO_EVIDENCE
layer2__prob_down_5pct_first,NUMERIC,5,ic_raw,14,-0.0038007802852594546,-0.06322032287913153,0.9528851766635132,False,0.033044094321671484,-0.04064565489219041,1358.0,,0.09288674033149172,False,NO_EVIDENCE
layer2__median_max_drawdown_10d,NUMERIC,10,ic_raw,10,-0.0072133369999598795,-0.07351742856743382,0.9532813988155411,False,-0.0991966278966415,0.08476995389672175,1325.5,,0.09295580110497238,False,NO_EVIDENCE
median_max_drawdown_10d,NUMERIC,10,ic_raw,10,-0.0072133369999598795,-0.07351742856743382,0.9532813988155411,False,-0.0991966278966415,0.08476995389672175,1325.5,,0.09302486187845305,False,NO_EVIDENCE
phase_convergence,NUMERIC,10,ic_raw,10,-0.0027511688276496736,-0.07301904162698855,0.9535969876350079,False,-0.013243829135154154,0.007741491479854812,1325.5,,0.09309392265193371,False,NO_EVIDENCE
layer1__control__aggression__buy_pct,NUMERIC,10,ic_raw,10,-0.0046033335589903855,-0.07030347074738645,0.9553169401812642,False,-0.04066529479903306,0.031458627681052294,1325.5,,0.09316298342541438,False,NO_EVIDENCE
layer1__control__aggression__sell_pct,NUMERIC,10,ic_raw,10,0.0046033335589903855,0.07030347074738645,0.9553169401812642,False,0.04066529479903306,-0.031458627681052294,1325.5,,0.09323204419889503,False,NO_EVIDENCE
catalyst_binary_score,NUMERIC,1,ic_thesis,7,-0.0008367634056820028,-0.057768094538013515,0.9558091861417587,False,-0.018715221113747574,0.012572079875367176,1399.0,,0.0933011049723757,False,NO_EVIDENCE
phantom_bayesian_edge_pp,NUMERIC,1,ic_raw,17,0.0006596835484652503,0.05614322774159595,0.9559228363853013,False,0.007366779483968939,-0.005302179505315806,1379.0,,0.09337016574585635,False,NO_EVIDENCE
phantom_bayesian_edge,NUMERIC,1,ic_raw,17,0.0006596835484652503,0.05614322774159595,0.9559228363853013,False,0.007366779483968939,-0.005302179505315806,1379.0,,0.09343922651933702,False,NO_EVIDENCE
layer2__median_loss_if_down,NUMERIC,10,ic_raw,10,-0.006590760648426584,-0.06633630061561972,0.9578307822654156,False,-0.09724121556475275,0.08405969426789957,1325.5,,0.09350828729281768,False,NO_EVIDENCE
layer2__raw_expected_return,NUMERIC,20,ic_raw,7,0.002773141095425343,0.06631989748530066,0.9578411790825746,False,-0.04889954199538348,0.041527653413531956,1343.0,,0.09357734806629835,False,NO_EVIDENCE
eil_ev_net,NUMERIC,20,ic_raw,7,0.001396066157764086,0.06567793567469543,0.958248092195253,False,-0.020995856608039043,0.01819000823211643,1343.0,,0.09364640883977901,False,NO_EVIDENCE
crabel_score,NUMERIC,5,ic_raw,14,-0.002901830171450031,-0.05497266169417015,0.9590232678517904,False,-0.04063184770921636,0.03482818736631631,1358.0,,0.09371546961325967,False,NO_EVIDENCE
abnormal_repricing_score,NUMERIC,20,ic_raw,7,-0.0020557672380746997,-0.0632093033728674,0.9598131718031698,False,0.006220003342124143,-0.00826259517322383,1343.0,,0.09378453038674034,False,NO_EVIDENCE
move_theta_ratio,NUMERIC,20,ic_raw,7,-0.0022331502283410207,-0.06309428228934515,0.9598861056281431,False,-0.04339112822920007,0.028635333272303266,548.0,,0.093853591160221,False,NO_EVIDENCE
median_gain_if_up_10d,NUMERIC,10,ic_raw,10,0.006098367261045856,0.0616318535145928,0.9608135097233929,False,0.10199684393689412,-0.08980010941480239,1325.5,,0.09392265193370167,False,NO_EVIDENCE
layer2__median_gain_if_up_10d,NUMERIC,10,ic_raw,10,0.006098367261045856,0.0616318535145928,0.9608135097233929,False,0.10199684393689412,-0.08980010941480239,1325.5,,0.09399171270718232,False,NO_EVIDENCE
actuarial_expected_move_10d__vg,NUMERIC,10,ic_raw,10,0.006098367261045856,0.0616318535145928,0.9608135097233929,False,0.10199684393689412,-0.08980010941480239,1325.5,,0.094060773480663,False,NO_EVIDENCE
ev_base,NUMERIC,5,ic_raw,14,-0.0016619452288931269,-0.051479618330688176,0.9616239654150839,False,0.007635959640989991,-0.01095985009877624,1358.0,,0.09412983425414366,False,NO_EVIDENCE
ev2_ev_structural,NUMERIC,5,ic_raw,14,-0.0016619452288931269,-0.051479618330688176,0.9616239654150839,False,0.007635959640989991,-0.01095985009877624,1358.0,,0.09419889502762431,False,NO_EVIDENCE
layer2__prob_up_10pct_20d,NUMERIC,5,ic_raw,14,-0.003143970002547496,-0.05044256122029952,0.9623962084034535,False,0.03207660054081506,-0.03836454054591005,1358.0,,0.09426795580110497,False,NO_EVIDENCE
layer1__control__trend__sell_trend,NUMERIC,10,ic_raw,10,0.00444042297653042,0.05745376003642338,0.9634639660569189,False,0.07860222850375309,-0.06972138255069224,1325.5,,0.09433701657458564,False,NO_EVIDENCE
gamma_flip_conf,NUMERIC,10,ic_raw,10,-0.003940181637620011,-0.057439920701820746,0.9634727474710716,False,-0.040673722222938406,0.0327933589476984,551.0,,0.0944060773480663,False,NO_EVIDENCE
layer2__ret_pctl_10d_p70,NUMERIC,5,ic_raw,12,-0.0027018516526589272,-0.0494159442551481,0.9636937806312337,False,0.0342774181049195,-0.03968112141023735,1358.0,,0.09447513812154697,False,NO_EVIDENCE
ev2_ev_path_adj,NUMERIC,5,ic_raw,14,-0.0015545676763599472,-0.04817230575797323,0.9640869285565007,False,0.007802077884121122,-0.010911213236841022,1358.0,,0.09454419889502763,False,NO_EVIDENCE
ev_10d,NUMERIC,1,ic_thesis,8,0.000840654517108113,0.04492943969774115,0.9654183958336532,False,-0.032077652430666376,0.033758961464882595,603.0,,0.0946132596685083,False,NO_EVIDENCE
options_direction,LABEL,10,mean_signed_bps,10,4.494320507281918,0.05426101148279526,0.965490209239473,False,22.70174264413148,-13.713101629567642,1000.5,0.4911503168999419,0.09468232044198896,False,NO_EVIDENCE
gap_pct,NUMERIC,20,ic_raw,7,-0.003965294388483636,-0.05242091124643805,0.9666583295035027,False,0.04575411116123949,-0.04125484855077598,1343.0,,0.09475138121546961,False,NO_EVIDENCE
ev_10d,NUMERIC,10,ic_raw,10,0.004714915552894769,0.05239407636560124,0.9666753663268228,False,-0.057088544103274796,0.06651837520906434,551.0,,0.09482044198895029,False,NO_EVIDENCE
layer1__control__trend__buy_trend,NUMERIC,10,ic_raw,10,0.004001339937743709,0.052140462996937004,0.9668363817382314,False,0.08235709628619169,-0.07435441641070427,1325.5,,0.09488950276243095,False,NO_EVIDENCE
expected_move_10d,NUMERIC,5,ic_raw,14,-0.0019810801630513212,-0.04342383202767093,0.9676239917981693,False,-0.01148656894167358,0.0075244086155709326,1358.0,,0.0949585635359116,False,NO_EVIDENCE
actuarial_expected_move_10d,NUMERIC,5,ic_raw,14,-0.0019810801630513212,-0.04342383202767093,0.9676239917981693,False,-0.01148656894167358,0.0075244086155709326,1358.0,,0.09502762430939227,False,NO_EVIDENCE
phase_convergence,NUMERIC,5,ic_raw,14,0.0012104438235664833,0.0426886147955243,0.9681717290286217,False,-0.007694307082092735,0.0101151947292257,1358.0,,0.09509668508287293,False,NO_EVIDENCE
contract_charm,NUMERIC,20,ic_raw,7,0.0013398984574037281,0.04937512826264448,0.9685923234726236,False,0.022101820549947623,-0.014231543112004193,550.0,,0.0951657458563536,False,NO_EVIDENCE
gamma_island_isolation_ratio,NUMERIC,1,ic_thesis,8,0.0008520852782712635,0.03914399851763748,0.9698685842017382,False,-0.0065846623727169335,0.008288832929259459,997.0,,0.09523480662983426,False,NO_EVIDENCE
median_gain_if_up_5d,NUMERIC,5,ic_raw,14,-0.002493980933419545,-0.03990011125894852,0.9702493612400948,False,0.03524103846443694,-0.04022900033127604,1358.0,,0.09530386740331492,False,NO_EVIDENCE
layer2__median_gain_if_up_5d,NUMERIC,5,ic_raw,14,-0.002493980933419545,-0.03990011125894852,0.9702493612400948,False,0.03524103846443694,-0.04022900033127604,1358.0,,0.09537292817679559,False,NO_EVIDENCE
layer2__state_match_similarity,NUMERIC,1,ic_thesis,8,0.0012166732299646599,0.03805468658181614,0.9707066220059228,False,0.04416836096144747,-0.041735014501518154,1379.0,,0.09544198895027625,False,NO_EVIDENCE
move_age_bars,NUMERIC,20,ic_raw,7,-0.0013113521328174602,-0.04598541287857038,0.970745386474855,False,0.004559194676604648,-0.005714262239884043,1312.0,,0.0955110497237569,False,NO_EVIDENCE
abnormal_repricing_score,NUMERIC,5,ic_raw,14,0.0010138335046464676,0.03683964244261003,0.9725299645602095,False,0.006442176734180001,-0.0044145097248870675,1358.0,,0.09558011049723758,False,NO_EVIDENCE
ivp_252d,NUMERIC,10,ic_raw,10,-0.001841279863282598,-0.04164497591324908,0.9735032956163987,False,-0.03662697979898037,0.03294442007241517,547.5,,0.09564917127071824,False,NO_EVIDENCE
layer2__raw_expected_drawdown,NUMERIC,10,ic_raw,10,-0.0009605809841665037,-0.04098995738289975,0.9739195826918792,False,-0.007878549949135246,0.005957387980802241,1325.5,,0.0957182320441989,False,NO_EVIDENCE
ev_adjusted,NUMERIC,10,ic_raw,10,0.0031820508578900364,0.0401459589145004,0.9744560059495486,False,-0.0018265706301362177,0.008190672345916293,551.0,,0.09578729281767956,False,NO_EVIDENCE
win_rate_5d,NUMERIC,1,ic_thesis,8,0.0004984180738603671,0.03226498935019626,0.9751614350282172,False,-0.004036109646689807,0.005032945794410541,1379.0,,0.09585635359116024,False,NO_EVIDENCE
expected_move_20d,NUMERIC,20,ic_raw,7,-0.002608550151026175,-0.038244403694543606,0.9756647163427073,False,0.08180522704232955,-0.06591888304604296,1343.0,,0.09592541436464089,False,NO_EVIDENCE
efficiency_10d,NUMERIC,5,ic_raw,14,-0.0013232759405237156,-0.031305953230228875,0.9766543768274306,False,-0.011245674090304804,0.008599122209257373,1358.0,,0.09599447513812155,False,NO_EVIDENCE
actuarial_efficiency_10d,NUMERIC,5,ic_raw,14,-0.0013232759405237156,-0.031305953230228875,0.9766543768274306,False,-0.011245674090304804,0.008599122209257373,1358.0,,0.09606353591160222,False,NO_EVIDENCE
l3_n_bars,NUMERIC,5,ic_raw,11,-0.0006791961335144022,-0.03140566226964208,0.9771456025828675,False,-0.008314855403100126,0.005683853257807035,1345.0,,0.09613259668508288,False,NO_EVIDENCE
layer2__win_rate_5d,NUMERIC,1,ic_thesis,8,0.0005693424909297695,0.0293987944015623,0.9773671568702621,False,-0.03938566875206632,0.04052435373392586,1379.0,,0.09620165745856354,False,NO_EVIDENCE
win_rate_5d__vg,NUMERIC,1,ic_thesis,8,0.0005693424909297695,0.0293987944015623,0.9773671568702621,False,-0.03938566875206632,0.04052435373392586,1379.0,,0.0962707182320442,False,NO_EVIDENCE
layer2__raw_prob_up_5d,NUMERIC,1,ic_thesis,8,0.0005693424909297695,0.0293987944015623,0.9773671568702621,False,-0.03938566875206632,0.04052435373392586,1379.0,,0.09633977900552487,False,NO_EVIDENCE
median_loss_if_down_5d,NUMERIC,5,ic_raw,14,0.0018656183812812699,0.030228407592350966,0.977457612290589,False,-0.03325820570099625,0.0369894424635588,1358.0,,0.09640883977900554,False,NO_EVIDENCE
layer2__median_loss_if_down_5d,NUMERIC,5,ic_raw,14,0.0018656183812812699,0.030228407592350966,0.977457612290589,False,-0.03325820570099625,0.0369894424635588,1358.0,,0.09647790055248619,False,NO_EVIDENCE
layer2__baseline_probability,NUMERIC,10,ic_raw,10,-0.0024154530704074985,-0.03296076627260519,0.9790241184296542,False,-0.06416869717922544,0.059337791038410435,1325.5,,0.09654696132596685,False,NO_EVIDENCE
layer2__momentum_score,NUMERIC,1,ic_thesis,8,0.0007325331105839748,0.02715286687019301,0.9790956924014981,False,-0.02798881747423588,0.029453883695403825,1379.0,,0.09661602209944753,False,NO_EVIDENCE
layer2__probability_edge,NUMERIC,5,ic_raw,14,-0.0016816493680015215,-0.027376458718898926,0.9795836996968019,False,0.0335731621263362,-0.03693646086233924,1358.0,,0.09668508287292818,False,NO_EVIDENCE
layer2__raw_expected_drawdown,NUMERIC,1,ic_raw,17,-0.0003320820009381808,-0.024423987990128876,0.9808164353167111,False,-0.0080880504209938,0.006562112150222362,1379.0,,0.09675414364640884,False,NO_EVIDENCE
compression_ratio,NUMERIC,1,ic_thesis,8,-0.000823044192549624,-0.024530653768664958,0.9811139807087034,False,-0.056619586236930405,0.05497349785183116,677.0,,0.09682320441988951,False,NO_EVIDENCE
layer2__median_max_drawdown,NUMERIC,10,ic_raw,10,-0.0029639440567981483,-0.02955672201746708,0.9811890828197309,False,-0.09693369664499007,0.09100580853139377,1325.5,,0.09689226519337017,False,NO_EVIDENCE
lift_proxy_score,NUMERIC,10,ic_raw,10,-0.0010513673564895025,-0.02729755143766934,0.9826261535708422,False,0.009460992907957367,-0.011563727620936371,1325.5,,0.09696132596685084,False,NO_EVIDENCE
layer2__transition_flag_rate_v2,NUMERIC,1,ic_raw,17,-0.00034557519296323847,-0.02123057486516559,0.9833242376112601,False,-0.0034311611776017123,0.0023971679044931865,1379.0,,0.09703038674033149,False,NO_EVIDENCE
ev2_ev_contract,NUMERIC,10,ic_raw,10,-0.0008893917970577536,-0.025728341283851635,0.9836244418443978,False,0.0010999318673383883,-0.0028787154614538985,1325.5,,0.09709944751381216,False,NO_EVIDENCE
ev2_ev_selected,NUMERIC,10,ic_raw,10,-0.0008893917970577536,-0.025728341283851635,0.9836244418443978,False,0.0010999318673383883,-0.0028787154614538985,1325.5,,0.09716850828729283,False,NO_EVIDENCE
l3_iv_tailwind_score_capped,NUMERIC,1,ic_raw,17,-0.0004297175586374173,-0.020310576653249927,0.9840467512339025,False,0.0037687190418549807,-0.004161661203519549,1376.0,,0.09723756906077348,False,NO_EVIDENCE
l3_iv_tailwind_score,NUMERIC,1,ic_raw,17,-0.0004267168433809172,-0.020169444920376586,0.984157589255841,False,0.003773476467089698,-0.0041602220082436895,1376.0,,0.09730662983425414,False,NO_EVIDENCE
ev2_ev_5d,NUMERIC,10,ic_raw,10,0.0008108545796957828,0.023680079015706353,0.9849276103276797,False,0.006029317801390708,-0.00440760864199914,1325.5,,0.09737569060773482,False,NO_EVIDENCE
actuarial_penalty,NUMERIC,1,ic_thesis,8,0.0006158411632512205,0.019199153706480794,0.9852180177675309,False,0.04841621017522621,-0.04718452784872377,1446.0,,0.09744475138121547,False,NO_EVIDENCE
prob_up_5pct_5d,NUMERIC,5,ic_raw,14,-0.0011892503649616867,-0.019781655990683843,0.9852464881742943,False,0.03421877969729477,-0.03659728042721814,1358.0,,0.09751381215469614,False,NO_EVIDENCE
layer2__prob_up_5pct_5d,NUMERIC,5,ic_raw,14,-0.0011892503649616867,-0.019781655990683843,0.9852464881742943,False,0.03421877969729477,-0.03659728042721814,1358.0,,0.0975828729281768,False,NO_EVIDENCE
entropy_score,NUMERIC,10,ic_raw,10,0.0016304478625615182,0.02308490393250817,0.9853063034954658,False,0.06097994708926795,-0.057719051364144916,1325.5,,0.09765193370165746,False,NO_EVIDENCE
l3_expected_move_6_10d,NUMERIC,10,ic_raw,10,-0.002750299888875632,-0.02146207867047482,0.9863389136316232,False,0.12060695806842522,-0.1261075578461765,1325.5,,0.09772099447513813,False,NO_EVIDENCE
l3_expected_move_1_5d,NUMERIC,10,ic_raw,10,-0.002744982651061517,-0.021423687852747515,0.9863633427528228,False,0.12062085752880339,-0.1261108228309264,1325.5,,0.09779005524861878,False,NO_EVIDENCE
l3_expected_move_11_20d,NUMERIC,10,ic_raw,10,-0.0027246903579114246,-0.021263707442419844,0.9864651430695278,False,0.12067238297277376,-0.1261217636885966,1325.5,,0.09785911602209946,False,NO_EVIDENCE
options_score_pre_macro,NUMERIC,5,ic_raw,14,0.0004594629523311076,0.014875749046900349,0.9889050009598356,False,0.006549799300875177,-0.005630873396212961,587.0,,0.09792817679558012,False,NO_EVIDENCE
range_expansion_vs_20d,NUMERIC,20,ic_raw,7,0.0007750843352441671,0.01702718508547413,0.9891612047052104,False,-0.012407980357041692,0.010662382854458561,1343.0,,0.09799723756906077,False,NO_EVIDENCE
gamma_velocity_pct,NUMERIC,10,ic_raw,10,0.001632707502266567,0.016830633116357893,0.989286297724493,False,0.025100170508281606,-0.021834755503748478,550.5,,0.09806629834254144,False,NO_EVIDENCE
ev2_ev_execution_adj,NUMERIC,5,ic_raw,14,0.0003701921517329449,0.013485980124143518,0.989941468694001,False,0.019178812597263596,-0.01843842829379771,1358.0,,0.09813535911602211,False,NO_EVIDENCE
layer2__median_gain_if_up,NUMERIC,10,ic_raw,10,-0.0015793451781151672,-0.015416762198108036,0.9901861618159423,False,0.09733892186925786,-0.10049761222548817,1325.5,,0.09820441988950276,False,NO_EVIDENCE
layer2__ret_pctl_20d_p50,NUMERIC,1,ic_thesis,8,-0.000257708474501378,-0.011833041295498113,0.990889003523084,False,-0.034373038143424794,0.033857621194422045,1399.0,,0.09827348066298343,False,NO_EVIDENCE
eil_obi_score,NUMERIC,1,ic_thesis,8,-0.00012510612073195204,-0.011467978053182847,0.9911700741747329,False,0.018958493184508596,-0.0192087054259725,1307.0,,0.09834254143646409,False,NO_EVIDENCE
layer2__ret_pctl_5d_p01,NUMERIC,5,ic_raw,12,0.0005996911802368989,0.011215616801938635,0.9917555722932424,False,-0.04622227362389287,0.04742165598436667,1358.0,,0.09841160220994476,False,NO_EVIDENCE
ev_structural,NUMERIC,10,ic_raw,10,-0.0010340391746770255,-0.012466479336276554,0.992064003864951,False,-0.0054363157416777025,0.0033682373923236545,551.0,,0.09848066298342542,False,NO_EVIDENCE
gamma_velocity_sessions,NUMERIC,1,ic_thesis,7,0.000213161510855748,0.010078644609111266,0.9922852971916388,False,-0.03413759722656522,0.025976230563921468,596.0,,0.09854972375690609,False,NO_EVIDENCE
eil_composite_score,NUMERIC,1,ic_thesis,8,5.293155981676758e-05,0.009815510417607032,0.9924423634993536,False,-0.005324448848821295,0.00543031196845483,1379.0,,0.09861878453038675,False,NO_EVIDENCE
gap_pct,NUMERIC,10,ic_raw,10,0.0013470520099636118,0.011633789995937848,0.9925940333693137,False,-0.05330865634760214,0.05600276036752937,1325.5,,0.09868784530386741,False,NO_EVIDENCE
expected_move_10d,NUMERIC,1,ic_thesis,8,0.00017734004956960342,0.009603935845910001,0.9926052635254591,False,0.018255294517210002,-0.017900614418070795,1379.0,,0.09875690607734806,False,NO_EVIDENCE
actuarial_expected_move_10d,NUMERIC,1,ic_thesis,8,0.00017734004956960342,0.009603935845910001,0.9926052635254591,False,0.018255294517210002,-0.017900614418070795,1379.0,,0.09882596685082873,False,NO_EVIDENCE
vwap_acceptance_score,NUMERIC,5,ic_raw,14,0.0003469675646991368,0.009730234090393669,0.9927425612778712,False,-0.007720578112906191,0.008414513242304463,1358.0,,0.0988950276243094,False,NO_EVIDENCE
phantom_score,NUMERIC,10,ic_raw,10,-0.00016092262054355244,-0.009651539224635419,0.9938558300720755,False,-0.006088058270694924,0.00576621302960782,1325.5,,0.09896408839779006,False,NO_EVIDENCE
max_convex_r_multiple,NUMERIC,10,ic_raw,10,0.0007066410753279378,0.009317748209423615,0.9940683089159569,False,0.004457057168935725,-0.003043775018279854,551.0,,0.09903314917127072,False,NO_EVIDENCE
rr_options,NUMERIC,10,ic_raw,10,0.0007066410753279378,0.009317748209423615,0.9940683089159569,False,0.004457057168935725,-0.003043775018279854,551.0,,0.09910220994475138,False,NO_EVIDENCE
estimated_R,NUMERIC,10,ic_raw,10,0.0007066410753279378,0.009317748209423615,0.9940683089159569,False,0.004457057168935725,-0.003043775018279854,551.0,,0.09917127071823205,False,NO_EVIDENCE
phantom_gamma_trajectory,NUMERIC,10,ic_raw,10,-0.0006289389994105637,-0.008805914470129593,0.9943941256324258,False,-0.002154984156402606,0.0008971061575814787,1325.5,,0.09924033149171271,False,NO_EVIDENCE
phantom_gamma_trajectory_signed,NUMERIC,10,ic_raw,10,-0.0006289389994105637,-0.008805914470129593,0.9943941256324258,False,-0.002154984156402606,0.0008971061575814787,1325.5,,0.09930939226519338,False,NO_EVIDENCE
catalyst_binary_score,NUMERIC,5,ic_raw,12,-8.448643271958464e-05,-0.00630729043823463,0.9953635190277805,False,0.014017269313610197,-0.014186242179049367,1358.0,,0.09937845303867404,False,NO_EVIDENCE
crabel_score,NUMERIC,1,ic_raw,17,-0.0001140123666759069,-0.005036164360740276,0.9960439975454805,False,-0.0073504147919713925,0.006318345344697857,1379.0,,0.0994475138121547,False,NO_EVIDENCE
contract_vega,NUMERIC,10,ic_raw,10,-0.0001215919898824247,-0.0046372960646205354,0.9970478267964995,False,-0.005308140924868322,0.00506495694510347,551.0,,0.09951657458563537,False,NO_EVIDENCE
move_age_bars,NUMERIC,5,ic_raw,14,0.00011238700737163307,0.003220228665578456,0.997598101963672,False,-0.012346703055830462,0.012571477070573728,1315.5,,0.09958563535911602,False,NO_EVIDENCE
expected_move_20d,NUMERIC,10,ic_raw,10,-0.00018751966911487172,-0.002977891589075068,0.998104220938243,False,0.064573065275048,-0.06494810461327774,1325.5,,0.0996546961325967,False,NO_EVIDENCE
layer2__avg_adx_delta,NUMERIC,1,ic_raw,17,4.041376350163423e-05,0.002032768064215764,0.9984032161961034,False,-0.02615534317210875,0.02332553103959976,1379.0,,0.09972375690607735,False,NO_EVIDENCE
layer2__expected_value_20d,NUMERIC,10,ic_raw,10,0.0001707170099457117,0.0022777023094011205,0.9985499721818124,False,-0.06275054044477897,0.06309197446467038,1325.5,,0.09979281767955801,False,NO_EVIDENCE
expected_value_20d,NUMERIC,10,ic_raw,10,0.0001707170099457117,0.0022777023094011205,0.9985499721818124,False,-0.06275054044477897,0.06309197446467038,1325.5,,0.09986187845303868,False,NO_EVIDENCE
atr_pct,NUMERIC,10,ic_raw,10,-0.00015760630689186096,-0.001150086639317671,0.9992678324282777,False,0.12956519807138578,-0.1298804106851695,1325.5,,0.09993093922651934,False,NO_EVIDENCE
ev_ratio,NUMERIC,10,ic_raw,10,-2.1333814450119614e-05,-0.0002968589965310753,0.9998110136987729,False,0.006971686395340203,-0.007014354024240441,551.0,,0.1,False,NO_EVIDENCE
