ticker,sector,sector_etf,industry,macro_abstain
A,Health Care,XLV,LABORATORY ANALYTICAL INSTRUMENTS,False
AA,Materials,XLB,PRIMARY PRODUCTION OF ALUMINUM,False
AAL,Industrials,XLI,"AIR TRANSPORTATION, SCHEDULED",False
AAMI,Financials,XLF,INVESTMENT ADVICE,False
AAOI,Information Technology,XLK,SEMICONDUCTORS & RELATED DEVICES,False
AAON,Industrials,XLI,AIR-COND & WARM AIR HEATG EQUIP & COMM & INDL REFRIG EQUIP,False
AAP,Consumer Discretionary,XLY,RETAIL-AUTO & HOME SUPPLY STORES,False
AAPL,Information Technology,XLK,ELECTRONIC COMPUTERS,False
AAT,Real Estate,XLRE,REAL ESTATE INVESTMENT TRUSTS,False
ABAT,Materials,XLB,MINING & QUARRYING OF NONMETALLIC MINERALS (NO FUELS),False
ABBV,Health Care,XLV,PHARMACEUTICAL PREPARATIONS,False
ABCB,Financials,XLF,STATE COMMERCIAL BANKS,False
ABCL,Health Care,XLV,PHARMACEUTICAL PREPARATIONS,False
ABEO,Health Care,XLV,PHARMACEUTICAL PREPARATIONS,False
ABG,Consumer Discretionary,XLY,RETAIL-AUTO DEALERS & GASOLINE STATIONS,False
ABM,Industrials,XLI,SERVICES-TO DWELLINGS & OTHER BUILDINGS,False
ABNB,Communication Services,XLC,SERVICES-TO DWELLINGS & OTHER BUILDINGS,False
ABR,Real Estate,XLRE,REAL ESTATE INVESTMENT TRUSTS,False
ABSI,Health Care,XLV,SERVICES-COMMERCIAL PHYSICAL & BIOLOGICAL RESEARCH,False
ABT,Health Care,XLV,PHARMACEUTICAL PREPARATIONS,False
ABTC,Information Technology,XLK,FINANCE SERVICES,False
ABUS,Health Care,XLV,PHARMACEUTICAL PREPARATIONS,False
ACA,Industrials,XLI,FABRICATED STRUCTURAL METAL PRODUCTS,False
ACAD,Health Care,XLV,PHARMACEUTICAL PREPARATIONS,False
ACCO,Industrials,XLI,"BLANKBOOKS, LOOSELEAF BINDERS & BOOKBINDG & RELATD WORK",False
ACDC,Energy,XLE,"OIL & GAS FIELD SERVICES, NEC",False
ACEL,Consumer Discretionary,XLY,SERVICES-AMUSEMENT & RECREATION SERVICES,False
ACGL,Financials,XLF,"FIRE, MARINE & CASUALTY INSURANCE",False
ACHC,Health Care,XLV,"SERVICES-SPECIALTY OUTPATIENT FACILITIES, NEC",False
ACHR,Industrials,XLI,AIRCRAFT,False
ACI,Consumer Staples,XLP,RETAIL-GROCERY STORES,False
ACIC,Financials,XLF,"FIRE, MARINE & CASUALTY INSURANCE",False
ACIW,Information Technology,XLK,SERVICES-PREPACKAGED SOFTWARE,False
ACLS,Information Technology,XLK,"SPECIAL INDUSTRY MACHINERY, NEC",False
ACLX,Health Care,XLV,"BIOLOGICAL PRODUCTS, (NO DIAGNOSTIC SUBSTANCES)",False
ACM,Industrials,XLI,SERVICES-ENGINEERING SERVICES,False
ACMR,Information Technology,XLK,"SPECIAL INDUSTRY MACHINERY, NEC",False
ACN,Information Technology,XLK,"SERVICES-BUSINESS SERVICES, NEC",False
ACNB,Financials,XLF,STATE COMMERCIAL BANKS,False
ACRE,Real Estate,XLRE,REAL ESTATE INVESTMENT TRUSTS,False
ACT,Financials,XLF,"INSURANCE AGENTS, BROKERS & SERVICE",False
ACTG,Industrials,XLI,PATENT OWNERS & LESSORS,False
ACVA,Information Technology,XLK,"SERVICES-BUSINESS SERVICES, NEC",False
ADAM,Real Estate,XLRE,REAL ESTATE INVESTMENT TRUSTS,False
ADBE,Information Technology,XLK,SERVICES-PREPACKAGED SOFTWARE,False
ADC,Real Estate,XLRE,REAL ESTATE INVESTMENT TRUSTS,False
ADCT,Health Care,XLV,PHARMACEUTICAL PREPARATIONS,False
ADEA,Information Technology,XLK,CABLE & OTHER PAY TELEVISION SERVICES,False
ADI,Information Technology,XLK,SEMICONDUCTORS & RELATED DEVICES,False
ADM,Consumer Staples,XLP,FATS & OILS,False
ADMA,Health Care,XLV,"BIOLOGICAL PRODUCTS, (NO DIAGNOSTIC SUBSTANCES)",False
ADNT,Consumer Discretionary,XLY,MOTOR VEHICLE PARTS & ACCESSORIES,False
ADP,Industrials,XLI,SERVICES-COMPUTER PROCESSING & DATA PREPARATION,False
ADPT,Health Care,XLV,"BIOLOGICAL PRODUCTS, (NO DIAGNOSTIC SUBSTANCES)",False
ADSE,Industrials,XLI,,False
ADSK,Information Technology,XLK,SERVICES-PREPACKAGED SOFTWARE,False
ADT,Industrials,XLI,"SERVICES-DETECTIVE, GUARD & ARMORED CAR SERVICES",False
ADTN,Information Technology,XLK,TELEPHONE & TELEGRAPH APPARATUS,False
ADUR,Industrials,XLI,,False
ADUS,Health Care,XLV,SERVICES-HOME HEALTH CARE SERVICES,False
ADV,Communication Services,XLC,"SERVICES-BUSINESS SERVICES, NEC",False
AEBI,Industrials,XLI,CONSTRUCTION MACHINERY & EQUIP,False
AEE,Utilities,XLU,ELECTRIC & OTHER SERVICES COMBINED,False
AEHL,Industrials,XLI,,False
AEHR,Information Technology,XLK,INSTRUMENTS FOR MEAS & TESTING OF ELECTRICITY & ELEC SIGNALS,False
AEIS,Industrials,XLI,"ELECTRONIC COMPONENTS, NEC",False
AEM,Materials,XLB,,False
AEO,Consumer Discretionary,XLY,RETAIL-FAMILY CLOTHING STORES,False
AEP,Utilities,XLU,ELECTRIC SERVICES,False
AER,Industrials,XLI,Trading Companies & Distributors,False
AES,Utilities,XLU,COGENERATION SERVICES & SMALL POWER PRODUCERS,False
AESI,Energy,XLE,CRUDE PETROLEUM & NATURAL GAS,False
AEVA,Information Technology,XLK,MOTOR VEHICLE PARTS & ACCESSORIES,False
AEYE,Information Technology,XLK,SERVICES-PREPACKAGED SOFTWARE,False
AFCG,Real Estate,XLRE,REAL ESTATE,False
AFG,Financials,XLF,"FIRE, MARINE & CASUALTY INSURANCE",False
AFL,Financials,XLF,ACCIDENT & HEALTH INSURANCE,False
AFRM,Information Technology,XLK,PERSONAL CREDIT INSTITUTIONS,False
AFYA,Consumer Discretionary,XLY,Diversified Consumer Services,False
AG,Materials,XLB,,False
AGCO,Industrials,XLI,FARM MACHINERY & EQUIPMENT,False
AGG,ETF,AGG,,False
AGI,Materials,XLB,,False
AGIO,Health Care,XLV,PHARMACEUTICAL PREPARATIONS,False
AGL,Health Care,XLV,"SERVICES-MISC HEALTH & ALLIED SERVICES, NEC",False
AGM,Financials,XLF,FEDERAL & FEDERALLY-SPONSORED CREDIT AGENCIES,False
AGNC,Real Estate,XLRE,REAL ESTATE INVESTMENT TRUSTS,False
AGO,Financials,XLF,SURETY INSURANCE,False
AGR,Utilities,XLU,,False
AGRO,Consumer Staples,XLP,Food Products,False
AGX,Industrials,XLI,CONSTRUCTION - SPECIAL TRADE CONTRACTORS,False
AGYS,Information Technology,XLK,SERVICES-COMPUTER INTEGRATED SYSTEMS DESIGN,False
AHCO,Health Care,XLV,SERVICES-HOME HEALTH CARE SERVICES,False
AHH,Real Estate,XLRE,REAL ESTATE,False
AHR,Real Estate,XLRE,REAL ESTATE INVESTMENT TRUSTS,False
AI,Information Technology,XLK,SERVICES-PREPACKAGED SOFTWARE,False
AIG,Financials,XLF,"FIRE, MARINE & CASUALTY INSURANCE",False
AII,Financials,XLF,"FIRE, MARINE & CASUALTY INSURANCE",False
AILLP,Utilities,XLU,,False
AIN,Consumer Discretionary,XLY,"BROADWOVEN FABRIC MILLS, MAN MADE FIBER & SILK",False
AIOT,Information Technology,XLK,"COMMUNICATIONS EQUIPMENT, NEC",False
AIP,Information Technology,XLK,SEMICONDUCTORS & RELATED DEVICES,False
AIR,Industrials,XLI,AIRCRAFT & PARTS,False
AIRG,Information Technology,XLK,RADIO & TV BROADCASTING & COMMUNICATIONS EQUIPMENT,False
AIT,Industrials,XLI,"WHOLESALE-MACHINERY, EQUIPMENT & SUPPLIES",False
AIV,Real Estate,XLRE,REAL ESTATE INVESTMENT TRUSTS,False
AIZ,Financials,XLF,"INSURANCE CARRIERS, NEC",False
AJG,Financials,XLF,"INSURANCE AGENTS, BROKERS & SERVICE",False
AKAM,Information Technology,XLK,"SERVICES-BUSINESS SERVICES, NEC",False
AKBA,Health Care,XLV,PHARMACEUTICAL PREPARATIONS,False
AKR,Real Estate,XLRE,REAL ESTATE INVESTMENT TRUSTS,False
AKRO,Health Care,XLV,,False
ALAB,Information Technology,XLK,SEMICONDUCTORS & RELATED DEVICES,False
ALAN,Utilities,XLU,,False
ALB,Materials,XLB,"PLASTIC MATERIALS, SYNTH RESINS & NONVULCAN ELASTOMERS",False
ALC,Health Care,XLV,,False
ALCE,Utilities,XLU,,False
ALDX,Health Care,XLV,PHARMACEUTICAL PREPARATIONS,False
ALE,Utilities,XLU,,False
ALEC,Health Care,XLV,"BIOLOGICAL PRODUCTS, (NO DIAGNOSTIC SUBSTANCES)",False
ALEX,Real Estate,XLRE,REAL ESTATE INVESTMENT TRUSTS,False
ALF,Information Technology,XLK,BLANK CHECKS,False
ALG,Industrials,XLI,FARM MACHINERY & EQUIPMENT,False
ALGM,Information Technology,XLK,SEMICONDUCTORS & RELATED DEVICES,False
ALGN,Health Care,XLV,"ORTHOPEDIC, PROSTHETIC & SURGICAL APPLIANCES & SUPPLIES",False
ALGT,Industrials,XLI,"AIR TRANSPORTATION, SCHEDULED",False
ALHC,Health Care,XLV,HOSPITAL & MEDICAL SERVICE PLANS,False
ALIT,Information Technology,XLK,"SERVICES-BUSINESS SERVICES, NEC",False
ALK,Industrials,XLI,"AIR TRANSPORTATION, SCHEDULED",False
ALKS,Health Care,XLV,PHARMACEUTICAL PREPARATIONS,False
ALKT,Information Technology,XLK,SERVICES-PREPACKAGED SOFTWARE,False
ALL,Financials,XLF,"FIRE, MARINE & CASUALTY INSURANCE",False
ALLE,Industrials,XLI,"SERVICES-DETECTIVE, GUARD & ARMORED CAR SERVICES",False
ALLO,Health Care,XLV,"BIOLOGICAL PRODUCTS, (NO DIAGNOSTIC SUBSTANCES)",False
ALLT,Information Technology,XLK,Software,False
ALLY,Financials,XLF,STATE COMMERCIAL BANKS,False
ALMS,Health Care,XLV,PHARMACEUTICAL PREPARATIONS,False
ALNT,Information Technology,XLK,INSTRUMENTS FOR MEAS & TESTING OF ELECTRICITY & ELEC SIGNALS,False
ALNY,Health Care,XLV,PHARMACEUTICAL PREPARATIONS,False
ALRM,Information Technology,XLK,SERVICES-PREPACKAGED SOFTWARE,False
ALRS,Financials,XLF,NATIONAL COMMERCIAL BANKS,False
ALSN,Industrials,XLI,MOTOR VEHICLE PARTS & ACCESSORIES,False
ALT,Health Care,XLV,PHARMACEUTICAL PREPARATIONS,False
ALTG,Industrials,XLI,WHOLESALE-INDUSTRIAL MACHINERY & EQUIPMENT,False
ALTO,Materials,XLB,INDUSTRIAL ORGANIC CHEMICALS,False
ALUR,Health Care,XLV,SURGICAL & MEDICAL INSTRUMENTS & APPARATUS,False
ALV,Consumer Discretionary,XLY,MOTOR VEHICLE PARTS & ACCESSORIES,False
ALX,Real Estate,XLRE,REAL ESTATE INVESTMENT TRUSTS,False
AM,Energy,XLE,NATURAL GAS TRANSMISSION,False
AMAL,Financials,XLF,STATE COMMERCIAL BANKS,False
AMAT,Information Technology,XLK,SEMICONDUCTORS & RELATED DEVICES,False
AMBA,Information Technology,XLK,SEMICONDUCTORS & RELATED DEVICES,False
AMBO,Consumer Discretionary,XLY,Diversified Consumer Services,False
AMBP,Consumer Discretionary,XLY,,False
AMC,Communication Services,XLC,SERVICES-MOTION PICTURE THEATERS,False
AMCR,Consumer Discretionary,XLY,MISCELLANEOUS MANUFACTURING INDUSTRIES,False
AMCX,Communication Services,XLC,CABLE & OTHER PAY TELEVISION SERVICES,False
AMD,Information Technology,XLK,SEMICONDUCTORS & RELATED DEVICES,False
AME,Industrials,XLI,"INDUSTRIAL INSTRUMENTS FOR MEASUREMENT, DISPLAY, AND CONTROL",False
AMG,Financials,XLF,INVESTMENT ADVICE,False
AMGN,Health Care,XLV,"BIOLOGICAL PRODUCTS, (NO DIAGNOSTIC SUBSTANCES)",False
AMH,Real Estate,XLRE,REAL ESTATE INVESTMENT TRUSTS,False
AMKR,Energy,XLE,SEMICONDUCTORS & RELATED DEVICES,False
AMN,Health Care,XLV,SERVICES-HELP SUPPLY SERVICES,False
AMP,Financials,XLF,INVESTMENT ADVICE,False
AMPH,Health Care,XLV,PHARMACEUTICAL PREPARATIONS,False
AMPL,Information Technology,XLK,SERVICES-PREPACKAGED SOFTWARE,False
AMR,Energy,XLE,BITUMINOUS COAL & LIGNITE SURFACE MINING,False
AMRC,Industrials,XLI,CONSTRUCTION - SPECIAL TRADE CONTRACTORS,False
AMRK,Financials,XLF,,False
AMRX,Health Care,XLV,PHARMACEUTICAL PREPARATIONS,False
AMSC,Industrials,XLI,MOTORS & GENERATORS,False
AMSF,Financials,XLF,"FIRE, MARINE & CASUALTY INSURANCE",False
AMSWA,Information Technology,XLK,Software,False
AMT,Real Estate,XLRE,REAL ESTATE INVESTMENT TRUSTS,False
AMTB,Financials,XLF,NATIONAL COMMERCIAL BANKS,False
AMTD,Financials,XLF,,False
AMTM,Industrials,XLI,"SERVICES-BUSINESS SERVICES, NEC",False
AMWD,Industrials,XLI,"MILLWOOD, VENEER, PLYWOOD, & STRUCTURAL WOOD MEMBERS",False
AMZN,Consumer Discretionary,XLY,RETAIL-CATALOG & MAIL-ORDER HOUSES,False
AN,Consumer Discretionary,XLY,RETAIL-AUTO DEALERS & GASOLINE STATIONS,False
ANAB,Health Care,XLV,PHARMACEUTICAL PREPARATIONS,False
ANDE,Consumer Staples,XLP,WHOLESALE-FARM PRODUCT RAW MATERIALS,False
ANET,Energy,XLE,COMPUTER COMMUNICATIONS EQUIPMENT,False
ANF,Consumer Discretionary,XLY,RETAIL-FAMILY CLOTHING STORES,False
ANGI,Communication Services,XLC,SERVICES-ADVERTISING,False
ANGO,Health Care,XLV,SURGICAL & MEDICAL INSTRUMENTS & APPARATUS,False
ANIK,Health Care,XLV,SURGICAL & MEDICAL INSTRUMENTS & APPARATUS,False
ANIP,Health Care,XLV,PHARMACEUTICAL PREPARATIONS,False
ANNA,Utilities,XLU,CRUDE PETROLEUM & NATURAL GAS,False
ANNX,Health Care,XLV,PHARMACEUTICAL PREPARATIONS,False
AON,Financials,XLF,"INSURANCE AGENTS, BROKERS & SERVICE",False
AORT,Health Care,XLV,SURGICAL & MEDICAL INSTRUMENTS & APPARATUS,False
AOS,Industrials,XLI,HOUSEHOLD APPLIANCES,False
AOSL,Information Technology,XLK,SEMICONDUCTORS & RELATED DEVICES,False
APA,Energy,XLE,CRUDE PETROLEUM & NATURAL GAS,False
APAM,Financials,XLF,INVESTMENT ADVICE,False
APD,Materials,XLB,INDUSTRIAL INORGANIC CHEMICALS,False
APEI,Consumer Discretionary,XLY,SERVICES-EDUCATIONAL SERVICES,False
APG,Industrials,XLI,SERVICES-TO DWELLINGS & OTHER BUILDINGS,False
APGE,Health Care,XLV,"BIOLOGICAL PRODUCTS, (NO DIAGNOSTIC SUBSTANCES)",False
APH,Information Technology,XLK,ELECTRONIC CONNECTORS,False
API,Information Technology,XLK,Software,False
APLD,Information Technology,XLK,SERVICES-COMPUTER PROCESSING & DATA PREPARATION,False
APLE,Real Estate,XLRE,REAL ESTATE INVESTMENT TRUSTS,False
APO,Financials,XLF,INVESTMENT ADVICE,False
APOG,Industrials,XLI,"GLASS PRODUCTS, MADE OF PURCHASED GLASS",False
APP,Information Technology,XLK,"SERVICES-COMPUTER PROGRAMMING, DATA PROCESSING, ETC.",False
APPF,Information Technology,XLK,SERVICES-PREPACKAGED SOFTWARE,False
APPN,Information Technology,XLK,SERVICES-PREPACKAGED SOFTWARE,False
APPS,Information Technology,XLK,PATENT OWNERS & LESSORS,False
APTV,Consumer Discretionary,XLY,MOTOR VEHICLE PARTS & ACCESSORIES,False
AQN,Utilities,XLU,,False
AQST,Health Care,XLV,PHARMACEUTICAL PREPARATIONS,False
AR,Energy,XLE,CRUDE PETROLEUM & NATURAL GAS,False
ARAY,Health Care,XLV,SURGICAL & MEDICAL INSTRUMENTS & APPARATUS,False
ARBE,Information Technology,XLK,"Electronic Equipment, Instruments & Components",False
ARCB,Industrials,XLI,TRUCKING (NO LOCAL),False
ARCC,Financials,XLF,Capital Markets,False
ARCT,Health Care,XLV,PHARMACEUTICAL PREPARATIONS,False
ARDX,Health Care,XLV,PHARMACEUTICAL PREPARATIONS,False
ARE,Real Estate,XLRE,REAL ESTATE INVESTMENT TRUSTS,False
AREB,Consumer Discretionary,XLY,MISCELLANEOUS FABRICATED METAL PRODUCTS,False
AREC,Energy,XLE,BITUMINOUS COAL & LIGNITE MINING,False
ARES,Financials,XLF,INVESTMENT ADVICE,False
ARHS,Consumer Discretionary,XLY,RETAIL-FURNITURE STORES,False
ARI,Real Estate,XLRE,REAL ESTATE INVESTMENT TRUSTS,False
ARKK,ETF,ARKK,,False
ARKO,Consumer Discretionary,XLY,RETAIL-CONVENIENCE STORES,False
ARKW,ETF,ARKW,,False
ARLO,Information Technology,XLK,HOUSEHOLD AUDIO & VIDEO EQUIPMENT,False
ARLP,Energy,XLE,BITUMINOUS COAL & LIGNITE SURFACE MINING,False
ARM,Information Technology,XLK,Semiconductors & Semiconductor Equipment,False
ARMK,Industrials,XLI,RETAIL-EATING PLACES,False
ARMN,Consumer Discretionary,XLY,,False
AROC,Energy,XLE,NATURAL GAS TRANSMISSION,False
AROW,Financials,XLF,NATIONAL COMMERCIAL BANKS,False
ARQQ,Information Technology,XLK,Software,False
ARQT,Health Care,XLV,PHARMACEUTICAL PREPARATIONS,False
ARR,Real Estate,XLRE,REAL ESTATE INVESTMENT TRUSTS,False
ARRY,Information Technology,XLK,MISCELLANEOUS MANUFACTURING INDUSTRIES,False
ARTNA,Utilities,XLU,WATER SUPPLY,False
ARVN,Health Care,XLV,PHARMACEUTICAL PREPARATIONS,False
ARW,Information Technology,XLK,"WHOLESALE-ELECTRONIC PARTS & EQUIPMENT, NEC",False
ARWR,Health Care,XLV,PHARMACEUTICAL PREPARATIONS,False
AS,Consumer Discretionary,XLY,"Textiles, Apparel & Luxury Goods",False
ASAN,Information Technology,XLK,SERVICES-PREPACKAGED SOFTWARE,False
ASB,Financials,XLF,STATE COMMERCIAL BANKS,False
ASC,Energy,XLE,"Oil, Gas & Consumable Fuels",False
ASGN,Industrials,XLI,SERVICES-HELP SUPPLY SERVICES,False
ASH,Materials,XLB,WHOLESALE-CHEMICALS & ALLIED PRODUCTS,False
ASIC,Financials,XLF,"FIRE, MARINE & CASUALTY INSURANCE",False
ASIX,Materials,XLB,"PLASTIC MATERIALS, SYNTH RESINS & NONVULCAN ELASTOMERS",False
ASLE,Industrials,XLI,"WHOLESALE-MACHINERY, EQUIPMENT & SUPPLIES",False
ASML,Information Technology,XLK,,False
ASND,Health Care,XLV,,False
ASO,Consumer Discretionary,XLY,RETAIL-MISCELLANEOUS SHOPPING GOODS STORES,False
ASPI,Materials,XLB,MISCELLANEOUS CHEMICAL PRODUCTS,False
ASPN,Industrials,XLI,WHOLESALE-LUMBER & OTHER CONSTRUCTION MATERIALS,False
ASRE,Utilities,XLU,,False
ASST,Financials,XLF,FINANCE SERVICES,False
ASTE,Industrials,XLI,CONSTRUCTION MACHINERY & EQUIP,False
ASTH,Health Care,XLV,SERVICES-MANAGEMENT CONSULTING SERVICES,False
ASTS,Information Technology,XLK,"COMMUNICATIONS SERVICES, NEC",False
ASUR,Information Technology,XLK,SERVICES-COMPUTER INTEGRATED SYSTEMS DESIGN,False
ASX,Financials,XLF,,False
ATAI,Health Care,XLV,PHARMACEUTICAL PREPARATIONS,False
ATEC,Health Care,XLV,SURGICAL & MEDICAL INSTRUMENTS & APPARATUS,False
ATEN,Information Technology,XLK,COMPUTER COMMUNICATIONS EQUIPMENT,False
ATEX,Communication Services,XLC,TELEPHONE COMMUNICATIONS (NO RADIOTELEPHONE),False
ATGE,Consumer Staples,XLP,SERVICES-EDUCATIONAL SERVICES,False
ATI,Industrials,XLI,STEEL PIPE & TUBES,False
ATKR,Industrials,XLI,"MISCELLANEOUS ELECTRICAL MACHINERY, EQUIPMENT & SUPPLIES",False
ATLX,Materials,XLB,MINING & QUARRYING OF NONMETALLIC MINERALS (NO FUELS),False
ATMU,Industrials,XLI,MOTOR VEHICLE PARTS & ACCESSORIES,False
ATNI,Communication Services,XLC,TELEPHONE COMMUNICATIONS (NO RADIOTELEPHONE),False
ATO,Utilities,XLU,NATURAL GAS DISTRIBUTION,False
ATOM,Information Technology,XLK,SEMICONDUCTORS & RELATED DEVICES,False
ATR,Consumer Discretionary,XLY,"PLASTICS PRODUCTS, NEC",False
ATRC,Health Care,XLV,SURGICAL & MEDICAL INSTRUMENTS & APPARATUS,False
ATRO,Energy,XLE,"AIRCRAFT PARTS & AUXILIARY EQUIPMENT, NEC",False
ATXS,Health Care,XLV,,False
ATYR,Health Care,XLV,"BIOLOGICAL PRODUCTS, (NO DIAGNOSTIC SUBSTANCES)",False
AU,Materials,XLB,Metals & Mining,False
AUB,Financials,XLF,STATE COMMERCIAL BANKS,False
AUDC,Information Technology,XLK,Communications Equipment,False
AUPH,Health Care,XLV,PHARMACEUTICAL PREPARATIONS,False
AUR,Information Technology,XLK,SERVICES-COMPUTER INTEGRATED SYSTEMS DESIGN,False
AURA,Health Care,XLV,"BIOLOGICAL PRODUCTS, (NO DIAGNOSTIC SUBSTANCES)",False
AVA,Utilities,XLU,ELECTRIC & OTHER SERVICES COMBINED,False
AVAV,Industrials,XLI,AIRCRAFT,False
AVB,Real Estate,XLRE,REAL ESTATE INVESTMENT TRUSTS,False
AVBP,Health Care,XLV,PHARMACEUTICAL PREPARATIONS,False
AVD,Materials,XLB,AGRICULTURAL CHEMICALS,False
AVDL,Health Care,XLV,PHARMACEUTICAL PREPARATIONS,False
AVGO,Information Technology,XLK,SEMICONDUCTORS & RELATED DEVICES,False
AVIR,Health Care,XLV,PHARMACEUTICAL PREPARATIONS,False
AVNS,Health Care,XLV,"ORTHOPEDIC, PROSTHETIC & SURGICAL APPLIANCES & SUPPLIES",False
AVNT,Materials,XLB,"PLASTIC MATERIALS, SYNTH RESINS & NONVULCAN ELASTOMERS",False
AVNW,Information Technology,XLK,RADIO & TV BROADCASTING & COMMUNICATIONS EQUIPMENT,False
AVO,Consumer Staples,XLP,Food Products,False
AVPT,Information Technology,XLK,SERVICES-PREPACKAGED SOFTWARE,False
AVT,Information Technology,XLK,"WHOLESALE-ELECTRONIC PARTS & EQUIPMENT, NEC",False
AVTR,Health Care,XLV,LABORATORY ANALYTICAL INSTRUMENTS,False
AVXL,Health Care,XLV,"BIOLOGICAL PRODUCTS, (NO DIAGNOSTIC SUBSTANCES)",False
AVY,Industrials,XLI,CONVERTED PAPER & PAPERBOARD PRODS (NO CONTANERS/BOXES),False
AWI,Industrials,XLI,"PLASTICS PRODUCTS, NEC",False
AWK,Utilities,XLU,WATER SUPPLY,False
AWR,Utilities,XLU,WATER SUPPLY,False
AX,Financials,XLF,"SAVINGS INSTITUTION, FEDERALLY CHARTERED",False
AXGN,Health Care,XLV,ELECTROMEDICAL & ELECTROTHERAPEUTIC APPARATUS,False
AXL,Consumer Discretionary,XLY,Auto Components,False
AXON,Industrials,XLI,"ORDNANCE & ACCESSORIES, (NO VEHICLES/GUIDED MISSILES)",False
AXP,Financials,XLF,FINANCE SERVICES,False
AXS,Financials,XLF,"FIRE, MARINE & CASUALTY INSURANCE",False
AXSM,Health Care,XLV,PHARMACEUTICAL PREPARATIONS,False
AXTA,Materials,XLB,"PAINTS, VARNISHES, LACQUERS, ENAMELS & ALLIED PRODS",False
AYI,Industrials,XLI,ELECTRIC LIGHTING & WIRING EQUIPMENT,False
AZEK,Industrials,XLI,Building Products,False
AZN,Health Care,XLV,,False
AZO,Consumer Discretionary,XLY,RETAIL-AUTO & HOME SUPPLY STORES,False
AZTA,Health Care,XLV,"SPECIAL INDUSTRY MACHINERY, NEC",False
AZZ,Industrials,XLI,"COATING, ENGRAVING & ALLIED SERVICES",False
B,Industrials,XLI,Machinery,False
BA,Information Technology,XLK,AIRCRAFT,False
BABA,Consumer Discretionary,XLY,Broadline Retail,False
BAC,Financials,XLF,NATIONAL COMMERCIAL BANKS,False
BAH,Industrials,XLI,SERVICES-MANAGEMENT CONSULTING SERVICES,False
BALL,Consumer Discretionary,XLY,METAL CANS,False
BAM,Financials,XLF,INVESTMENT ADVICE,False
BANC,Financials,XLF,NATIONAL COMMERCIAL BANKS,False
BAND,Information Technology,XLK,SERVICES-PREPACKAGED SOFTWARE,False
BANF,Financials,XLF,NATIONAL COMMERCIAL BANKS,False
BANR,Financials,XLF,STATE COMMERCIAL BANKS,False
BASE,Information Technology,XLK,Software,False
BATL,Energy,XLE,CRUDE PETROLEUM & NATURAL GAS,False
BATRA,Communication Services,XLC,SERVICES-AMUSEMENT & RECREATION SERVICES,False
BAX,Health Care,XLV,SURGICAL & MEDICAL INSTRUMENTS & APPARATUS,False
BB,Information Technology,XLK,SERVICES-PREPACKAGED SOFTWARE,False
BBAI,Information Technology,XLK,SERVICES-PREPACKAGED SOFTWARE,False
BBBY,Consumer Discretionary,XLY,RETAIL-CATALOG & MAIL-ORDER HOUSES,False
BBD,Financials,XLF,,False
BBIO,Health Care,XLV,PHARMACEUTICAL PREPARATIONS,False
BBNX,Health Care,XLV,SURGICAL & MEDICAL INSTRUMENTS & APPARATUS,False
BBSI,Industrials,XLI,SERVICES-HELP SUPPLY SERVICES,False
BBT,Financials,XLF,"SAVINGS INSTITUTIONS, NOT FEDERALLY CHARTERED",False
BBUC,Financials,XLF,,False
BBW,Consumer Discretionary,XLY,"RETAIL-HOBBY, TOY & GAME SHOPS",False
BBWI,Consumer Discretionary,XLY,"RETAIL-RETAIL STORES, NEC",False
BBY,Consumer Discretionary,XLY,"RETAIL-RADIO, TV & CONSUMER ELECTRONICS STORES",False
BC,Consumer Discretionary,XLY,ENGINES & TURBINES,False
BCAL,Financials,XLF,NATIONAL COMMERCIAL BANKS,False
BCAX,Health Care,XLV,PHARMACEUTICAL PREPARATIONS,False
BCBP,Financials,XLF,"SAVINGS INSTITUTION, FEDERALLY CHARTERED",False
BCC,Industrials,XLI,WHOLESALE-LUMBER & OTHER CONSTRUCTION MATERIALS,False
BCML,Financials,XLF,STATE COMMERCIAL BANKS,False
BCO,Industrials,XLI,ARRANGEMENT OF TRANSPORTATION OF FREIGHT & CARGO,False
BCPC,Materials,XLB,CHEMICALS & ALLIED PRODUCTS,False
BCRX,Health Care,XLV,"BIOLOGICAL PRODUCTS, (NO DIAGNOSTIC SUBSTANCES)",False
BDC,Industrials,XLI,DRAWING & INSULATING OF NONFERROUS WIRE,False
BDN,Real Estate,XLRE,REAL ESTATE INVESTMENT TRUSTS,False
BDX,Health Care,XLV,SURGICAL & MEDICAL INSTRUMENTS & APPARATUS,False
BE,Industrials,XLI,ELECTRICAL INDUSTRIAL APPARATUS,False
BEAM,Health Care,XLV,"BIOLOGICAL PRODUCTS, (NO DIAGNOSTIC SUBSTANCES)",False
BELFA,Information Technology,XLK,"ELECTRONIC COILS, TRANSFORMERS & OTHER INDUCTORS",False
BELFB,Information Technology,XLK,"ELECTRONIC COILS, TRANSFORMERS & OTHER INDUCTORS",False
BEN,Financials,XLF,INVESTMENT ADVICE,False
BEPC,Utilities,XLU,,False
BF.B,Consumer Staples,XLP,BEVERAGES,False
BFAM,Consumer Discretionary,XLY,SERVICES-CHILD DAY CARE SERVICES,False
BFC,Financials,XLF,NATIONAL COMMERCIAL BANKS,False
BFH,Financials,XLF,PERSONAL CREDIT INSTITUTIONS,False
BFLY,Health Care,XLV,X-RAY APPARATUS & TUBES & RELATED IRRADIATION APPARATUS,False
BFS,Real Estate,XLRE,REAL ESTATE INVESTMENT TRUSTS,False
BFST,Financials,XLF,STATE COMMERCIAL BANKS,False
BG,Consumer Staples,XLP,FATS & OILS,False
BGC,Financials,XLF,"SECURITY & COMMODITY BROKERS, DEALERS, EXCHANGES & SERVICES",False
BGS,Consumer Staples,XLP,FOOD AND KINDRED PRODUCTS,False
BH.A,Consumer Discretionary,XLY,RETAIL-EATING PLACES,False
BHB,Financials,XLF,STATE COMMERCIAL BANKS,False
BHC,Health Care,XLV,PHARMACEUTICAL PREPARATIONS,False
BHE,Information Technology,XLK,PRINTED CIRCUIT BOARDS,False
BHF,Financials,XLF,LIFE INSURANCE,False
BHLB,Financials,XLF,Banks,False
BHP,Materials,XLB,,False
BHR,Real Estate,XLRE,REAL ESTATE INVESTMENT TRUSTS,False
BHRB,Financials,XLF,NATIONAL COMMERCIAL BANKS,False
BHVN,Health Care,XLV,PHARMACEUTICAL PREPARATIONS,False
BIDU,Communication Services,XLC,Interactive Media & Services,False
BIGC,Information Technology,XLK,IT Services,False
BIIB,Health Care,XLV,"BIOLOGICAL PRODUCTS, (NO DIAGNOSTIC SUBSTANCES)",False
BILI,Communication Services,XLC,Interactive Media & Services,False
BILL,Information Technology,XLK,SERVICES-PREPACKAGED SOFTWARE,False
BIO,Health Care,XLV,LABORATORY ANALYTICAL INSTRUMENTS,False
BIP,Utilities,XLU,,False
BIPC,Utilities,XLU,,False
BIRK,Consumer Discretionary,XLY,,False
BITF,Information Technology,XLK,,False
BJ,Consumer Staples,XLP,RETAIL-VARIETY STORES,False
BJRI,Consumer Discretionary,XLY,RETAIL-EATING PLACES,False
BK,Financials,XLF,STATE COMMERCIAL BANKS,False
BKD,Health Care,XLV,SERVICES-NURSING & PERSONAL CARE FACILITIES,False
BKE,Consumer Discretionary,XLY,RETAIL-FAMILY CLOTHING STORES,False
BKH,Utilities,XLU,ELECTRIC SERVICES,False
BKKT,Financials,XLF,FINANCE SERVICES,False
BKNG,Consumer Discretionary,XLY,TRANSPORTATION SERVICES,False
BKR,Energy,XLE,OIL & GAS FIELD MACHINERY & EQUIPMENT,False
BKSY,Industrials,XLI,RADIO & TV BROADCASTING & COMMUNICATIONS EQUIPMENT,False
BKTI,Information Technology,XLK,RADIO & TV BROADCASTING & COMMUNICATIONS EQUIPMENT,False
BKU,Financials,XLF,"SAVINGS INSTITUTION, FEDERALLY CHARTERED",False
BL,Information Technology,XLK,SERVICES-PREPACKAGED SOFTWARE,False
BLBD,Industrials,XLI,TRUCK & BUS BODIES,False
BLCO,Health Care,XLV,OPHTHALMIC GOODS,False
BLD,Industrials,XLI,CONSTRUCTION - SPECIAL TRADE CONTRACTORS,False
BLDR,Industrials,XLI,RETAIL-LUMBER & OTHER BUILDING MATERIALS DEALERS,False
BLFS,Health Care,XLV,ELECTROMEDICAL & ELECTROTHERAPEUTIC APPARATUS,False
BLFY,Financials,XLF,"SAVINGS INSTITUTIONS, NOT FEDERALLY CHARTERED",False
BLK,Financials,XLF,"SECURITY BROKERS, DEALERS & FLOTATION COMPANIES",False
BLKB,Information Technology,XLK,SERVICES-PREPACKAGED SOFTWARE,False
BLMN,Consumer Discretionary,XLY,RETAIL-EATING PLACES,False
BLND,Information Technology,XLK,"SERVICES-COMPUTER PROGRAMMING, DATA PROCESSING, ETC.",False
BLNK,Industrials,XLI,MISCELLANEOUS TRANSPORTATION EQUIPMENT,False
BLSH,Financials,XLF,Capital Markets,False
BLUE,Health Care,XLV,,False
BLX,Financials,XLF,,False
BLZE,Information Technology,XLK,SERVICES-PREPACKAGED SOFTWARE,False
BMBL,Information Technology,XLK,"SERVICES-COMPUTER PROGRAMMING, DATA PROCESSING, ETC.",False
BMI,Industrials,XLI,TOTALIZING FLUID METERS & COUNTING DEVICES,False
BMNR,Information Technology,XLK,FINANCE SERVICES,False
BMRC,Financials,XLF,STATE COMMERCIAL BANKS,False
BMRN,Health Care,XLV,PHARMACEUTICAL PREPARATIONS,False
BMY,Health Care,XLV,PHARMACEUTICAL PREPARATIONS,False
BN,Financials,XLF,Capital Markets,False
BNED,Consumer Discretionary,XLY,RETAIL-MISCELLANEOUS SHOPPING GOODS STORES,False
BNL,Real Estate,XLRE,REAL ESTATE INVESTMENT TRUSTS,False
BNTX,Health Care,XLV,Biotechnology,False
BOC,Communication Services,XLC,REAL ESTATE OPERATORS (NO DEVELOPERS) & LESSORS,False
BOH,Financials,XLF,STATE COMMERCIAL BANKS,False
BOKF,Financials,XLF,NATIONAL COMMERCIAL BANKS,False
BOOM,Energy,XLE,MISCELLANEOUS PRIMARY METAL PRODUCTS,False
BOOT,Consumer Discretionary,XLY,RETAIL-SHOE STORES,False
BORR,Energy,XLE,Energy Equipment & Services,False
BOW,Financials,XLF,"FIRE, MARINE & CASUALTY INSURANCE",False
BOX,Information Technology,XLK,SERVICES-PREPACKAGED SOFTWARE,False
BP,Energy,XLE,,False
BPAC,Financials,XLF,BLANK CHECKS,False
BPMC,Health Care,XLV,,False
BPOP,Financials,XLF,STATE COMMERCIAL BANKS,False
BR,Industrials,XLI,"SERVICES-BUSINESS SERVICES, NEC",False
BRBR,Consumer Staples,XLP,FOOD AND KINDRED PRODUCTS,False
BRC,Industrials,XLI,MISCELLANEOUS MANUFACTURING INDUSTRIES,False
BRCC,Consumer Staples,XLP,BEVERAGES,False
BRK.B,Financials,XLF,"FIRE, MARINE & CASUALTY INSURANCE",False
BRKL,Financials,XLF,Banks,False
BRKR,Health Care,XLV,LABORATORY ANALYTICAL INSTRUMENTS,False
BRO,Financials,XLF,"INSURANCE AGENTS, BROKERS & SERVICE",False
BROG,Energy,XLE,"Oil, Gas & Consumable Fuels",False
BROS,Consumer Discretionary,XLY,RETAIL-EATING & DRINKING PLACES,False
BRSL,Financials,XLF,,False
BRSP,Real Estate,XLRE,REAL ESTATE INVESTMENT TRUSTS,False
BRX,Real Estate,XLRE,REAL ESTATE INVESTMENT TRUSTS,False
BRY,Energy,XLE,,False
BRZE,Information Technology,XLK,SERVICES-PREPACKAGED SOFTWARE,False
BSM,Energy,XLE,CRUDE PETROLEUM & NATURAL GAS,False
BSRR,Financials,XLF,STATE COMMERCIAL BANKS,False
BSVN,Financials,XLF,STATE COMMERCIAL BANKS,False
BSX,Health Care,XLV,SURGICAL & MEDICAL INSTRUMENTS & APPARATUS,False
BSY,Information Technology,XLK,SERVICES-PREPACKAGED SOFTWARE,False
BTBT,Information Technology,XLK,FINANCE SERVICES,False
BTCS,Information Technology,XLK,FINANCE SERVICES,False
BTDR,Information Technology,XLK,Software,False
BTG,Materials,XLB,,False
BTI,Consumer Staples,XLP,,False
BTSG,Health Care,XLV,SERVICES-HOME HEALTH CARE SERVICES,False
BTU,Energy,XLE,BITUMINOUS COAL & LIGNITE SURFACE MINING,False
BULL,Financials,XLF,Capital Markets,False
BUR,Financials,XLF,FINANCE SERVICES,False
BURL,Consumer Discretionary,XLY,RETAIL-DEPARTMENT STORES,False
BUSE,Financials,XLF,STATE COMMERCIAL BANKS,False
BV,Industrials,XLI,Commercial Services & Supplies,False
BVS,Health Care,XLV,SURGICAL & MEDICAL INSTRUMENTS & APPARATUS,False
BW,Industrials,XLI,"HEATING EQUIPMENT, EXCEPT ELECTRIC & WARM AIR FURNACES",False
BWA,Consumer Discretionary,XLY,MOTOR VEHICLE PARTS & ACCESSORIES,False
BWB,Financials,XLF,STATE COMMERCIAL BANKS,False
BWFG,Financials,XLF,STATE COMMERCIAL BANKS,False
BWIN,Financials,XLF,"INSURANCE AGENTS, BROKERS & SERVICE",False
BWMN,Industrials,XLI,SERVICES-MANAGEMENT CONSULTING SERVICES,False
BWXT,Industrials,XLI,ENGINES & TURBINES,False
BX,Financials,XLF,INVESTMENT ADVICE,False
BXC,Industrials,XLI,"WHOLESALE-LUMBER, PLYWOOD, MILLWORK & WOOD PANELS",False
BXMT,Real Estate,XLRE,REAL ESTATE INVESTMENT TRUSTS,False
BXP,Real Estate,XLRE,REAL ESTATE INVESTMENT TRUSTS,False
BXSL,Financials,XLF,Capital Markets,False
BY,Financials,XLF,STATE COMMERCIAL BANKS,False
BYD,Consumer Discretionary,XLY,HOTELS & MOTELS,False
BYND,Consumer Staples,XLP,FOOD AND KINDRED PRODUCTS,False
BYRN,Consumer Discretionary,XLY,"MISCELLANEOUS ELECTRICAL MACHINERY, EQUIPMENT & SUPPLIES",False
BZ,Industrials,XLI,Professional Services,False
BZH,Consumer Discretionary,XLY,OPERATIVE BUILDERS,False
C,Financials,XLF,NATIONAL COMMERCIAL BANKS,False
CAAP,Industrials,XLI,Transportation Infrastructure,False
CABO,Communication Services,XLC,CABLE & OTHER PAY TELEVISION SERVICES,False
CAC,Financials,XLF,NATIONAL COMMERCIAL BANKS,False
CACC,Financials,XLF,PERSONAL CREDIT INSTITUTIONS,False
CACI,Industrials,XLI,SERVICES-COMPUTER INTEGRATED SYSTEMS DESIGN,False
CADE,Financials,XLF,,False
CAG,Consumer Staples,XLP,FOOD AND KINDRED PRODUCTS,False
CAH,Health Care,XLV,"WHOLESALE-DRUGS, PROPRIETARIES & DRUGGISTS' SUNDRIES",False
CAKE,Consumer Discretionary,XLY,RETAIL-EATING PLACES,False
CAL,Consumer Discretionary,XLY,"FOOTWEAR, (NO RUBBER)",False
CALM,Consumer Staples,XLP,,False
CALX,Information Technology,XLK,"COMMUNICATIONS SERVICES, NEC",False
CAN,Information Technology,XLK,"Technology Hardware, Storage & Peripherals",False
CANG,Consumer Discretionary,XLY,,False
CAPL,Energy,XLE,WHOLESALE-PETROLEUM & PETROLEUM PRODUCTS (NO BULK STATIONS),False
CAPR,Health Care,XLV,PHARMACEUTICAL PREPARATIONS,False
CAR,Industrials,XLI,SERVICES-AUTO RENTAL & LEASING (NO DRIVERS),False
CARE,Financials,XLF,NATIONAL COMMERCIAL BANKS,False
CARG,Communication Services,XLC,SERVICES-COMPUTER PROCESSING & DATA PREPARATION,False
CARR,Industrials,XLI,AIR-COND & WARM AIR HEATG EQUIP & COMM & INDL REFRIG EQUIP,False
CARS,Consumer Discretionary,XLY,SERVICES-COMPUTER PROCESSING & DATA PREPARATION,False
CART,Consumer Discretionary,XLY,"SERVICES-BUSINESS SERVICES, NEC",False
CASH,Financials,XLF,NATIONAL COMMERCIAL BANKS,False
CASS,Industrials,XLI,"SERVICES-BUSINESS SERVICES, NEC",False
CASY,Consumer Staples,XLP,RETAIL-AUTO DEALERS & GASOLINE STATIONS,False
CAT,Industrials,XLI,CONSTRUCTION MACHINERY & EQUIP,False
CATX,Health Care,XLV,PHARMACEUTICAL PREPARATIONS,False
CATY,Financials,XLF,STATE COMMERCIAL BANKS,False
CAVA,Consumer Discretionary,XLY,RETAIL-EATING PLACES,False
CB,Financials,XLF,"FIRE, MARINE & CASUALTY INSURANCE",False
CBAN,Financials,XLF,STATE COMMERCIAL BANKS,False
CBIO,Health Care,XLV,PHARMACEUTICAL PREPARATIONS,False
CBL,Real Estate,XLRE,REAL ESTATE INVESTMENT TRUSTS,False
CBLL,Health Care,XLV,ELECTROMEDICAL & ELECTROTHERAPEUTIC APPARATUS,False
CBNK,Financials,XLF,NATIONAL COMMERCIAL BANKS,False
CBOE,Financials,XLF,"SECURITY & COMMODITY BROKERS, DEALERS, EXCHANGES & SERVICES",False
CBRE,Real Estate,XLRE,REAL ESTATE,False
CBRL,Consumer Discretionary,XLY,RETAIL-EATING PLACES,False
CBSH,Financials,XLF,STATE COMMERCIAL BANKS,False
CBT,Materials,XLB,MISCELLANEOUS CHEMICAL PRODUCTS,False
CBU,Financials,XLF,NATIONAL COMMERCIAL BANKS,False
CBZ,Industrials,XLI,"SERVICES-BUSINESS SERVICES, NEC",False
CC,Materials,XLB,CHEMICALS & ALLIED PRODUCTS,False
CCB,Financials,XLF,STATE COMMERCIAL BANKS,False
CCBG,Financials,XLF,STATE COMMERCIAL BANKS,False
CCI,Real Estate,XLRE,REAL ESTATE INVESTMENT TRUSTS,False
CCIX,Financials,XLF,SERVICES-COMPUTER INTEGRATED SYSTEMS DESIGN,False
CCJ,Energy,XLE,"Oil, Gas & Consumable Fuels",False
CCK,Consumer Discretionary,XLY,METAL CANS,False
CCL,Consumer Discretionary,XLY,WATER TRANSPORTATION,False
CCNE,Financials,XLF,STATE COMMERCIAL BANKS,False
CCO,Communication Services,XLC,SERVICES-ADVERTISING,False
CCOI,Communication Services,XLC,"COMMUNICATIONS SERVICES, NEC",False
CCRD,Information Technology,XLK,Software,False
CCRN,Industrials,XLI,SERVICES-HELP SUPPLY SERVICES,False
CCS,Consumer Discretionary,XLY,OPERATIVE BUILDERS,False
CCSI,Information Technology,XLK,SERVICES-PREPACKAGED SOFTWARE,False
CCXI,Health Care,XLV,,False
CD,Information Technology,XLK,IT Services,False
CDE,Materials,XLB,GOLD AND SILVER ORES,False
CDNA,Health Care,XLV,SERVICES-MEDICAL LABORATORIES,False
CDNS,Information Technology,XLK,SERVICES-PREPACKAGED SOFTWARE,False
CDP,Real Estate,XLRE,REAL ESTATE INVESTMENT TRUSTS,False
CDRE,Industrials,XLI,"ORTHOPEDIC, PROSTHETIC & SURGICAL APPLIANCES & SUPPLIES",False
CDRO,Consumer Discretionary,XLY,,False
CDTX,Health Care,XLV,,False
CDW,Information Technology,XLK,RETAIL-CATALOG & MAIL-ORDER HOUSES,False
CDXS,Health Care,XLV,INDUSTRIAL ORGANIC CHEMICALS,False
CDZI,Utilities,XLU,WATER SUPPLY,False
CE,Materials,XLB,"PLASTIC MATERIAL, SYNTH RESIN/RUBBER, CELLULOS (NO GLASS)",False
CECO,Industrials,XLI,INDUSTRIAL & COMMERCIAL FANS & BLOWERS & AIR PURIFYING EQUIP,False
CEG,Power Generation,XLE,ELECTRIC SERVICES,True
CEIX,Energy,XLE,"Oil, Gas & Consumable Fuels",False
CELC,Energy,XLE,SERVICES-MEDICAL LABORATORIES,False
CELH,Consumer Staples,XLP,BOTTLED & CANNED SOFT DRINKS & CARBONATED WATERS,False
CENT,Consumer Staples,XLP,WHOLESALE-MISCELLANEOUS NONDURABLE GOODS,False
CENTA,Consumer Staples,XLP,WHOLESALE-MISCELLANEOUS NONDURABLE GOODS,False
CENX,Materials,XLB,PRIMARY PRODUCTION OF ALUMINUM,False
CERS,Health Care,XLV,SURGICAL & MEDICAL INSTRUMENTS & APPARATUS,False
CERT,Health Care,XLV,SERVICES-PREPACKAGED SOFTWARE,False
CEVA,Information Technology,XLK,"SERVICES-COMPUTER PROGRAMMING, DATA PROCESSING, ETC.",False
CF,Materials,XLB,AGRICULTURAL CHEMICALS,False
CFFN,Financials,XLF,"SAVINGS INSTITUTION, FEDERALLY CHARTERED",False
CFG,Financials,XLF,STATE COMMERCIAL BANKS,False
CFLT,Information Technology,XLK,SERVICES-PREPACKAGED SOFTWARE,False
CFR,Financials,XLF,NATIONAL COMMERCIAL BANKS,False
CG,Financials,XLF,INVESTMENT ADVICE,False
CGC,Consumer Staples,XLP,MEDICINAL CHEMICALS & BOTANICAL PRODUCTS,False
CGEM,Health Care,XLV,"BIOLOGICAL PRODUCTS, (NO DIAGNOSTIC SUBSTANCES)",False
CGNT,Information Technology,XLK,Software,False
CGNX,Information Technology,XLK,"INDUSTRIAL INSTRUMENTS FOR MEASUREMENT, DISPLAY, AND CONTROL",False
CGON,Health Care,XLV,"BIOLOGICAL PRODUCTS, (NO DIAGNOSTIC SUBSTANCES)",False
CHCO,Financials,XLF,NATIONAL COMMERCIAL BANKS,False
CHCT,Real Estate,XLRE,REAL ESTATE INVESTMENT TRUSTS,False
CHD,Consumer Staples,XLP,"SOAP, DETERGENTS, CLEANG PREPARATIONS, PERFUMES, COSMETICS",False
CHDN,Consumer Discretionary,XLY,"SERVICES-RACING, INCLUDING TRACK OPERATION",False
CHE,Health Care,XLV,SERVICES-HOME HEALTH CARE SERVICES,False
CHEF,Consumer Staples,XLP,"WHOLESALE-GROCERIES, GENERAL LINE",False
CHGG,Consumer Discretionary,XLY,SERVICES-EDUCATIONAL SERVICES,False
CHH,Consumer Discretionary,XLY,HOTELS & MOTELS,False
CHK,Energy,XLE,"Oil, Gas & Consumable Fuels",False
CHPT,Industrials,XLI,MISCELLANEOUS TRANSPORTATION EQUIPMENT,False
CHRD,Energy,XLE,CRUDE PETROLEUM & NATURAL GAS,False
CHRS,Health Care,XLV,"BIOLOGICAL PRODUCTS, (NO DIAGNOSTIC SUBSTANCES)",False
CHRW,Industrials,XLI,ARRANGEMENT OF TRANSPORTATION OF FREIGHT & CARGO,False
CHTR,Communication Services,XLC,CABLE & OTHER PAY TELEVISION SERVICES,False
CHWY,Consumer Discretionary,XLY,RETAIL-CATALOG & MAIL-ORDER HOUSES,False
CI,Health Care,XLV,HOSPITAL & MEDICAL SERVICE PLANS,False
CIEN,Energy,XLE,TELEPHONE & TELEGRAPH APPARATUS,False
CIFR,Information Technology,XLK,FINANCE SERVICES,False
CIM,Real Estate,XLRE,REAL ESTATE INVESTMENT TRUSTS,False
CINF,Financials,XLF,"FIRE, MARINE & CASUALTY INSURANCE",False
CINT,Information Technology,XLK,IT Services,False
CIVB,Financials,XLF,STATE COMMERCIAL BANKS,False
CIVI,Energy,XLE,,False
CL,Consumer Staples,XLP,"PERFUMES, COSMETICS & OTHER TOILET PREPARATIONS",False
CLB,Energy,XLE,"OIL & GAS FIELD SERVICES, NEC",False
CLBK,Financials,XLF,"SAVINGS INSTITUTION, FEDERALLY CHARTERED",False
CLDT,Real Estate,XLRE,REAL ESTATE INVESTMENT TRUSTS,False
CLDX,Health Care,XLV,IN VITRO & IN VIVO DIAGNOSTIC SUBSTANCES,False
CLF,Materials,XLB,METAL MINING,False
CLFD,Information Technology,XLK,TELEPHONE & TELEGRAPH APPARATUS,False
CLH,Industrials,XLI,HAZARDOUS WASTE MANAGEMENT,False
CLMB,Information Technology,XLK,WHOLESALE-COMPUTERS & PERIPHERAL EQUIPMENT & SOFTWARE,False
CLMT,Energy,XLE,PETROLEUM REFINING,False
CLNE,Energy,XLE,GAS & OTHER SERVICES COMBINED,False
CLOV,Health Care,XLV,HOSPITAL & MEDICAL SERVICE PLANS,False
CLS,Information Technology,XLK,PRINTED CIRCUIT BOARDS,False
CLSK,Information Technology,XLK,FINANCE SERVICES,False
CLVT,Industrials,XLI,SERVICES-COMPUTER PROCESSING & DATA PREPARATION,False
CLW,Materials,XLB,PAPERBOARD MILLS,False
CLX,Consumer Staples,XLP,"SPECIALTY CLEANING, POLISHING AND SANITATION PREPARATIONS",False
CMA,Financials,XLF,,False
CMBM,Information Technology,XLK,RADIO & TV BROADCASTING & COMMUNICATIONS EQUIPMENT,False
CMC,Materials,XLB,"STEEL WORKS, BLAST FURNACES & ROLLING MILLS (COKE OVENS)",False
CMCL,Materials,XLB,,False
CMCM,Information Technology,XLK,Software,False
CMCO,Industrials,XLI,CONSTRUCTION MACHINERY & EQUIP,False
CMCSA,Communication Services,XLC,CABLE & OTHER PAY TELEVISION SERVICES,False
CMDB,Information Technology,XLK,,False
CME,Financials,XLF,"SECURITY & COMMODITY BROKERS, DEALERS, EXCHANGES & SERVICES",False
CMG,Consumer Discretionary,XLY,RETAIL-EATING PLACES,False
CMI,Industrials,XLI,ENGINES & TURBINES,False
CMP,Materials,XLB,MINING & QUARRYING OF NONMETALLIC MINERALS (NO FUELS),False
CMPO,Information Technology,XLK,"Technology Hardware, Storage & Peripherals",False
CMPR,Communication Services,XLC,COMMERCIAL PRINTING,False
CMPS,Health Care,XLV,PHARMACEUTICAL PREPARATIONS,False
CMPX,Health Care,XLV,"BIOLOGICAL PRODUCTS, (NO DIAGNOSTIC SUBSTANCES)",False
CMRC,Information Technology,XLK,SERVICES-PREPACKAGED SOFTWARE,False
CMRE,Industrials,XLI,Marine Transportation,False
CMS,Utilities,XLU,ELECTRIC & OTHER SERVICES COMBINED,False
CMT,Materials,XLB,"PLASTICS PRODUCTS, NEC",False
CMTG,Real Estate,XLRE,REAL ESTATE,False
CNA,Financials,XLF,"FIRE, MARINE & CASUALTY INSURANCE",False
CNBKA,Financials,XLF,Banks,False
CNC,Health Care,XLV,HOSPITAL & MEDICAL SERVICE PLANS,False
CNDT,Industrials,XLI,"SERVICES-BUSINESS SERVICES, NEC",False
CNH,Industrials,XLI,CONSTRUCTION MACHINERY & EQUIP,False
CNI,Industrials,XLI,,False
CNK,Communication Services,XLC,SERVICES-MOTION PICTURE THEATERS,False
CNM,Industrials,XLI,"WHOLESALE-DURABLE GOODS, NEC",False
CNMD,Health Care,XLV,ELECTROMEDICAL & ELECTROTHERAPEUTIC APPARATUS,False
CNNE,Consumer Discretionary,XLY,RETAIL-EATING & DRINKING PLACES,False
CNO,Financials,XLF,ACCIDENT & HEALTH INSURANCE,False
CNOB,Financials,XLF,STATE COMMERCIAL BANKS,False
CNP,Utilities,XLU,ELECTRIC SERVICES,False
CNQ,Energy,XLE,,False
CNR,Industrials,XLI,BITUMINOUS COAL & LIGNITE MINING,False
CNS,Financials,XLF,INVESTMENT ADVICE,False
CNTA,Health Care,XLV,PHARMACEUTICAL PREPARATIONS,False
CNX,Energy,XLE,CRUDE PETROLEUM & NATURAL GAS,False
CNXC,Information Technology,XLK,"SERVICES-BUSINESS SERVICES, NEC",False
CNXN,Information Technology,XLK,RETAIL-CATALOG & MAIL-ORDER HOUSES,False
COCO,Consumer Staples,XLP,BEVERAGES,False
CODI,Industrials,XLI,HOUSEHOLD FURNITURE,False
COF,Financials,XLF,NATIONAL COMMERCIAL BANKS,False
COFS,Financials,XLF,STATE COMMERCIAL BANKS,False
COGT,Health Care,XLV,PHARMACEUTICAL PREPARATIONS,False
COHR,Information Technology,XLK,OPTICAL INSTRUMENTS & LENSES,False
COHU,Information Technology,XLK,INSTRUMENTS FOR MEAS & TESTING OF ELECTRICITY & ELEC SIGNALS,False
COIN,Information Technology,XLK,FINANCE SERVICES,False
COKE,Consumer Staples,XLP,BOTTLED & CANNED SOFT DRINKS & CARBONATED WATERS,False
COLB,Financials,XLF,STATE COMMERCIAL BANKS,False
COLD,Real Estate,XLRE,REAL ESTATE INVESTMENT TRUSTS,False
COLL,Health Care,XLV,PHARMACEUTICAL PREPARATIONS,False
COLM,Consumer Discretionary,XLY,APPAREL & OTHER FINISHD PRODS OF FABRICS & SIMILAR MATL,False
COMM,Information Technology,XLK,Communications Equipment,False
COMP,Information Technology,XLK,SERVICES-COMPUTER PROGRAMMING SERVICES,False
CON,Consumer Discretionary,XLY,"SERVICES-SPECIALTY OUTPATIENT FACILITIES, NEC",False
COO,Health Care,XLV,OPHTHALMIC GOODS,False
COP,Energy,XLE,PETROLEUM REFINING,False
COR,Health Care,XLV,"WHOLESALE-DRUGS, PROPRIETARIES & DRUGGISTS' SUNDRIES",False
CORT,Health Care,XLV,PHARMACEUTICAL PREPARATIONS,False
CORZ,Information Technology,XLK,FINANCE SERVICES,False
COSM,Health Care,XLV,"WHOLESALE-DRUGS, PROPRIETARIES & DRUGGISTS' SUNDRIES",False
COST,Consumer Staples,XLP,RETAIL-VARIETY STORES,False
COTY,Consumer Staples,XLP,"PERFUMES, COSMETICS & OTHER TOILET PREPARATIONS",False
COUR,Consumer Staples,XLP,SERVICES-PREPACKAGED SOFTWARE,False
CP,Industrials,XLI,"RAILROADS, LINE-HAUL OPERATING",False
CPA,Industrials,XLI,,False
CPAY,Information Technology,XLK,"SERVICES-BUSINESS SERVICES, NEC",False
CPB,Consumer Staples,XLP,FOOD AND KINDRED PRODUCTS,False
CPF,Financials,XLF,STATE COMMERCIAL BANKS,False
CPK,Utilities,XLU,NATURAL GAS TRANSMISSION & DISTRIBUTION,False
CPNG,Consumer Discretionary,XLY,RETAIL-CATALOG & MAIL-ORDER HOUSES,False
CPRI,Consumer Discretionary,XLY,LEATHER & LEATHER PRODUCTS,False
CPRT,Industrials,XLI,RETAIL-AUTO DEALERS & GASOLINE STATIONS,False
CPRX,Health Care,XLV,PHARMACEUTICAL PREPARATIONS,False
CPS,Consumer Discretionary,XLY,MOTOR VEHICLE PARTS & ACCESSORIES,False
CPT,Real Estate,XLRE,REAL ESTATE INVESTMENT TRUSTS,False
CQP,Energy,XLE,NATURAL GAS DISTRIBUTION,False
CQXL,Utilities,XLU,,False
CR,Industrials,XLI,MISCELLANEOUS FABRICATED METAL PRODUCTS,False
CRAI,Industrials,XLI,SERVICES-LEGAL SERVICES,False
CRC,Energy,XLE,CRUDE PETROLEUM & NATURAL GAS,False
CRCL,Information Technology,XLK,FINANCE SERVICES,False
CRCT,Information Technology,XLK,"SPECIAL INDUSTRY MACHINERY, NEC",False
CRDO,Information Technology,XLK,SEMICONDUCTORS & RELATED DEVICES,False
CRGY,Energy,XLE,CRUDE PETROLEUM & NATURAL GAS,False
CRH,Materials,XLB,"CEMENT, HYDRAULIC",False
CRI,Consumer Discretionary,XLY,APPAREL & OTHER FINISHD PRODS OF FABRICS & SIMILAR MATL,False
CRK,Energy,XLE,CRUDE PETROLEUM & NATURAL GAS,False
CRL,Health Care,XLV,SERVICES-COMMERCIAL PHYSICAL & BIOLOGICAL RESEARCH,False
CRM,Information Technology,XLK,SERVICES-PREPACKAGED SOFTWARE,False
CRMD,Health Care,XLV,PHARMACEUTICAL PREPARATIONS,False
CRML,Materials,XLB,Metals & Mining,False
CRMT,Consumer Discretionary,XLY,RETAIL-AUTO DEALERS & GASOLINE STATIONS,False
CRNC,Information Technology,XLK,SERVICES-PREPACKAGED SOFTWARE,False
CRNT,Information Technology,XLK,Communications Equipment,False
CRNX,Health Care,XLV,PHARMACEUTICAL PREPARATIONS,False
CRON,Consumer Staples,XLP,MEDICINAL CHEMICALS & BOTANICAL PRODUCTS,False
CROX,Consumer Discretionary,XLY,RUBBER & PLASTICS FOOTWEAR,False
CRS,Industrials,XLI,"STEEL WORKS, BLAST FURNACES & ROLLING MILLS (COKE OVENS)",False
CRSP,Health Care,XLV,"BIOLOGICAL PRODUCTS, (NO DIAGNOSTIC SUBSTANCES)",False
CRSR,Information Technology,XLK,"COMPUTER PERIPHERAL EQUIPMENT, NEC",False
CRTO,Communication Services,XLC,SERVICES-ADVERTISING AGENCIES,False
CRUS,Information Technology,XLK,SEMICONDUCTORS & RELATED DEVICES,False
CRVL,Financials,XLF,"INSURANCE AGENTS, BROKERS & SERVICE",False
CRWD,Information Technology,XLK,SERVICES-PREPACKAGED SOFTWARE,False
CRWV,Information Technology,XLK,SERVICES-PREPACKAGED SOFTWARE,False
CSCO,Information Technology,XLK,COMPUTER COMMUNICATIONS EQUIPMENT,False
CSGP,Real Estate,XLRE,"SERVICES-BUSINESS SERVICES, NEC",False
CSGS,Information Technology,XLK,SERVICES-COMPUTER PROCESSING & DATA PREPARATION,False
CSIQ,Information Technology,XLK,Semiconductors & Semiconductor Equipment,False
CSL,Industrials,XLI,"FABRICATED RUBBER PRODUCTS, NEC",False
CSPI,Information Technology,XLK,SERVICES-COMPUTER INTEGRATED SYSTEMS DESIGN,False
CSR,Real Estate,XLRE,REAL ESTATE INVESTMENT TRUSTS,False
CSTL,Health Care,XLV,SERVICES-MEDICAL LABORATORIES,False
CSTM,Materials,XLB,SECONDARY SMELTING & REFINING OF NONFERROUS METALS,False
CSV,Consumer Discretionary,XLY,SERVICES-PERSONAL SERVICES,False
CSVI,Information Technology,XLK,IT Services,False
CSW,Industrials,XLI,ADHESIVES & SEALANTS,False
CSWI,Industrials,XLI,,False
CSX,Industrials,XLI,"RAILROADS, LINE-HAUL OPERATING",False
CTAS,Industrials,XLI,"MEN'S & BOYS' FURNISHGS, WORK CLOTHG, & ALLIED GARMENTS",False
CTBI,Financials,XLF,STATE COMMERCIAL BANKS,False
CTKB,Health Care,XLV,LABORATORY ANALYTICAL INSTRUMENTS,False
CTLP,Information Technology,XLK,CALCULATING & ACCOUNTING MACHINES (NO ELECTRONIC COMPUTERS),False
CTMX,Health Care,XLV,PHARMACEUTICAL PREPARATIONS,False
CTO,Real Estate,XLRE,REAL ESTATE INVESTMENT TRUSTS,False
CTOS,Industrials,XLI,"SERVICES-EQUIPMENT RENTAL & LEASING, NEC",False
CTRA,Energy,XLE,CRUDE PETROLEUM & NATURAL GAS,False
CTRE,Real Estate,XLRE,REAL ESTATE INVESTMENT TRUSTS,False
CTRI,Utilities,XLU,NATURAL GAS TRANSMISSION & DISTRIBUTION,False
CTS,Information Technology,XLK,PRINTED CIRCUIT BOARDS,False
CTSH,Information Technology,XLK,SERVICES-COMPUTER PROGRAMMING SERVICES,False
CTVA,Materials,XLB,,False
CUB,Financials,XLF,BLANK CHECKS,False
CUBE,Real Estate,XLRE,REAL ESTATE INVESTMENT TRUSTS,False
CUBI,Financials,XLF,STATE COMMERCIAL BANKS,False
CURB,Real Estate,XLRE,REAL ESTATE,False
CURI,Communication Services,XLC,SERVICES-MOTION PICTURE & VIDEO TAPE PRODUCTION,False
CUZ,Real Estate,XLRE,REAL ESTATE INVESTMENT TRUSTS,False
CVBF,Financials,XLF,STATE COMMERCIAL BANKS,False
CVCO,Consumer Discretionary,XLY,MOBILE HOMES,False
CVE,Energy,XLE,,False
CVGW,Consumer Staples,XLP,Food Products,False
CVI,Energy,XLE,PETROLEUM REFINING,False
CVLG,Industrials,XLI,TRUCKING (NO LOCAL),False
CVLT,Information Technology,XLK,SERVICES-PREPACKAGED SOFTWARE,False
CVM,Health Care,XLV,"BIOLOGICAL PRODUCTS, (NO DIAGNOSTIC SUBSTANCES)",False
CVNA,Consumer Discretionary,XLY,RETAIL-AUTO DEALERS & GASOLINE STATIONS,False
CVR,Energy,XLE,METALWORKG MACHINERY & EQUIPMENT,False
CVRX,Health Care,XLV,SURGICAL & MEDICAL INSTRUMENTS & APPARATUS,False
CVS,Health Care,XLV,RETAIL-DRUG STORES AND PROPRIETARY STORES,False
CVX,Energy,XLE,PETROLEUM REFINING,False
CW,Industrials,XLI,MISC INDUSTRIAL & COMMERCIAL MACHINERY & EQUIPMENT,False
CWAN,Information Technology,XLK,SERVICES-PREPACKAGED SOFTWARE,False
CWBC,Financials,XLF,STATE COMMERCIAL BANKS,False
CWCO,Utilities,XLU,WATER SUPPLY,False
CWE.A,Utilities,XLU,,False
CWEN,Utilities,XLU,ELECTRIC SERVICES,False
CWH,Consumer Discretionary,XLY,RETAIL-AUTO DEALERS & GASOLINE STATIONS,False
CWK,Real Estate,XLRE,REAL ESTATE,False
CWST,Industrials,XLI,REFUSE SYSTEMS,False
CWT,Utilities,XLU,WATER SUPPLY,False
CXDO,Information Technology,XLK,TELEPHONE COMMUNICATIONS (NO RADIOTELEPHONE),False
CXM,Information Technology,XLK,SERVICES-PREPACKAGED SOFTWARE,False
CXT,Industrials,XLI,MISCELLANEOUS FABRICATED METAL PRODUCTS,False
CXW,Real Estate,XLRE,REAL ESTATE INVESTMENT TRUSTS,False
CYBR,Information Technology,XLK,Software,False
CYCN,Health Care,XLV,PHARMACEUTICAL PREPARATIONS,False
CYD,Industrials,XLI,Machinery,False
CYH,Health Care,XLV,"SERVICES-GENERAL MEDICAL & SURGICAL HOSPITALS, NEC",False
CYPH,Health Care,XLV,PHARMACEUTICAL PREPARATIONS,False
CYRX,Industrials,XLI,PHARMACEUTICAL PREPARATIONS,False
CYTK,Health Care,XLV,PHARMACEUTICAL PREPARATIONS,False
CZFS,Financials,XLF,STATE COMMERCIAL BANKS,False
CZNC,Financials,XLF,STATE COMMERCIAL BANKS,False
CZR,Consumer Discretionary,XLY,HOTELS & MOTELS,False
D,Utilities,XLU,ELECTRIC SERVICES,False
DAC,Industrials,XLI,,False
DAKT,Information Technology,XLK,MISCELLANEOUS MANUFACTURING INDUSTRIES,False
DAL,Industrials,XLI,"AIR TRANSPORTATION, SCHEDULED",False
DAN,Consumer Discretionary,XLY,MOTOR VEHICLE PARTS & ACCESSORIES,False
DAR,Consumer Staples,XLP,FATS & OILS,False
DASH,Communication Services,XLC,"SERVICES-BUSINESS SERVICES, NEC",False
DAVA,Information Technology,XLK,IT Services,False
DAVE,Information Technology,XLK,FINANCE SERVICES,False
DAY,Information Technology,XLK,,False
DBD,Information Technology,XLK,CALCULATING & ACCOUNTING MACHINES (NO ELECTRONIC COMPUTERS),False
DBI,Consumer Discretionary,XLY,RETAIL-SHOE STORES,False
DBRG,Real Estate,XLRE,INVESTMENT ADVICE,False
DBX,Information Technology,XLK,SERVICES-PREPACKAGED SOFTWARE,False
DCGO,Health Care,XLV,SERVICES-HEALTH SERVICES,False
DCI,Industrials,XLI,INDUSTRIAL & COMMERCIAL FANS & BLOWERS & AIR PURIFYING EQUIP,False
DCO,Industrials,XLI,"AIRCRAFT PARTS & AUXILIARY EQUIPMENT, NEC",False
DCOM,Financials,XLF,NATIONAL COMMERCIAL BANKS,False
DD,Materials,XLB,"PLASTIC MATERIALS, SYNTH RESINS & NONVULCAN ELASTOMERS",False
DDD,Information Technology,XLK,SERVICES-PREPACKAGED SOFTWARE,False
DDOG,Information Technology,XLK,SERVICES-PREPACKAGED SOFTWARE,False
DDS,Consumer Discretionary,XLY,RETAIL-DEPARTMENT STORES,False
DE,Industrials,XLI,FARM MACHINERY & EQUIPMENT,False
DEA,Real Estate,XLRE,REAL ESTATE INVESTMENT TRUSTS,False
DEC,Energy,XLE,,False
DECK,Consumer Discretionary,XLY,RUBBER & PLASTICS FOOTWEAR,False
DEI,Real Estate,XLRE,REAL ESTATE INVESTMENT TRUSTS,False
DELL,Information Technology,XLK,ELECTRONIC COMPUTERS,False
DENN,Consumer Discretionary,XLY,"Hotels, Restaurants & Leisure",False
DFH,Consumer Discretionary,XLY,OPERATIVE BUILDERS,False
DFIN,Financials,XLF,SERVICES-MISCELLANEOUS BUSINESS SERVICES,False
DG,Consumer Staples,XLP,RETAIL-VARIETY STORES,False
DGICA,Financials,XLF,"FIRE, MARINE & CASUALTY INSURANCE",False
DGII,Information Technology,XLK,COMPUTER COMMUNICATIONS EQUIPMENT,False
DGX,Health Care,XLV,SERVICES-MEDICAL LABORATORIES,False
DGXX,Health Care,XLV,,False
DH,Health Care,XLV,SERVICES-PREPACKAGED SOFTWARE,False
DHC,Real Estate,XLRE,REAL ESTATE INVESTMENT TRUSTS,False
DHI,Consumer Discretionary,XLY,OPERATIVE BUILDERS,False
DHIL,Financials,XLF,INVESTMENT ADVICE,False
DHR,Health Care,XLV,"INDUSTRIAL INSTRUMENTS FOR MEASUREMENT, DISPLAY, AND CONTROL",False
DHT,Energy,XLE,,False
DIA,ETF,DIA,,False
DIBS,Consumer Discretionary,XLY,RETAIL-CATALOG & MAIL-ORDER HOUSES,False
DIN,Consumer Discretionary,XLY,RETAIL-EATING PLACES,False
DINO,Energy,XLE,PIPE LINES (NO NATURAL GAS),False
DIOD,Information Technology,XLK,SEMICONDUCTORS & RELATED DEVICES,False
DIS,Communication Services,XLC,SERVICES-MISCELLANEOUS AMUSEMENT & RECREATION,False
DJCO,Communication Services,XLC,NEWSPAPERS: PUBLISHING OR PUBLISHING & PRINTING,False
DJT,Communication Services,XLC,"SERVICES-COMPUTER PROGRAMMING, DATA PROCESSING, ETC.",False
DK,Energy,XLE,PETROLEUM REFINING,False
DKL,Energy,XLE,PIPE LINES (NO NATURAL GAS),False
DKNG,Consumer Discretionary,XLY,SERVICES-MISCELLANEOUS AMUSEMENT & RECREATION,False
DKS,Consumer Discretionary,XLY,RETAIL-MISCELLANEOUS SHOPPING GOODS STORES,False
DLB,Communication Services,XLC,PATENT OWNERS & LESSORS,False
DLO,Financials,XLF,Financial Services,False
DLR,Real Estate,XLRE,REAL ESTATE INVESTMENT TRUSTS,False
DLTR,Consumer Staples,XLP,RETAIL-VARIETY STORES,False
DLX,Communication Services,XLC,"BLANKBOOKS, LOOSELEAF BINDERS & BOOKBINDG & RELATD WORK",False
DMLP,Energy,XLE,CRUDE PETROLEUM & NATURAL GAS,False
DMRC,Information Technology,XLK,SERVICES-COMPUTER INTEGRATED SYSTEMS DESIGN,False
DNB,Industrials,XLI,Professional Services,False
DNLI,Health Care,XLV,"BIOLOGICAL PRODUCTS, (NO DIAGNOSTIC SUBSTANCES)",False
DNN,Energy,XLE,,False
DNOW,Energy,XLE,OIL & GAS FIELD MACHINERY & EQUIPMENT,False
DNTH,Health Care,XLV,PHARMACEUTICAL PREPARATIONS,False
DNUT,Consumer Discretionary,XLY,RETAIL-FOOD STORES,False
DOC,Real Estate,XLRE,REAL ESTATE INVESTMENT TRUSTS,False
DOCN,Information Technology,XLK,"SERVICES-COMPUTER PROGRAMMING, DATA PROCESSING, ETC.",False
DOCS,Health Care,XLV,SERVICES-COMPUTER PROGRAMMING SERVICES,False
DOCU,Information Technology,XLK,SERVICES-PREPACKAGED SOFTWARE,False
DOGZ,Consumer Discretionary,XLY,,False
DOLE,Consumer Staples,XLP,,False
DOMO,Information Technology,XLK,SERVICES-PREPACKAGED SOFTWARE,False
DOOR,Industrials,XLI,,False
DORM,Consumer Discretionary,XLY,MOTOR VEHICLE PARTS & ACCESSORIES,False
DOV,Industrials,XLI,"CONSTRUCTION, MINING & MATERIALS HANDLING MACHINERY & EQUIP",False
DOW,Materials,XLB,"PLASTIC MATERIALS, SYNTH RESINS & NONVULCAN ELASTOMERS",False
DOX,Information Technology,XLK,,False
DPRO,Information Technology,XLK,,False
DPZ,Consumer Discretionary,XLY,WHOLESALE-GROCERIES & RELATED PRODUCTS,False
DQ,Information Technology,XLK,Semiconductors & Semiconductor Equipment,False
DRH,Real Estate,XLRE,REAL ESTATE INVESTMENT TRUSTS,False
DRI,Consumer Discretionary,XLY,RETAIL-EATING PLACES,False
DRS,Industrials,XLI,"SEARCH, DETECTION, NAVIGATION, GUIDANCE, AERONAUTICAL SYS",False
DRVN,Consumer Discretionary,XLY,"SERVICES-AUTOMOTIVE REPAIR, SERVICES & PARKING",False
DSGN,Health Care,XLV,PHARMACEUTICAL PREPARATIONS,False
DSGR,Industrials,XLI,"WHOLESALE-MACHINERY, EQUIPMENT & SUPPLIES",False
DSP,Information Technology,XLK,"SERVICES-COMPUTER PROGRAMMING, DATA PROCESSING, ETC.",False
DT,Information Technology,XLK,SERVICES-PREPACKAGED SOFTWARE,False
DTE,Utilities,XLU,ELECTRIC SERVICES,False
DTM,Energy,XLE,NATURAL GAS TRANSMISSION,False
DUK,Utilities,XLU,ELECTRIC & OTHER SERVICES COMBINED,False
DUOL,Information Technology,XLK,SERVICES-PREPACKAGED SOFTWARE,False
DV,Information Technology,XLK,"SERVICES-COMPUTER PROGRAMMING, DATA PROCESSING, ETC.",False
DVA,Health Care,XLV,"SERVICES-MISC HEALTH & ALLIED SERVICES, NEC",False
DVAX,Health Care,XLV,,False
DVLT,Information Technology,XLK,"SERVICES-BUSINESS SERVICES, NEC",False
DVN,Energy,XLE,CRUDE PETROLEUM & NATURAL GAS,False
DX,Real Estate,XLRE,REAL ESTATE INVESTMENT TRUSTS,False
DXC,Information Technology,XLK,SERVICES-COMPUTER PROCESSING & DATA PREPARATION,False
DXCM,Health Care,XLV,SURGICAL & MEDICAL INSTRUMENTS & APPARATUS,False
DXPE,Industrials,XLI,WHOLESALE-INDUSTRIAL MACHINERY & EQUIPMENT,False
DY,Industrials,XLI,"WATER, SEWER, PIPELINE, COMM & POWER LINE CONSTRUCTION",False
DYN,Health Care,XLV,PHARMACEUTICAL PREPARATIONS,False
DYNA,Utilities,XLU,,False
EA,Information Technology,XLK,SERVICES-PREPACKAGED SOFTWARE,False
EACO,Information Technology,XLK,"Electronic Equipment, Instruments & Components",False
EAT,Consumer Discretionary,XLY,RETAIL-EATING PLACES,False
EB,Information Technology,XLK,"SERVICES-COMPUTER PROGRAMMING, DATA PROCESSING, ETC.",False
EBAY,Consumer Discretionary,XLY,"SERVICES-BUSINESS SERVICES, NEC",False
EBC,Financials,XLF,"SAVINGS INSTITUTION, FEDERALLY CHARTERED",False
EBF,Industrials,XLI,MANIFOLD BUSINESS FORMS,False
ECG,Health Care,XLV,OPERATIVE BUILDERS,False
ECL,Materials,XLB,"SOAP, DETERGENTS, CLEANG PREPARATIONS, PERFUMES, COSMETICS",False
ECPG,Financials,XLF,SHORT-TERM BUSINESS CREDIT INSTITUTIONS,False
ECVT,Materials,XLB,CHEMICALS & ALLIED PRODUCTS,False
ED,Utilities,XLU,ELECTRIC & OTHER SERVICES COMBINED,False
EDIT,Health Care,XLV,"BIOLOGICAL PRODUCTS, (NO DIAGNOSTIC SUBSTANCES)",False
EE,Energy,XLE,NATURAL GAS DISTRIBUTION,False
EEFT,Information Technology,XLK,"FUNCTIONS RELATED TO DEPOSITORY BANKING, NEC",False
EEM,ETF,EEM,,False
EFA,ETF,EFA,,False
EFC,Financials,XLF,REAL ESTATE,False
EFSC,Financials,XLF,STATE COMMERCIAL BANKS,False
EFX,Industrials,XLI,"SERVICES-CONSUMER CREDIT REPORTING, COLLECTION AGENCIES",False
EG,Financials,XLF,"FIRE, MARINE & CASUALTY INSURANCE",False
EGAN,Information Technology,XLK,SERVICES-PREPACKAGED SOFTWARE,False
EGBN,Financials,XLF,STATE COMMERCIAL BANKS,False
EGHT,Information Technology,XLK,SERVICES-COMPUTER PROCESSING & DATA PREPARATION,False
EGO,Materials,XLB,,False
EGP,Real Estate,XLRE,REAL ESTATE INVESTMENT TRUSTS,False
EGY,Energy,XLE,CRUDE PETROLEUM & NATURAL GAS,False
EH,Industrials,XLI,,False
EHC,Health Care,XLV,SERVICES-HOSPITALS,False
EIG,Financials,XLF,"FIRE, MARINE & CASUALTY INSURANCE",False
EIX,Utilities,XLU,ELECTRIC SERVICES,False
EL,Consumer Staples,XLP,"PERFUMES, COSMETICS & OTHER TOILET PREPARATIONS",False
ELAN,Health Care,XLV,PHARMACEUTICAL PREPARATIONS,False
ELC,Utilities,XLU,ELECTRIC SERVICES,False
ELF,Consumer Staples,XLP,"PERFUMES, COSMETICS & OTHER TOILET PREPARATIONS",False
ELLO,Utilities,XLU,,False
ELME,Real Estate,XLRE,REAL ESTATE INVESTMENT TRUSTS,False
ELS,Real Estate,XLRE,REAL ESTATE INVESTMENT TRUSTS,False
ELV,Health Care,XLV,HOSPITAL & MEDICAL SERVICE PLANS,False
ELVN,Health Care,XLV,PHARMACEUTICAL PREPARATIONS,False
EMBC,Health Care,XLV,SURGICAL & MEDICAL INSTRUMENTS & APPARATUS,False
EMBJ,Financials,XLF,,False
EME,Industrials,XLI,ELECTRICAL WORK,False
EMN,Materials,XLB,"PLASTIC MATERIALS, SYNTH RESINS & NONVULCAN ELASTOMERS",False
EMR,Industrials,XLI,ELECTRONIC & OTHER ELECTRICAL EQUIPMENT (NO COMPUTER EQUIP),False
ENB,Energy,XLE,PIPE LINES (NO NATURAL GAS),False
ENFN,Information Technology,XLK,Software,False
ENIC,Utilities,XLU,,False
ENLC,Energy,XLE,"Oil, Gas & Consumable Fuels",False
ENO,Utilities,XLU,ELECTRIC & OTHER SERVICES COMBINED,False
ENOV,Industrials,XLI,"ORTHOPEDIC, PROSTHETIC & SURGICAL APPLIANCES & SUPPLIES",False
ENPH,Energy,XLE,SEMICONDUCTORS & RELATED DEVICES,False
ENR,Industrials,XLI,"MISCELLANEOUS ELECTRICAL MACHINERY, EQUIPMENT & SUPPLIES",False
ENS,Industrials,XLI,"MISCELLANEOUS ELECTRICAL MACHINERY, EQUIPMENT & SUPPLIES",False
ENSG,Health Care,XLV,SERVICES-SKILLED NURSING CARE FACILITIES,False
ENTA,Health Care,XLV,PHARMACEUTICAL PREPARATIONS,False
ENTG,Information Technology,XLK,"PLASTICS PRODUCTS, NEC",False
ENVA,Financials,XLF,PERSONAL CREDIT INSTITUTIONS,False
ENVX,Industrials,XLI,"MISCELLANEOUS ELECTRICAL MACHINERY, EQUIPMENT & SUPPLIES",False
EOG,Energy,XLE,CRUDE PETROLEUM & NATURAL GAS,False
EOLS,Health Care,XLV,PHARMACEUTICAL PREPARATIONS,False
EOSE,Industrials,XLI,"MISCELLANEOUS ELECTRICAL MACHINERY, EQUIPMENT & SUPPLIES",False
EP,Energy,XLE,NATURAL GAS TRANSMISSION,False
EPAC,Industrials,XLI,MISC INDUSTRIAL & COMMERCIAL MACHINERY & EQUIPMENT,False
EPAM,Information Technology,XLK,SERVICES-COMPUTER PROGRAMMING SERVICES,False
EPC,Consumer Staples,XLP,"PERFUMES, COSMETICS & OTHER TOILET PREPARATIONS",False
EPD,Energy,XLE,NATURAL GAS TRANSMISSION,False
EPM,Energy,XLE,CRUDE PETROLEUM & NATURAL GAS,False
EPR,Real Estate,XLRE,REAL ESTATE INVESTMENT TRUSTS,False
EPRT,Real Estate,XLRE,REAL ESTATE INVESTMENT TRUSTS,False
EQBK,Financials,XLF,STATE COMMERCIAL BANKS,False
EQH,Financials,XLF,"INSURANCE AGENTS, BROKERS & SERVICE",False
EQIX,Real Estate,XLRE,REAL ESTATE INVESTMENT TRUSTS,False
EQNR,Energy,XLE,,False
EQR,Real Estate,XLRE,REAL ESTATE INVESTMENT TRUSTS,False
EQT,Energy,XLE,CRUDE PETROLEUM & NATURAL GAS,False
EQX,Materials,XLB,Metals & Mining,False
ERAS,Health Care,XLV,PHARMACEUTICAL PREPARATIONS,False
ERIC,Communication Services,XLC,,False
ERIE,Financials,XLF,"INSURANCE AGENTS, BROKERS & SERVICE",False
ERII,Industrials,XLI,"SPECIAL INDUSTRY MACHINERY, NEC",False
ERJ,Industrials,XLI,,False
ES,Utilities,XLU,ELECTRIC SERVICES,False
ESAB,Industrials,XLI,"GENERAL INDUSTRIAL MACHINERY & EQUIPMENT, NEC",False
ESE,Information Technology,XLK,"COMMUNICATIONS EQUIPMENT, NEC",False
ESEA,Industrials,XLI,,False
ESI,Materials,XLB,MISCELLANEOUS CHEMICAL PRODUCTS,False
ESNT,Financials,XLF,SURETY INSURANCE,False
ESPR,Health Care,XLV,PHARMACEUTICAL PREPARATIONS,False
ESQ,Financials,XLF,"COMMERCIAL BANKS, NEC",False
ESRT,Real Estate,XLRE,REAL ESTATE INVESTMENT TRUSTS,False
ESS,Real Estate,XLRE,REAL ESTATE INVESTMENT TRUSTS,False
ESTC,Information Technology,XLK,SERVICES-PREPACKAGED SOFTWARE,False
ESTE,Energy,XLE,"Oil, Gas & Consumable Fuels",False
ET,Energy,XLE,NATURAL GAS TRANSMISSION,False
ETD,Consumer Discretionary,XLY,"WOOD HOUSEHOLD FURNITURE, (NO UPHOLSTERED)",False
ETN,Industrials,XLI,MISC INDUSTRIAL & COMMERCIAL MACHINERY & EQUIPMENT,False
ETR,Utilities,XLU,ELECTRIC SERVICES,False
ETSY,Consumer Discretionary,XLY,"SERVICES-BUSINESS SERVICES, NEC",False
EU,Energy,XLE,MISCELLANEOUS METAL ORES,False
EVC,Communication Services,XLC,TELEVISION BROADCASTING STATIONS,False
EVCM,Information Technology,XLK,SERVICES-PREPACKAGED SOFTWARE,False
EVER,Communication Services,XLC,"SERVICES-COMPUTER PROGRAMMING, DATA PROCESSING, ETC.",False
EVGO,Consumer Discretionary,XLY,"SERVICES-AUTOMOTIVE REPAIR, SERVICES & PARKING",False
EVH,Health Care,XLV,SERVICES-MANAGEMENT SERVICES,False
EVLV,Information Technology,XLK,"COMPUTER PERIPHERAL EQUIPMENT, NEC",False
EVR,Financials,XLF,INVESTMENT ADVICE,False
EVRG,Utilities,XLU,ELECTRIC & OTHER SERVICES COMBINED,False
EVTC,Information Technology,XLK,SERVICES-COMPUTER PROCESSING & DATA PREPARATION,False
EVTL,Industrials,XLI,,False
EW,Health Care,XLV,"ORTHOPEDIC, PROSTHETIC & SURGICAL APPLIANCES & SUPPLIES",False
EWBC,Financials,XLF,STATE COMMERCIAL BANKS,False
EWCZ,Consumer Staples,XLP,SERVICES-PERSONAL SERVICES,False
EWG,ETF,EWG,,False
EWJ,ETF,EWJ,,False
EWTX,Health Care,XLV,PHARMACEUTICAL PREPARATIONS,False
EWU,ETF,EWU,,False
EWZ,ETF,EWZ,,False
EXAS,Health Care,XLV,SERVICES-MEDICAL LABORATORIES,False
EXC,Utilities,XLU,ELECTRIC & OTHER SERVICES COMBINED,False
EXE,Energy,XLE,CRUDE PETROLEUM & NATURAL GAS,False
EXEL,Health Care,XLV,"BIOLOGICAL PRODUCTS, (NO DIAGNOSTIC SUBSTANCES)",False
EXFY,Information Technology,XLK,SERVICES-PREPACKAGED SOFTWARE,False
EXK,Materials,XLB,,False
EXLS,Information Technology,XLK,"SERVICES-BUSINESS SERVICES, NEC",False
EXOD,Information Technology,XLK,FINANCE SERVICES,False
EXP,Materials,XLB,"CEMENT, HYDRAULIC",False
EXPD,Industrials,XLI,ARRANGEMENT OF TRANSPORTATION OF FREIGHT & CARGO,False
EXPE,Consumer Discretionary,XLY,TRANSPORTATION SERVICES,False
EXPI,Real Estate,XLRE,REAL ESTATE AGENTS & MANAGERS (FOR OTHERS),False
EXPO,Industrials,XLI,SERVICES-MANAGEMENT CONSULTING SERVICES,False
EXR,Real Estate,XLRE,REAL ESTATE INVESTMENT TRUSTS,False
EXTR,Information Technology,XLK,COMPUTER COMMUNICATIONS EQUIPMENT,False
EYE,Consumer Discretionary,XLY,OPHTHALMIC GOODS,False
EYPT,Health Care,XLV,LABORATORY ANALYTICAL INSTRUMENTS,False
EZPW,Financials,XLF,RETAIL-MISCELLANEOUS RETAIL,False
F,Consumer Discretionary,XLY,MOTOR VEHICLES & PASSENGER CAR BODIES,False
FA,Industrials,XLI,SERVICES-COMPUTER PROCESSING & DATA PREPARATION,False
FAF,Financials,XLF,TITLE INSURANCE,False
FANG,Energy,XLE,CRUDE PETROLEUM & NATURAL GAS,False
FARO,Information Technology,XLK,"Electronic Equipment, Instruments & Components",False
FAST,Industrials,XLI,"RETAIL-BUILDING MATERIALS, HARDWARE, GARDEN SUPPLY",False
FATE,Health Care,XLV,"BIOLOGICAL PRODUCTS, (NO DIAGNOSTIC SUBSTANCES)",False
FBIN,Industrials,XLI,"MILLWOOD, VENEER, PLYWOOD, & STRUCTURAL WOOD MEMBERS",False
FBIZ,Financials,XLF,STATE COMMERCIAL BANKS,False
FBK,Financials,XLF,STATE COMMERCIAL BANKS,False
FBNC,Financials,XLF,STATE COMMERCIAL BANKS,False
FBP,Financials,XLF,STATE COMMERCIAL BANKS,False
FBRT,Real Estate,XLRE,REAL ESTATE INVESTMENT TRUSTS,False
FC,Industrials,XLI,SERVICES-MANAGEMENT SERVICES,False
FCBC,Financials,XLF,STATE COMMERCIAL BANKS,False
FCEL,Industrials,XLI,ELECTRICAL INDUSTRIAL APPARATUS,False
FCF,Financials,XLF,NATIONAL COMMERCIAL BANKS,False
FCFS,Financials,XLF,RETAIL-MISCELLANEOUS RETAIL,False
FCN,Industrials,XLI,SERVICES-MANAGEMENT CONSULTING SERVICES,False
FCNCA,Financials,XLF,STATE COMMERCIAL BANKS,False
FCPT,Real Estate,XLRE,REAL ESTATE INVESTMENT TRUSTS,False
FCX,Materials,XLB,METAL MINING,False
FDBC,Financials,XLF,NATIONAL COMMERCIAL BANKS,False
FDMT,Health Care,XLV,"BIOLOGICAL PRODUCTS, (NO DIAGNOSTIC SUBSTANCES)",False
FDP,Consumer Staples,XLP,Food Products,False
FDS,Financials,XLF,"SERVICES-COMPUTER PROGRAMMING, DATA PROCESSING, ETC.",False
FDUS,Financials,XLF,Capital Markets,False
FDX,Industrials,XLI,AIR COURIER SERVICES,False
FE,Utilities,XLU,ELECTRIC SERVICES,False
FEIM,Information Technology,XLK,INSTRUMENTS FOR MEAS & TESTING OF ELECTRICITY & ELEC SIGNALS,False
FELE,Industrials,XLI,MOTORS & GENERATORS,False
FERG,Industrials,XLI,WHOLESALE-HARDWARE & PLUMBING & HEATING EQUIPMENT & SUPPLIES,False
FFAI,Consumer Discretionary,XLY,MOTOR VEHICLES & PASSENGER CAR BODIES,False
FFBC,Financials,XLF,NATIONAL COMMERCIAL BANKS,False
FFIC,Financials,XLF,STATE COMMERCIAL BANKS,False
FFIN,Financials,XLF,STATE COMMERCIAL BANKS,False
FFIV,Information Technology,XLK,COMPUTER COMMUNICATIONS EQUIPMENT,False
FG,Financials,XLF,LIFE INSURANCE,False
FHB,Financials,XLF,STATE COMMERCIAL BANKS,False
FHI,Financials,XLF,INVESTMENT ADVICE,False
FHN,Financials,XLF,NATIONAL COMMERCIAL BANKS,False
FI,Information Technology,XLK,,False
FIBK,Financials,XLF,STATE COMMERCIAL BANKS,False
FICO,Information Technology,XLK,"SERVICES-BUSINESS SERVICES, NEC",False
FIG,Information Technology,XLK,SERVICES-PREPACKAGED SOFTWARE,False
FIGS,Consumer Discretionary,XLY,APPAREL & OTHER FINISHD PRODS OF FABRICS & SIMILAR MATL,False
FIHL,Financials,XLF,,False
FIP,Industrials,XLI,"RAILROADS, LINE-HAUL OPERATING",False
FIS,Information Technology,XLK,"SERVICES-BUSINESS SERVICES, NEC",False
FISI,Financials,XLF,NATIONAL COMMERCIAL BANKS,False
FISV,Information Technology,XLK,"SERVICES-BUSINESS SERVICES, NEC",False
FITB,Financials,XLF,STATE COMMERCIAL BANKS,False
FIVE,Consumer Discretionary,XLY,RETAIL-VARIETY STORES,False
FIVN,Information Technology,XLK,SERVICES-COMPUTER PROCESSING & DATA PREPARATION,False
FIX,Industrials,XLI,ELECTRICAL WORK,False
FIZZ,Consumer Staples,XLP,BOTTLED & CANNED SOFT DRINKS & CARBONATED WATERS,False
FLEX,Information Technology,XLK,PRINTED CIRCUIT BOARDS,False
FLG,Financials,XLF,,False
FLGT,Health Care,XLV,SERVICES-MEDICAL LABORATORIES,False
FLNC,Utilities,XLU,"MISCELLANEOUS ELECTRICAL MACHINERY, EQUIPMENT & SUPPLIES",False
FLNG,Energy,XLE,,False
FLO,Consumer Staples,XLP,FOOD AND KINDRED PRODUCTS,False
FLOC,Energy,XLE,OIL & GAS FIELD MACHINERY & EQUIPMENT,False
FLR,Industrials,XLI,HEAVY CONSTRUCTION OTHER THAN BLDG CONST - CONTRACTORS,False
FLS,Industrials,XLI,PUMPS & PUMPING EQUIPMENT,False
FLUT,Consumer Discretionary,XLY,"SERVICES-COMPUTER PROGRAMMING, DATA PROCESSING, ETC.",False
FLWS,Consumer Discretionary,XLY,"RETAIL-RETAIL STORES, NEC",False
FLY,Industrials,XLI,GUIDED MISSILES & SPACE VEHICLES & PARTS,False
FLYW,Information Technology,XLK,"SERVICES-BUSINESS SERVICES, NEC",False
FMAO,Financials,XLF,"SAVINGS INSTITUTION, FEDERALLY CHARTERED",False
FMBH,Financials,XLF,STATE COMMERCIAL BANKS,False
FMC,Materials,XLB,CHEMICALS & ALLIED PRODUCTS,False
FMNB,Financials,XLF,STATE COMMERCIAL BANKS,False
FN,Information Technology,XLK,TELEPHONE & TELEGRAPH APPARATUS,False
FNB,Financials,XLF,NATIONAL COMMERCIAL BANKS,False
FND,Consumer Discretionary,XLY,RETAIL-LUMBER & OTHER BUILDING MATERIALS DEALERS,False
FNF,Financials,XLF,TITLE INSURANCE,False
FNKO,Consumer Discretionary,XLY,"GAMES, TOYS & CHILDREN'S VEHICLES (NO DOLLS & BICYCLES)",False
FNLC,Financials,XLF,NATIONAL COMMERCIAL BANKS,False
FOLD,Health Care,XLV,PHARMACEUTICAL PREPARATIONS,False
FOR,Real Estate,XLRE,REAL ESTATE,False
FORM,Information Technology,XLK,SEMICONDUCTORS & RELATED DEVICES,False
FORR,Industrials,XLI,"SERVICES-ENGINEERING, ACCOUNTING, RESEARCH, MANAGEMENT",False
FOUR,Information Technology,XLK,"SERVICES-BUSINESS SERVICES, NEC",False
FOXA,Communication Services,XLC,TELEVISION BROADCASTING STATIONS,False
FOXF,Consumer Discretionary,XLY,"MOTORCYCLES, BICYCLES & PARTS",False
FPH,Real Estate,XLRE,REAL ESTATE,False
FPI,Real Estate,XLRE,REAL ESTATE INVESTMENT TRUSTS,False
FQFC,Utilities,XLU,,False
FR,Real Estate,XLRE,REAL ESTATE INVESTMENT TRUSTS,False
FRBA,Financials,XLF,Banks,False
FRGE,Information Technology,XLK,"SECURITY & COMMODITY BROKERS, DEALERS, EXCHANGES & SERVICES",False
FRHC,Financials,XLF,"SECURITY BROKERS, DEALERS & FLOTATION COMPANIES",False
FRME,Financials,XLF,NATIONAL COMMERCIAL BANKS,False
FRO,Energy,XLE,"Oil, Gas & Consumable Fuels",False
FRPH,Real Estate,XLRE,REAL ESTATE,False
FRPT,Consumer Staples,XLP,GRAIN MILL PRODUCTS,False
FRSH,Information Technology,XLK,SERVICES-PREPACKAGED SOFTWARE,False
FRST,Financials,XLF,STATE COMMERCIAL BANKS,False
FRT,Real Estate,XLRE,REAL ESTATE INVESTMENT TRUSTS,False
FSBC,Financials,XLF,STATE COMMERCIAL BANKS,False
FSBW,Financials,XLF,"SAVINGS INSTITUTIONS, NOT FEDERALLY CHARTERED",False
FSLR,Information Technology,XLK,SEMICONDUCTORS & RELATED DEVICES,False
FSLY,Information Technology,XLK,SERVICES-PREPACKAGED SOFTWARE,False
FSM,Materials,XLB,,False
FSS,Industrials,XLI,MOTOR VEHICLES & PASSENGER CAR BODIES,False
FSTR,Industrials,XLI,WHOLESALE-METALS SERVICE CENTERS & OFFICES,False
FSUN,Financials,XLF,NATIONAL COMMERCIAL BANKS,False
FTAI,Information Technology,XLK,SERVICES-MISCELLANEOUS EQUIPMENT RENTAL & LEASING,False
FTCI,Industrials,XLI,SEMICONDUCTORS & RELATED DEVICES,False
FTDR,Consumer Discretionary,XLY,SERVICES-TO DWELLINGS & OTHER BUILDINGS,False
FTI,Energy,XLE,OIL & GAS FIELD MACHINERY & EQUIPMENT,False
FTNT,Information Technology,XLK,"COMPUTER PERIPHERAL EQUIPMENT, NEC",False
FTRE,Health Care,XLV,SERVICES-MEDICAL LABORATORIES,False
FTV,Information Technology,XLK,"INDUSTRIAL INSTRUMENTS FOR MEASUREMENT, DISPLAY, AND CONTROL",False
FUBO,Communication Services,XLC,SERVICES-MOTION PICTURE & VIDEO TAPE PRODUCTION,False
FUL,Materials,XLB,ADHESIVES & SEALANTS,False
FULC,Health Care,XLV,PHARMACEUTICAL PREPARATIONS,False
FULT,Financials,XLF,NATIONAL COMMERCIAL BANKS,False
FUN,Consumer Discretionary,XLY,SERVICES-AMUSEMENT & RECREATION SERVICES,False
FUTU,Financials,XLF,Capital Markets,False
FWONA,Communication Services,XLC,,False
FWRD,Industrials,XLI,ARRANGEMENT OF TRANSPORTATION OF FREIGHT & CARGO,False
FWRG,Consumer Discretionary,XLY,RETAIL-EATING PLACES,False
FXI,ETF,FXI,,False
G,Information Technology,XLK,SERVICES-MANAGEMENT CONSULTING SERVICES,False
GABC,Financials,XLF,STATE COMMERCIAL BANKS,False
GALT,Health Care,XLV,PHARMACEUTICAL PREPARATIONS,False
GANX,Health Care,XLV,PHARMACEUTICAL PREPARATIONS,False
GAP,Consumer Discretionary,XLY,RETAIL-FAMILY CLOTHING STORES,False
GASS,Energy,XLE,"Oil, Gas & Consumable Fuels",False
GATX,Industrials,XLI,TRANSPORTATION SERVICES,False
GAU,Materials,XLB,,False
GBCI,Financials,XLF,STATE COMMERCIAL BANKS,False
GBLI,Financials,XLF,"FIRE, MARINE & CASUALTY INSURANCE",False
GBTG,Information Technology,XLK,TRANSPORTATION SERVICES,False
GBX,Industrials,XLI,RAILROAD EQUIPMENT,False
GCBC,Financials,XLF,"SAVINGS INSTITUTIONS, NOT FEDERALLY CHARTERED",False
GCMG,Financials,XLF,INVESTMENT ADVICE,False
GCO,Consumer Discretionary,XLY,RETAIL-SHOE STORES,False
GCT,Information Technology,XLK,RETAIL-CATALOG & MAIL-ORDER HOUSES,False
GD,Industrials,XLI,SHIP & BOAT BUILDING & REPAIRING,False
GDDY,Information Technology,XLK,SERVICES-COMPUTER INTEGRATED SYSTEMS DESIGN,False
GDEN,Consumer Discretionary,XLY,SERVICES-MISCELLANEOUS AMUSEMENT & RECREATION,False
GDOT,Financials,XLF,FINANCE SERVICES,False
GDS,Information Technology,XLK,,False
GDX,ETF,GDX,,False
GDYN,Information Technology,XLK,SERVICES-PREPACKAGED SOFTWARE,False
GE,Information Technology,XLK,ELECTRONIC & OTHER ELECTRICAL EQUIPMENT (NO COMPUTER EQUIP),False
GEF,Consumer Discretionary,XLY,"METAL SHIPPING BARRELS, DRUMS, KEGS & PAILS",False
GEHC,Health Care,XLV,X-RAY APPARATUS & TUBES & RELATED IRRADIATION APPARATUS,False
GEL,Energy,XLE,PIPE LINES (NO NATURAL GAS),False
GEN,Information Technology,XLK,SERVICES-PREPACKAGED SOFTWARE,False
GENI,Communication Services,XLC,"Hotels, Restaurants & Leisure",False
GEO,Real Estate,XLRE,GENERAL BLDG CONTRACTORS - RESIDENTIAL BLDGS,False
GERN,Health Care,XLV,PHARMACEUTICAL PREPARATIONS,False
GETY,Communication Services,XLC,"SERVICES-BUSINESS SERVICES, NEC",False
GEV,Industrials,XLI,ELECTRONIC & OTHER ELECTRICAL EQUIPMENT (NO COMPUTER EQUIP),False
GEVO,Energy,XLE,INDUSTRIAL ORGANIC CHEMICALS,False
GFF,Industrials,XLI,"METAL DOORS, SASH, FRAMES, MOLDINGS & TRIM",False
GFL,Industrials,XLI,,False
GFS,Information Technology,XLK,Semiconductors & Semiconductor Equipment,False
GGG,Industrials,XLI,PUMPS & PUMPING EQUIPMENT,False
GH,Health Care,XLV,SERVICES-MEDICAL LABORATORIES,False
GHC,Consumer Staples,XLP,SERVICES-EDUCATIONAL SERVICES,False
GHM,Industrials,XLI,GENERAL INDUSTRIAL MACHINERY & EQUIPMENT,False
GIC,Industrials,XLI,WHOLESALE-INDUSTRIAL MACHINERY & EQUIPMENT,False
GIII,Consumer Discretionary,XLY,APPAREL & OTHER FINISHD PRODS OF FABRICS & SIMILAR MATL,False
GILD,Health Care,XLV,"BIOLOGICAL PRODUCTS, (NO DIAGNOSTIC SUBSTANCES)",False
GILT,Information Technology,XLK,Communications Equipment,False
GIS,Consumer Staples,XLP,GRAIN MILL PRODUCTS,False
GKOS,Health Care,XLV,SURGICAL & MEDICAL INSTRUMENTS & APPARATUS,False
GL,Financials,XLF,LIFE INSURANCE,False
GLAD,Financials,XLF,Capital Markets,False
GLD,ETF,GLD,COMMODITY CONTRACTS BROKERS & DEALERS,False
GLDD,Industrials,XLI,HEAVY CONSTRUCTION OTHER THAN BLDG CONST - CONTRACTORS,False
GLIBA,Communication Services,XLC,TELEPHONE COMMUNICATIONS (NO RADIOTELEPHONE),False
GLNG,Energy,XLE,"Oil, Gas & Consumable Fuels",False
GLOB,Information Technology,XLK,,False
GLOP,Energy,XLE,,False
GLP,Energy,XLE,WHOLESALE-PETROLEUM BULK STATIONS & TERMINALS,False
GLPI,Real Estate,XLRE,REAL ESTATE INVESTMENT TRUSTS,False
GLRE,Financials,XLF,"FIRE, MARINE & CASUALTY INSURANCE",False
GLUE,Health Care,XLV,"BIOLOGICAL PRODUCTS, (NO DIAGNOSTIC SUBSTANCES)",False
GLW,Information Technology,XLK,DRAWING & INSULATING OF NONFERROUS WIRE,False
GLXY,Financials,XLF,"SECURITY BROKERS, DEALERS & FLOTATION COMPANIES",False
GM,Consumer Discretionary,XLY,MOTOR VEHICLES & PASSENGER CAR BODIES,False
GME,Consumer Discretionary,XLY,RETAIL-COMPUTER & COMPUTER SOFTWARE STORES,False
GMED,Health Care,XLV,SURGICAL & MEDICAL INSTRUMENTS & APPARATUS,False
GMRE,Real Estate,XLRE,REAL ESTATE INVESTMENT TRUSTS,False
GMS,Industrials,XLI,,False
GNE,Utilities,XLU,ELECTRIC & OTHER SERVICES COMBINED,False
GNK,Industrials,XLI,DEEP SEA FOREIGN TRANSPORTATION OF FREIGHT,False
GNL,Real Estate,XLRE,REAL ESTATE INVESTMENT TRUSTS,False
GNRC,Industrials,XLI,MOTORS & GENERATORS,False
GNTX,Consumer Discretionary,XLY,MOTOR VEHICLE PARTS & ACCESSORIES,False
GNTY,Financials,XLF,Banks,False
GNW,Financials,XLF,LIFE INSURANCE,False
GO,Consumer Staples,XLP,RETAIL-GROCERY STORES,False
GOGO,Communication Services,XLC,"COMMUNICATIONS SERVICES, NEC",False
GOLD,Materials,XLB,"WHOLESALE-JEWELRY, WATCHES, PRECIOUS STONES & METALS",False
GOLF,Consumer Discretionary,XLY,"SPORTING & ATHLETIC GOODS, NEC",False
GOOD,Real Estate,XLRE,"LESSORS OF REAL PROPERTY, NEC",False
GOOGL,Information Technology,XLK,"SERVICES-COMPUTER PROGRAMMING, DATA PROCESSING, ETC.",False
GOOS,Consumer Discretionary,XLY,,False
GOSS,Health Care,XLV,PHARMACEUTICAL PREPARATIONS,False
GOTU,Consumer Discretionary,XLY,,False
GPAC,Industrials,XLI,,False
GPAT,Financials,XLF,BLANK CHECKS,False
GPC,Consumer Discretionary,XLY,WHOLESALE-MOTOR VEHICLE SUPPLIES & NEW PARTS,False
GPCR,Health Care,XLV,PHARMACEUTICAL PREPARATIONS,False
GPI,Consumer Discretionary,XLY,RETAIL-AUTO DEALERS & GASOLINE STATIONS,False
GPK,Consumer Discretionary,XLY,PAPERBOARD CONTAINERS & BOXES,False
GPN,Information Technology,XLK,"SERVICES-BUSINESS SERVICES, NEC",False
GPOR,Energy,XLE,CRUDE PETROLEUM & NATURAL GAS,False
GPRE,Energy,XLE,INDUSTRIAL ORGANIC CHEMICALS,False
GPRK,Energy,XLE,"Oil, Gas & Consumable Fuels",False
GPRO,Consumer Discretionary,XLY,PHOTOGRAPHIC EQUIPMENT & SUPPLIES,False
GRAB,Industrials,XLI,Ground Transportation,False
GRAL,Health Care,XLV,SERVICES-MEDICAL LABORATORIES,False
GRBK,Consumer Discretionary,XLY,OPERATIVE BUILDERS,False
GRC,Industrials,XLI,PUMPS & PUMPING EQUIPMENT,False
GRMN,Information Technology,XLK,"SEARCH, DETECTION, NAVIGATION, GUIDANCE, AERONAUTICAL SYS",False
GRND,Information Technology,XLK,"SERVICES-COMPUTER PROGRAMMING, DATA PROCESSING, ETC.",False
GRNT,Energy,XLE,CRUDE PETROLEUM & NATURAL GAS,False
GROY,Materials,XLB,Metals & Mining,False
GRPN,Communication Services,XLC,SERVICES-ADVERTISING AGENCIES,False
GRRR,Information Technology,XLK,Software,False
GRVY,Communication Services,XLC,Entertainment,False
GS,Financials,XLF,"SECURITY BROKERS, DEALERS & FLOTATION COMPANIES",False
GSAT,Communication Services,XLC,"COMMUNICATIONS SERVICES, NEC",False
GSBC,Financials,XLF,STATE COMMERCIAL BANKS,False
GSHD,Financials,XLF,"INSURANCE AGENTS, BROKERS & SERVICE",False
GSIT,Information Technology,XLK,SEMICONDUCTORS & RELATED DEVICES,False
GSL,Industrials,XLI,Marine Transportation,False
GT,Consumer Discretionary,XLY,TIRES & INNER TUBES,False
GTES,Industrials,XLI,GENERAL INDUSTRIAL MACHINERY & EQUIPMENT,False
GTLB,Information Technology,XLK,SERVICES-PREPACKAGED SOFTWARE,False
GTLS,Industrials,XLI,FABRICATED PLATE WORK (BOILER SHOPS),False
GTM,Information Technology,XLK,SERVICES-PREPACKAGED SOFTWARE,False
GTN,Communication Services,XLC,TELEVISION BROADCASTING STATIONS,False
GTX,Consumer Discretionary,XLY,MOTOR VEHICLE PARTS & ACCESSORIES,False
GTY,Real Estate,XLRE,REAL ESTATE,False
GVA,Industrials,XLI,HEAVY CONSTRUCTION OTHER THAN BLDG CONST - CONTRACTORS,False
GWRE,Information Technology,XLK,SERVICES-PREPACKAGED SOFTWARE,False
GWRS,Utilities,XLU,WATER SUPPLY,False
GWW,Industrials,XLI,WHOLESALE-DURABLE GOODS,False
GXO,Industrials,XLI,TRANSPORTATION SERVICES,False
H,Consumer Discretionary,XLY,HOTELS & MOTELS,False
HACK,ETF,HACK,,False
HAE,Health Care,XLV,SURGICAL & MEDICAL INSTRUMENTS & APPARATUS,False
HAFC,Financials,XLF,NATIONAL COMMERCIAL BANKS,False
HAFN,Energy,XLE,,False
HAIN,Consumer Staples,XLP,FOOD AND KINDRED PRODUCTS,False
HAL,Energy,XLE,"OIL & GAS FIELD SERVICES, NEC",False
HALO,Health Care,XLV,"BIOLOGICAL PRODUCTS, (NO DIAGNOSTIC SUBSTANCES)",False
HAS,Consumer Discretionary,XLY,"GAMES, TOYS & CHILDREN'S VEHICLES (NO DOLLS & BICYCLES)",False
HASI,Real Estate,XLRE,"INVESTORS, NEC",False
HAYN,Materials,XLB,Metals & Mining,False
HAYW,Industrials,XLI,REFRIGERATION & SERVICE INDUSTRY MACHINERY,False
HBAN,Energy,XLE,NATIONAL COMMERCIAL BANKS,False
HBCP,Financials,XLF,"SAVINGS INSTITUTIONS, NOT FEDERALLY CHARTERED",False
HBI,Consumer Discretionary,XLY,,False
HBMD,Financials,XLF,Banks,False
HBNC,Financials,XLF,STATE COMMERCIAL BANKS,False
HBT,Financials,XLF,STATE COMMERCIAL BANKS,False
HCA,Health Care,XLV,"SERVICES-GENERAL MEDICAL & SURGICAL HOSPITALS, NEC",False
HCAT,Health Care,XLV,"SERVICES-COMPUTER PROGRAMMING, DATA PROCESSING, ETC.",False
HCC,Materials,XLB,BITUMINOUS COAL & LIGNITE MINING,False
HCI,Financials,XLF,"FIRE, MARINE & CASUALTY INSURANCE",False
HCKT,Information Technology,XLK,SERVICES-MANAGEMENT CONSULTING SERVICES,False
HCSG,Health Care,XLV,SERVICES-NURSING & PERSONAL CARE FACILITIES,False
HD,Consumer Discretionary,XLY,RETAIL-LUMBER & OTHER BUILDING MATERIALS DEALERS,False
HDSN,Materials,XLB,"WHOLESALE-MACHINERY, EQUIPMENT & SUPPLIES",False
HE,Utilities,XLU,ELECTRIC SERVICES,False
HEI,Industrials,XLI,AIRCRAFT ENGINES & ENGINE PARTS,False
HELE,Consumer Staples,XLP,ELECTRIC HOUSEWARES & FANS,False
HEPS,Consumer Discretionary,XLY,,False
HES,Energy,XLE,"Oil, Gas & Consumable Fuels",False
HESM,Energy,XLE,CRUDE PETROLEUM & NATURAL GAS,False
HFWA,Financials,XLF,"SAVINGS INSTITUTIONS, NOT FEDERALLY CHARTERED",False
HG,Financials,XLF,"FIRE, MARINE & CASUALTY INSURANCE",False
HGV,Consumer Discretionary,XLY,"HOTELS, ROOMING HOUSES, CAMPS & OTHER LODGING PLACES",False
HHH,Real Estate,XLRE,REAL ESTATE INVESTMENT TRUSTS,False
HI,Industrials,XLI,,False
HIFS,Financials,XLF,,False
HIG,Financials,XLF,"FIRE, MARINE & CASUALTY INSURANCE",False
HII,Industrials,XLI,SHIP & BOAT BUILDING & REPAIRING,False
HIMS,Health Care,XLV,SERVICES-OFFICES & CLINICS OF DOCTORS OF MEDICINE,False
HIMX,Information Technology,XLK,,False
HIPO,Financials,XLF,"FIRE, MARINE & CASUALTY INSURANCE",False
HITI,Consumer Staples,XLP,,False
HIVE,Information Technology,XLK,,False
HIW,Real Estate,XLRE,REAL ESTATE INVESTMENT TRUSTS,False
HKD,Information Technology,XLK,Software,False
HL,Materials,XLB,MINING & QUARRYING OF NONMETALLIC MINERALS (NO FUELS),False
HLF,Consumer Staples,XLP,"WHOLESALE-DRUGS, PROPRIETARIES & DRUGGISTS' SUNDRIES",False
HLI,Financials,XLF,INVESTMENT ADVICE,False
HLIO,Industrials,XLI,MISCELLANEOUS FABRICATED METAL PRODUCTS,False
HLIT,Information Technology,XLK,RADIO & TV BROADCASTING & COMMUNICATIONS EQUIPMENT,False
HLMN,Industrials,XLI,"CUTLERY, HANDTOOLS & GENERAL HARDWARE",False
HLNE,Financials,XLF,INVESTMENT ADVICE,False
HLT,Consumer Discretionary,XLY,HOTELS & MOTELS,False
HLX,Energy,XLE,"OIL & GAS FIELD SERVICES, NEC",False
HMC,Consumer Discretionary,XLY,,False
HMN,Financials,XLF,"FIRE, MARINE & CASUALTY INSURANCE",False
HNGE,Health Care,XLV,SERVICES-COMPUTER PROCESSING & DATA PREPARATION,False
HNI,Industrials,XLI,OFFICE FURNITURE (NO WOOD),False
HNOI,Utilities,XLU,,False
HNRG,Energy,XLE,ELECTRIC SERVICES,False
HNST,Consumer Discretionary,XLY,RETAIL-CATALOG & MAIL-ORDER HOUSES,False
HOG,Consumer Discretionary,XLY,"MOTORCYCLES, BICYCLES & PARTS",False
HOLX,Health Care,XLV,X-RAY APPARATUS & TUBES & RELATED IRRADIATION APPARATUS,False
HOMB,Financials,XLF,STATE COMMERCIAL BANKS,False
HON,Industrials,XLI,AIRCRAFT ENGINES & ENGINE PARTS,False
HOOD,Information Technology,XLK,"SECURITY BROKERS, DEALERS & FLOTATION COMPANIES",False
HOPE,Financials,XLF,NATIONAL COMMERCIAL BANKS,False
HOUS,Real Estate,XLRE,,False
HOV,Consumer Discretionary,XLY,OPERATIVE BUILDERS,False
HP,Energy,XLE,DRILLING OIL & GAS WELLS,False
HPE,Energy,XLE,COMPUTER & OFFICE EQUIPMENT,False
HPK,Energy,XLE,DRILLING OIL & GAS WELLS,False
HPP,Real Estate,XLRE,REAL ESTATE,False
HPQ,Information Technology,XLK,COMPUTER & OFFICE EQUIPMENT,False
HQY,Health Care,XLV,"SERVICES-BUSINESS SERVICES, NEC",False
HR,Real Estate,XLRE,REAL ESTATE INVESTMENT TRUSTS,False
HRB,Consumer Discretionary,XLY,SERVICES-PERSONAL SERVICES,False
HRI,Industrials,XLI,SERVICES-MISCELLANEOUS EQUIPMENT RENTAL & LEASING,False
HRL,Consumer Staples,XLP,MEAT PACKING PLANTS,False
HRMY,Health Care,XLV,PHARMACEUTICAL PREPARATIONS,False
HROW,Health Care,XLV,PHARMACEUTICAL PREPARATIONS,False
HRTG,Financials,XLF,"FIRE, MARINE & CASUALTY INSURANCE",False
HRTX,Health Care,XLV,PHARMACEUTICAL PREPARATIONS,False
HSBC,Financials,XLF,,False
HSIC,Health Care,XLV,"WHOLESALE-MEDICAL, DENTAL & HOSPITAL EQUIPMENT & SUPPLIES",False
HSII,Industrials,XLI,Professional Services,False
HST,Real Estate,XLRE,REAL ESTATE INVESTMENT TRUSTS,False
HSTM,Health Care,XLV,"SERVICES-COMPUTER PROGRAMMING, DATA PROCESSING, ETC.",False
HSY,Consumer Staples,XLP,SUGAR & CONFECTIONERY PRODUCTS,False
HTB,Financials,XLF,"SAVINGS INSTITUTION, FEDERALLY CHARTERED",False
HTBK,Financials,XLF,STATE COMMERCIAL BANKS,False
HTH,Financials,XLF,STATE COMMERCIAL BANKS,False
HTLD,Industrials,XLI,TRUCKING (NO LOCAL),False
HTO,Utilities,XLU,WATER SUPPLY,False
HTZ,Industrials,XLI,SERVICES-AUTO RENTAL & LEASING (NO DRIVERS),False
HUBB,Industrials,XLI,ELECTRONIC COMPONENTS & ACCESSORIES,False
HUBG,Industrials,XLI,ARRANGEMENT OF TRANSPORTATION OF FREIGHT & CARGO,False
HUBS,Information Technology,XLK,SERVICES-PREPACKAGED SOFTWARE,False
HUM,Health Care,XLV,HOSPITAL & MEDICAL SERVICE PLANS,False
HUMA,Health Care,XLV,"BIOLOGICAL PRODUCTS, (NO DIAGNOSTIC SUBSTANCES)",False
HUN,Materials,XLB,CHEMICALS & ALLIED PRODUCTS,False
HURN,Industrials,XLI,SERVICES-MANAGEMENT CONSULTING SERVICES,False
HUT,Financials,XLF,FINANCE SERVICES,False
HVT,Consumer Discretionary,XLY,RETAIL-FURNITURE STORES,False
HWC,Financials,XLF,STATE COMMERCIAL BANKS,False
HWKN,Materials,XLB,WHOLESALE-CHEMICALS & ALLIED PRODUCTS,False
HWM,Industrials,XLI,ROLLING DRAWING & EXTRUDING OF NONFERROUS METALS,False
HXL,Industrials,XLI,"PLASTIC MATERIALS, SYNTH RESINS & NONVULCAN ELASTOMERS",False
HY,Industrials,XLI,"INDUSTRIAL TRUCKS, TRACTORS, TRAILERS & STACKERS",False
HYAC,Financials,XLF,BLANK CHECKS,False
HYG,ETF,HYG,,False
HYLN,Consumer Discretionary,XLY,TRUCK & BUS BODIES,False
HYPD,Health Care,XLV,PHARMACEUTICAL PREPARATIONS,False
HYSR,Information Technology,XLK,Semiconductors & Semiconductor Equipment,False
HZO,Consumer Discretionary,XLY,RETAIL-AUTO & HOME SUPPLY STORES,False
IAC,Communication Services,XLC,"SERVICES-COMPUTER PROGRAMMING, DATA PROCESSING, ETC.",False
IAG,Materials,XLB,,False
IAI,ETF,IAI,,False
IART,Health Care,XLV,SURGICAL & MEDICAL INSTRUMENTS & APPARATUS,False
IAS,Communication Services,XLC,,False
IBB,ETF,IBB,,False
IBCP,Financials,XLF,STATE COMMERCIAL BANKS,False
IBEX,Industrials,XLI,SERVICES-COMPUTER PROCESSING & DATA PREPARATION,False
IBIT,ETF,IBIT,COMMODITY CONTRACTS BROKERS & DEALERS,False
IBKR,Financials,XLF,"SECURITY BROKERS, DEALERS & FLOTATION COMPANIES",False
IBM,Information Technology,XLK,COMPUTER & OFFICE EQUIPMENT,False
IBOC,Financials,XLF,STATE COMMERCIAL BANKS,False
IBP,Industrials,XLI,GENERAL BLDG CONTRACTORS - RESIDENTIAL BLDGS,False
IBRX,Health Care,XLV,"BIOLOGICAL PRODUCTS, (NO DIAGNOSTIC SUBSTANCES)",False
IBTA,Communication Services,XLC,SERVICES-ADVERTISING,False
ICE,Financials,XLF,"SECURITY & COMMODITY BROKERS, DEALERS, EXCHANGES & SERVICES",False
ICFI,Industrials,XLI,SERVICES-MANAGEMENT CONSULTING SERVICES,False
ICG,Information Technology,XLK,Semiconductors & Semiconductor Equipment,False
ICHR,Information Technology,XLK,SEMICONDUCTORS & RELATED DEVICES,False
ICLR,Health Care,XLV,,False
ICUI,Health Care,XLV,SURGICAL & MEDICAL INSTRUMENTS & APPARATUS,False
IDA,Utilities,XLU,ELECTRIC SERVICES,False
IDCC,Communication Services,XLC,PATENT OWNERS & LESSORS,False
IDT,Communication Services,XLC,TELEPHONE COMMUNICATIONS (NO RADIOTELEPHONE),False
IDXX,Health Care,XLV,IN VITRO & IN VIVO DIAGNOSTIC SUBSTANCES,False
IDYA,Health Care,XLV,PHARMACEUTICAL PREPARATIONS,False
IE,Materials,XLB,METAL MINING,False
IEF,ETF,IEF,,False
IEP,Industrials,XLI,PETROLEUM REFINING,False
IESC,Industrials,XLI,ELECTRICAL WORK,False
IEX,Industrials,XLI,PUMPS & PUMPING EQUIPMENT,False
IFF,Materials,XLB,INDUSTRIAL ORGANIC CHEMICALS,False
IGV,ETF,IGV,,False
IHE,ETF,IHE,,False
IHI,ETF,IHI,,False
IHRT,Communication Services,XLC,RADIO BROADCASTING STATIONS,False
III,Information Technology,XLK,SERVICES-MANAGEMENT CONSULTING SERVICES,False
IIIN,Industrials,XLI,"STEEL WORKS, BLAST FURNACES & ROLLING & FINISHING MILLS",False
IIIV,Information Technology,XLK,"SERVICES-BUSINESS SERVICES, NEC",False
IIPR,Real Estate,XLRE,REAL ESTATE,False
IJH,ETF,IJH,,False
ILMN,Health Care,XLV,LABORATORY ANALYTICAL INSTRUMENTS,False
ILPT,Real Estate,XLRE,REAL ESTATE INVESTMENT TRUSTS,False
IMAX,Communication Services,XLC,PHOTOGRAPHIC EQUIPMENT & SUPPLIES,False
IMBBY,Consumer Staples,XLP,,False
IMKTA,Consumer Staples,XLP,RETAIL-GROCERY STORES,False
IMMR,Information Technology,XLK,"COMPUTER PERIPHERAL EQUIPMENT, NEC",False
IMNM,Health Care,XLV,PHARMACEUTICAL PREPARATIONS,False
IMOS,Information Technology,XLK,,False
IMPP,Energy,XLE,"Oil, Gas & Consumable Fuels",False
IMRX,Health Care,XLV,PHARMACEUTICAL PREPARATIONS,False
IMSR,Energy,XLE,FABRICATED PLATE WORK (BOILER SHOPS),False
IMVT,Health Care,XLV,"BIOLOGICAL PRODUCTS, (NO DIAGNOSTIC SUBSTANCES)",False
IMXI,Information Technology,XLK,"SERVICES-BUSINESS SERVICES, NEC",False
INBK,Financials,XLF,STATE COMMERCIAL BANKS,False
INBX,Health Care,XLV,"BIOLOGICAL PRODUCTS, (NO DIAGNOSTIC SUBSTANCES)",False
INCY,Health Care,XLV,SERVICES-COMMERCIAL PHYSICAL & BIOLOGICAL RESEARCH,False
INDB,Financials,XLF,STATE COMMERCIAL BANKS,False
INDI,Information Technology,XLK,SEMICONDUCTORS & RELATED DEVICES,False
INDO,Energy,XLE,,False
INDV,Health Care,XLV,PHARMACEUTICAL PREPARATIONS,False
INFA,Information Technology,XLK,Software,False
INFN,Energy,XLE,Communications Equipment,False
INGM,Information Technology,XLK,WHOLESALE-COMPUTERS & PERIPHERAL EQUIPMENT & SOFTWARE,False
INGN,Health Care,XLV,"ORTHOPEDIC, PROSTHETIC & SURGICAL APPLIANCES & SUPPLIES",False
INGR,Consumer Staples,XLP,GRAIN MILL PRODUCTS,False
INN,Real Estate,XLRE,REAL ESTATE INVESTMENT TRUSTS,False
INOD,Energy,XLE,SERVICES-COMPUTER PROCESSING & DATA PREPARATION,False
INR,Energy,XLE,CRUDE PETROLEUM & NATURAL GAS,False
INSE,Communication Services,XLC,SERVICES-PREPACKAGED SOFTWARE,False
INSG,Information Technology,XLK,"COMMUNICATIONS EQUIPMENT, NEC",False
INSM,Health Care,XLV,PHARMACEUTICAL PREPARATIONS,False
INSP,Health Care,XLV,SURGICAL & MEDICAL INSTRUMENTS & APPARATUS,False
INSW,Energy,XLE,WATER TRANSPORTATION,False
INTA,Information Technology,XLK,SERVICES-PREPACKAGED SOFTWARE,False
INTC,Information Technology,XLK,SEMICONDUCTORS & RELATED DEVICES,False
INTR,Financials,XLF,Banks,False
INTU,Information Technology,XLK,SERVICES-PREPACKAGED SOFTWARE,False
INVA,Health Care,XLV,PHARMACEUTICAL PREPARATIONS,False
INVH,Real Estate,XLRE,REAL ESTATE OPERATORS (NO DEVELOPERS) & LESSORS,False
INVX,Energy,XLE,OIL & GAS FIELD MACHINERY & EQUIPMENT,False
INVZ,Information Technology,XLK,"Electronic Equipment, Instruments & Components",False
IONQ,Information Technology,XLK,SERVICES-COMPUTER INTEGRATED SYSTEMS DESIGN,False
IONS,Health Care,XLV,PHARMACEUTICAL PREPARATIONS,False
IOSP,Materials,XLB,CHEMICALS & ALLIED PRODUCTS,False
IOT,Information Technology,XLK,SERVICES-COMPUTER INTEGRATED SYSTEMS DESIGN,False
IOVA,Health Care,XLV,"BIOLOGICAL PRODUCTS, (NO DIAGNOSTIC SUBSTANCES)",False
IP,Consumer Discretionary,XLY,PAPER MILLS,False
IPAR,Consumer Staples,XLP,"PERFUMES, COSMETICS & OTHER TOILET PREPARATIONS",False
IPG,Communication Services,XLC,,False
IPGP,Information Technology,XLK,SEMICONDUCTORS & RELATED DEVICES,False
IPI,Materials,XLB,MINING & QUARRYING OF NONMETALLIC MINERALS (NO FUELS),False
IQ,Communication Services,XLC,Entertainment,False
IQV,Health Care,XLV,SERVICES-COMMERCIAL PHYSICAL & BIOLOGICAL RESEARCH,False
IR,Industrials,XLI,GENERAL INDUSTRIAL MACHINERY & EQUIPMENT,False
IRDM,Communication Services,XLC,"COMMUNICATIONS SERVICES, NEC",False
IREN,Information Technology,XLK,FINANCE SERVICES,False
IRM,Real Estate,XLRE,REAL ESTATE INVESTMENT TRUSTS,False
IRMD,Health Care,XLV,SURGICAL & MEDICAL INSTRUMENTS & APPARATUS,False
IRON,Health Care,XLV,PHARMACEUTICAL PREPARATIONS,False
IRT,Real Estate,XLRE,REAL ESTATE INVESTMENT TRUSTS,False
IRTC,Health Care,XLV,SURGICAL & MEDICAL INSTRUMENTS & APPARATUS,False
IRWD,Health Care,XLV,PHARMACEUTICAL PREPARATIONS,False
ISRG,Health Care,XLV,"ORTHOPEDIC, PROSTHETIC & SURGICAL APPLIANCES & SUPPLIES",False
ISSC,Industrials,XLI,SERVICES-COMPUTER PROGRAMMING SERVICES,False
IT,Information Technology,XLK,SERVICES-MANAGEMENT SERVICES,False
ITGR,Health Care,XLV,ELECTROMEDICAL & ELECTROTHERAPEUTIC APPARATUS,False
ITI,Information Technology,XLK,"Electronic Equipment, Instruments & Components",False
ITIC,Financials,XLF,TITLE INSURANCE,False
ITRI,Information Technology,XLK,INSTRUMENTS FOR MEAS & TESTING OF ELECTRICITY & ELEC SIGNALS,False
ITRN,Information Technology,XLK,Communications Equipment,False
ITT,Industrials,XLI,PUMPS & PUMPING EQUIPMENT,False
ITW,Industrials,XLI,GENERAL INDUSTRIAL MACHINERY & EQUIPMENT,False
IVE,ETF,IVE,,False
IVR,Real Estate,XLRE,REAL ESTATE INVESTMENT TRUSTS,False
IVT,Real Estate,XLRE,REAL ESTATE INVESTMENT TRUSTS,False
IVV,ETF,IVV,,False
IVVD,Health Care,XLV,"BIOLOGICAL PRODUCTS, (NO DIAGNOSTIC SUBSTANCES)",False
IVW,ETF,IVW,,False
IVZ,Financials,XLF,INVESTMENT ADVICE,False
IWM,ETF,IWM,,False
IWN,ETF,IWN,,False
IWO,ETF,IWO,,False
IWR,ETF,IWR,,False
IXHL,Health Care,XLV,PHARMACEUTICAL PREPARATIONS,False
IYR,ETF,IYR,,False
IYT,ETF,IYT,,False
IYW,ETF,IYW,,False
J,Industrials,XLI,HEAVY CONSTRUCTION OTHER THAN BLDG CONST - CONTRACTORS,False
JACK,Consumer Discretionary,XLY,RETAIL-EATING PLACES,False
JAKK,Consumer Discretionary,XLY,"GAMES, TOYS & CHILDREN'S VEHICLES (NO DOLLS & BICYCLES)",False
JAMF,Information Technology,XLK,Software,False
JANX,Health Care,XLV,PHARMACEUTICAL PREPARATIONS,False
JAZZ,Health Care,XLV,PHARMACEUTICAL PREPARATIONS,False
JBGS,Real Estate,XLRE,REAL ESTATE INVESTMENT TRUSTS,False
JBHT,Industrials,XLI,TRUCKING (NO LOCAL),False
JBI,Industrials,XLI,"METAL DOORS, SASH, FRAMES, MOLDINGS & TRIM",False
JBIO,Health Care,XLV,PHARMACEUTICAL PREPARATIONS,False
JBL,Information Technology,XLK,PRINTED CIRCUIT BOARDS,False
JBLU,Industrials,XLI,"AIR TRANSPORTATION, SCHEDULED",False
JBSS,Consumer Staples,XLP,SUGAR & CONFECTIONERY PRODUCTS,False
JBTM,Industrials,XLI,SPECIAL INDUSTRY MACHINERY (NO METALWORKING MACHINERY),False
JCI,Industrials,XLI,AIR-COND & WARM AIR HEATG EQUIP & COMM & INDL REFRIG EQUIP,False
JD,Consumer Discretionary,XLY,,False
JEF,Financials,XLF,"SECURITY BROKERS, DEALERS & FLOTATION COMPANIES",False
JELD,Industrials,XLI,"MILLWOOD, VENEER, PLYWOOD, & STRUCTURAL WOOD MEMBERS",False
JETS,ETF,JETS,,False
JHG,Financials,XLF,INVESTMENT ADVICE,False
JHX,Materials,XLB,,False
JJSF,Consumer Staples,XLP,COOKIES & CRACKERS,False
JKHY,Information Technology,XLK,SERVICES-COMPUTER INTEGRATED SYSTEMS DESIGN,False
JKS,Information Technology,XLK,Semiconductors & Semiconductor Equipment,False
JLL,Real Estate,XLRE,REAL ESTATE AGENTS & MANAGERS (FOR OTHERS),False
JMIA,Consumer Discretionary,XLY,Broadline Retail,False
JMSB,Financials,XLF,STATE COMMERCIAL BANKS,False
JMTM,Utilities,XLU,,False
JNJ,Health Care,XLV,PHARMACEUTICAL PREPARATIONS,False
JNK,ETF,JNK,,False
JNPR,Energy,XLE,Communications Equipment,False
JOBY,Industrials,XLI,AIRCRAFT,False
JOE,Real Estate,XLRE,LAND SUBDIVIDERS & DEVELOPERS (NO CEMETERIES),False
JOUT,Consumer Discretionary,XLY,"SPORTING & ATHLETIC GOODS, NEC",False
JPM,Financials,XLF,NATIONAL COMMERCIAL BANKS,False
JRVR,Financials,XLF,"FIRE, MARINE & CASUALTY INSURANCE",False
JXN,Financials,XLF,LIFE INSURANCE,False
JYD,Industrials,XLI,,False
K,Consumer Staples,XLP,,False
KAI,Industrials,XLI,SPECIAL INDUSTRY MACHINERY (NO METALWORKING MACHINERY),False
KALU,Materials,XLB,ROLLING DRAWING & EXTRUDING OF NONFERROUS METALS,False
KALV,Health Care,XLV,PHARMACEUTICAL PREPARATIONS,False
KAR,Consumer Discretionary,XLY,Commercial Services & Supplies,False
KARO,Information Technology,XLK,Software,False
KAVL,Health Care,XLV,,False
KBE,ETF,KBE,,False
KBH,Consumer Discretionary,XLY,OPERATIVE BUILDERS,False
KBR,Industrials,XLI,HEAVY CONSTRUCTION OTHER THAN BLDG CONST - CONTRACTORS,False
KC,Information Technology,XLK,,False
KD,Information Technology,XLK,SERVICES-COMPUTER INTEGRATED SYSTEMS DESIGN,False
KDK,Consumer Discretionary,XLY,SERVICES-COMPUTER INTEGRATED SYSTEMS DESIGN,False
KDNY,Health Care,XLV,,False
KDP,Consumer Staples,XLP,BEVERAGES,False
KE,Information Technology,XLK,PRINTED CIRCUIT BOARDS,False
KELYA,Industrials,XLI,SERVICES-HELP SUPPLY SERVICES,False
KEN,Utilities,XLU,,False
KEX,Industrials,XLI,WATER TRANSPORTATION,False
KEY,Financials,XLF,NATIONAL COMMERCIAL BANKS,False
KEYS,Information Technology,XLK,"INDUSTRIAL INSTRUMENTS FOR MEASUREMENT, DISPLAY, AND CONTROL",False
KFRC,Industrials,XLI,SERVICES-HELP SUPPLY SERVICES,False
KFY,Industrials,XLI,SERVICES-EMPLOYMENT AGENCIES,False
KGC,Materials,XLB,,False
KGS,Energy,XLE,NATURAL GAS TRANSMISSION,False
KHC,Consumer Staples,XLP,"CANNED, FROZEN & PRESERVD FRUIT, VEG & FOOD SPECIALTIES",False
KIDS,Health Care,XLV,SURGICAL & MEDICAL INSTRUMENTS & APPARATUS,False
KIM,Real Estate,XLRE,REAL ESTATE INVESTMENT TRUSTS,False
KITT,Information Technology,XLK,"GENERAL INDUSTRIAL MACHINERY & EQUIPMENT, NEC",False
KKR,Financials,XLF,INVESTMENT ADVICE,False
KLAC,Information Technology,XLK,OPTICAL INSTRUMENTS & LENSES,False
KLAR,Financials,XLF,Financial Services,False
KLC,Consumer Staples,XLP,SERVICES-CHILD DAY CARE SERVICES,False
KLIC,Information Technology,XLK,SEMICONDUCTORS & RELATED DEVICES,False
KLTR,Information Technology,XLK,SERVICES-PREPACKAGED SOFTWARE,False
KMB,Consumer Staples,XLP,CONVERTED PAPER & PAPERBOARD PRODS (NO CONTANERS/BOXES),False
KMDA,Health Care,XLV,Biotechnology,False
KMI,Energy,XLE,NATURAL GAS TRANSMISSION,False
KMPR,Financials,XLF,"FIRE, MARINE & CASUALTY INSURANCE",False
KMT,Industrials,XLI,"MACHINE TOOLS, METAL CUTTING TYPES",False
KMX,Consumer Discretionary,XLY,RETAIL-AUTO DEALERS & GASOLINE STATIONS,False
KN,Information Technology,XLK,HOUSEHOLD AUDIO & VIDEO EQUIPMENT,False
KNF,Materials,XLB,MINING & QUARRYING OF NONMETALLIC MINERALS (NO FUELS),False
KNOP,Energy,XLE,"Oil, Gas & Consumable Fuels",False
KNSA,Health Care,XLV,PHARMACEUTICAL PREPARATIONS,False
KNSL,Financials,XLF,"FIRE, MARINE & CASUALTY INSURANCE",False
KNTK,Energy,XLE,NATURAL GAS TRANSMISSION,False
KNWN,Information Technology,XLK,"Electronic Equipment, Instruments & Components",False
KNX,Industrials,XLI,TRUCKING (NO LOCAL),False
KO,Consumer Staples,XLP,BEVERAGES,False
KOD,Health Care,XLV,"BIOLOGICAL PRODUCTS, (NO DIAGNOSTIC SUBSTANCES)",False
KODK,Information Technology,XLK,PHOTOGRAPHIC EQUIPMENT & SUPPLIES,False
KOP,Materials,XLB,LUMBER & WOOD PRODUCTS (NO FURNITURE),False
KOPN,Information Technology,XLK,SEMICONDUCTORS & RELATED DEVICES,False
KOS,Energy,XLE,CRUDE PETROLEUM & NATURAL GAS,False
KPTI,Health Care,XLV,PHARMACEUTICAL PREPARATIONS,False
KR,Consumer Staples,XLP,RETAIL-GROCERY STORES,False
KRA,Materials,XLB,Chemicals,False
KRC,Real Estate,XLRE,REAL ESTATE INVESTMENT TRUSTS,False
KRE,ETF,KRE,,False
KREF,Real Estate,XLRE,REAL ESTATE INVESTMENT TRUSTS,False
KRG,Real Estate,XLRE,REAL ESTATE INVESTMENT TRUSTS,False
KRMN,Industrials,XLI,"AIRCRAFT PARTS & AUXILIARY EQUIPMENT, NEC",False
KRNY,Financials,XLF,"SAVINGS INSTITUTION, FEDERALLY CHARTERED",False
KROS,Health Care,XLV,PHARMACEUTICAL PREPARATIONS,False
KRP,Energy,XLE,CRUDE PETROLEUM & NATURAL GAS,False
KRRO,Health Care,XLV,PHARMACEUTICAL PREPARATIONS,False
KRT,Industrials,XLI,"PLASTICS PRODUCTS, NEC",False
KRUS,Consumer Discretionary,XLY,RETAIL-EATING PLACES,False
KRYS,Health Care,XLV,"BIOLOGICAL PRODUCTS, (NO DIAGNOSTIC SUBSTANCES)",False
KSPI,Financials,XLF,Consumer Finance,False
KSS,Consumer Discretionary,XLY,RETAIL-DEPARTMENT STORES,False
KTB,Consumer Discretionary,XLY,"MEN'S & BOYS' FURNISHGS, WORK CLOTHG, & ALLIED GARMENTS",False
KTOS,Industrials,XLI,GUIDED MISSILES & SPACE VEHICLES & PARTS,False
KURA,Health Care,XLV,PHARMACEUTICAL PREPARATIONS,False
KVHI,Information Technology,XLK,"COMMUNICATIONS SERVICES, NEC",False
KVUE,Consumer Staples,XLP,"PERFUMES, COSMETICS & OTHER TOILET PREPARATIONS",False
KVYO,Information Technology,XLK,SERVICES-PREPACKAGED SOFTWARE,False
KW,Real Estate,XLRE,REAL ESTATE,False
KWR,Materials,XLB,MISCELLANEOUS PRODUCTS OF PETROLEUM & COAL,False
KYMR,Health Care,XLV,"BIOLOGICAL PRODUCTS, (NO DIAGNOSTIC SUBSTANCES)",False
L,Financials,XLF,"FIRE, MARINE & CASUALTY INSURANCE",False
LAB,Health Care,XLV,LABORATORY ANALYTICAL INSTRUMENTS,False
LAC,Materials,XLB,METAL MINING,False
LAD,Consumer Discretionary,XLY,RETAIL-AUTO DEALERS & GASOLINE STATIONS,False
LADR,Real Estate,XLRE,REAL ESTATE INVESTMENT TRUSTS,False
LAES,Information Technology,XLK,Semiconductors & Semiconductor Equipment,False
LAMR,Real Estate,XLRE,REAL ESTATE INVESTMENT TRUSTS,False
LANC,Consumer Staples,XLP,Food Products,False
LAND,Real Estate,XLRE,REAL ESTATE INVESTMENT TRUSTS,False
LAR,Materials,XLB,Metals & Mining,False
LASE,Industrials,XLI,"MISCELLANEOUS ELECTRICAL MACHINERY, EQUIPMENT & SUPPLIES",False
LASR,Information Technology,XLK,SEMICONDUCTORS & RELATED DEVICES,False
LAUR,Consumer Staples,XLP,SERVICES-EDUCATIONAL SERVICES,False
LAW,Information Technology,XLK,SERVICES-PREPACKAGED SOFTWARE,False
LAZ,Financials,XLF,INVESTMENT ADVICE,False
LAZR,Information Technology,XLK,Auto Components,False
LBPH,Health Care,XLV,,False
LBRDA,Communication Services,XLC,CABLE & OTHER PAY TELEVISION SERVICES,False
LBRT,Energy,XLE,"OIL & GAS FIELD SERVICES, NEC",False
LBTYA,Communication Services,XLC,CABLE & OTHER PAY TELEVISION SERVICES,False
LC,Financials,XLF,PERSONAL CREDIT INSTITUTIONS,False
LCID,Consumer Discretionary,XLY,MOTOR VEHICLES & PASSENGER CAR BODIES,False
LCII,Consumer Discretionary,XLY,MOTOR VEHICLE PARTS & ACCESSORIES,False
LCUT,Consumer Discretionary,XLY,"CUTLERY, HANDTOOLS & GENERAL HARDWARE",False
LDI,Financials,XLF,FINANCE SERVICES,False
LDOS,Information Technology,XLK,SERVICES-COMPUTER INTEGRATED SYSTEMS DESIGN,False
LEA,Consumer Discretionary,XLY,MOTOR VEHICLE PARTS & ACCESSORIES,False
LECO,Industrials,XLI,METALWORKG MACHINERY & EQUIPMENT,False
LEG,Consumer Discretionary,XLY,HOUSEHOLD FURNITURE,False
LEGH,Consumer Discretionary,XLY,MOBILE HOMES,False
LEGN,Health Care,XLV,Biotechnology,False
LEN,Consumer Discretionary,XLY,GENERAL BLDG CONTRACTORS - RESIDENTIAL BLDGS,False
LENZ,Health Care,XLV,"BIOLOGICAL PRODUCTS, (NO DIAGNOSTIC SUBSTANCES)",False
LEU,Energy,XLE,MINING & QUARRYING OF NONMETALLIC MINERALS (NO FUELS),False
LEVI,Consumer Discretionary,XLY,APPAREL & OTHER FINISHD PRODS OF FABRICS & SIMILAR MATL,False
LEVL,Financials,XLF,Banks,False
LFG,Energy,XLE,"Oil, Gas & Consumable Fuels",False
LFST,Health Care,XLV,SERVICES-HEALTH SERVICES,False
LFUS,Information Technology,XLK,SWITCHGEAR & SWITCHBOARD APPARATUS,False
LGIH,Consumer Discretionary,XLY,OPERATIVE BUILDERS,False
LGND,Health Care,XLV,PHARMACEUTICAL PREPARATIONS,False
LH,Health Care,XLV,SERVICES-MEDICAL LABORATORIES,False
LHX,Industrials,XLI,"SEARCH, DETECTION, NAVIGATION, GUIDANCE, AERONAUTICAL SYS",False
LI,Consumer Discretionary,XLY,,False
LIF,Information Technology,XLK,SERVICES-COMPUTER PROCESSING & DATA PREPARATION,False
LII,Industrials,XLI,AIR-COND & WARM AIR HEATG EQUIP & COMM & INDL REFRIG EQUIP,False
LILA,Communication Services,XLC,CABLE & OTHER PAY TELEVISION SERVICES,False
LIN,Materials,XLB,INDUSTRIAL INORGANIC CHEMICALS,False
LINC,Consumer Staples,XLP,SERVICES-EDUCATIONAL SERVICES,False
LIND,Consumer Discretionary,XLY,TRANSPORTATION SERVICES,False
LINE,Energy,XLE,REAL ESTATE INVESTMENT TRUSTS,False
LINK,Information Technology,XLK,"COMPUTER PERIPHERAL EQUIPMENT, NEC",False
LION,Communication Services,XLC,SERVICES-MOTION PICTURE & VIDEO TAPE PRODUCTION,False
LITE,Information Technology,XLK,"COMMUNICATIONS EQUIPMENT, NEC",False
LIVN,Health Care,XLV,ELECTROMEDICAL & ELECTROTHERAPEUTIC APPARATUS,False
LKFN,Financials,XLF,STATE COMMERCIAL BANKS,False
LKQ,Consumer Discretionary,XLY,WHOLESALE-MOTOR VEHICLES & MOTOR VEHICLE PARTS & SUPPLIES,False
LLY,Health Care,XLV,PHARMACEUTICAL PREPARATIONS,False
LLYVA,Communication Services,XLC,,False
LMAT,Health Care,XLV,SURGICAL & MEDICAL INSTRUMENTS & APPARATUS,False
LMB,Industrials,XLI,CONSTRUCTION - SPECIAL TRADE CONTRACTORS,False
LMND,Financials,XLF,"FIRE, MARINE & CASUALTY INSURANCE",False
LMNR,Consumer Staples,XLP,,False
LMT,Industrials,XLI,GUIDED MISSILES & SPACE VEHICLES & PARTS,False
LNC,Financials,XLF,LIFE INSURANCE,False
LNG,Energy,XLE,NATURAL GAS DISTRIBUTION,False
LNN,Industrials,XLI,FARM MACHINERY & EQUIPMENT,False
LNT,Utilities,XLU,ELECTRIC & OTHER SERVICES COMBINED,False
LNTH,Health Care,XLV,IN VITRO & IN VIVO DIAGNOSTIC SUBSTANCES,False
LOAR,Industrials,XLI,"AIRCRAFT PARTS & AUXILIARY EQUIPMENT, NEC",False
LOB,Financials,XLF,STATE COMMERCIAL BANKS,False
LOCO,Consumer Discretionary,XLY,RETAIL-EATING PLACES,False
LOGI,Information Technology,XLK,"COMPUTER PERIPHERAL EQUIPMENT, NEC",False
LOPE,Consumer Staples,XLP,SERVICES-EDUCATIONAL SERVICES,False
LOVE,Consumer Discretionary,XLY,RETAIL-FURNITURE STORES,False
LOW,Consumer Discretionary,XLY,RETAIL-LUMBER & OTHER BUILDING MATERIALS DEALERS,False
LPAA,Financials,XLF,BLANK CHECKS,False
LPG,Energy,XLE,DEEP SEA FOREIGN TRANSPORTATION OF FREIGHT,False
LPLA,Financials,XLF,"SECURITY & COMMODITY BROKERS, DEALERS, EXCHANGES & SERVICES",False
LPRO,Financials,XLF,PERSONAL CREDIT INSTITUTIONS,False
LPTH,Information Technology,XLK,SEMICONDUCTORS & RELATED DEVICES,False
LPX,Industrials,XLI,LUMBER & WOOD PRODUCTS (NO FURNITURE),False
LQD,ETF,LQD,,False
LQDA,Health Care,XLV,PHARMACEUTICAL PREPARATIONS,False
LQDT,Industrials,XLI,"SERVICES-BUSINESS SERVICES, NEC",False
LRCX,Information Technology,XLK,"SPECIAL INDUSTRY MACHINERY, NEC",False
LRMR,Health Care,XLV,PHARMACEUTICAL PREPARATIONS,False
LRN,Consumer Staples,XLP,SERVICES-EDUCATIONAL SERVICES,False
LSCC,Information Technology,XLK,SEMICONDUCTORS & RELATED DEVICES,False
LSPD,Information Technology,XLK,,False
LSTR,Industrials,XLI,TRUCKING (NO LOCAL),False
LSYN,Information Technology,XLK,IT Services,False
LTBR,Energy,XLE,INDUSTRIAL INORGANIC CHEMICALS,False
LTC,Real Estate,XLRE,REAL ESTATE INVESTMENT TRUSTS,False
LTH,Consumer Discretionary,XLY,SERVICES-MEMBERSHIP SPORTS & RECREATION CLUBS,False
LTHM,Materials,XLB,Chemicals,False
LTM,Consumer Discretionary,XLY,,False
LULU,Information Technology,XLK,APPAREL & OTHER FINISHD PRODS OF FABRICS & SIMILAR MATL,False
LUMN,Communication Services,XLC,TELEPHONE COMMUNICATIONS (NO RADIOTELEPHONE),False
LUNG,Health Care,XLV,SURGICAL & MEDICAL INSTRUMENTS & APPARATUS,False
LUNR,Industrials,XLI,"SEARCH, DETECTION, NAVIGATION, GUIDANCE, AERONAUTICAL SYS",False
LUV,Industrials,XLI,"AIR TRANSPORTATION, SCHEDULED",False
LVOX,Information Technology,XLK,Software,False
LVS,Consumer Discretionary,XLY,HOTELS & MOTELS,False
LW,Consumer Staples,XLP,"CANNED, FROZEN & PRESERVD FRUIT, VEG & FOOD SPECIALTIES",False
LWAY,Consumer Staples,XLP,DAIRY PRODUCTS,False
LWLG,Information Technology,XLK,MISCELLANEOUS PLASTICS PRODUCTS,False
LXFR,Industrials,XLI,INDUSTRIAL INORGANIC CHEMICALS,False
LXP,Real Estate,XLRE,REAL ESTATE INVESTMENT TRUSTS,False
LXRX,Health Care,XLV,PHARMACEUTICAL PREPARATIONS,False
LXU,Materials,XLB,INDUSTRIAL INORGANIC CHEMICALS,False
LYB,Materials,XLB,INDUSTRIAL ORGANIC CHEMICALS,False
LYEL,Health Care,XLV,PHARMACEUTICAL PREPARATIONS,False
LYFT,Information Technology,XLK,"SERVICES-BUSINESS SERVICES, NEC",False
LYTS,Information Technology,XLK,ELECTRIC LIGHTING & WIRING EQUIPMENT,False
LYV,Communication Services,XLC,SERVICES-AMUSEMENT & RECREATION SERVICES,False
LZ,Industrials,XLI,SERVICES-COMPUTER PROCESSING & DATA PREPARATION,False
LZB,Consumer Discretionary,XLY,HOUSEHOLD FURNITURE,False
M,Consumer Discretionary,XLY,RETAIL-DEPARTMENT STORES,False
MA,Financials,XLF,"SERVICES-BUSINESS SERVICES, NEC",False
MAA,Real Estate,XLRE,REAL ESTATE INVESTMENT TRUSTS,False
MAC,Real Estate,XLRE,REAL ESTATE INVESTMENT TRUSTS,False
MAN,Industrials,XLI,SERVICES-HELP SUPPLY SERVICES,False
MANH,Information Technology,XLK,SERVICES-PREPACKAGED SOFTWARE,False
MANU,Communication Services,XLC,Entertainment,False
MAPS,Information Technology,XLK,SERVICES-PREPACKAGED SOFTWARE,False
MAR,Consumer Discretionary,XLY,HOTELS & MOTELS,False
MARA,Financials,XLF,FINANCE SERVICES,False
MAS,Industrials,XLI,"HEATING EQUIP, EXCEPT ELEC & WARM AIR; & PLUMBING FIXTURES",False
MASI,Health Care,XLV,ELECTROMEDICAL & ELECTROTHERAPEUTIC APPARATUS,False
MASS,Information Technology,XLK,"MEASURING & CONTROLLING DEVICES, NEC",False
MAT,Consumer Discretionary,XLY,DOLLS & STUFFED TOYS,False
MATV,Materials,XLB,PAPER MILLS,False
MATW,Industrials,XLI,NONFERROUS FOUNDRIES (CASTINGS),False
MATX,Industrials,XLI,WATER TRANSPORTATION,False
MAX,Communication Services,XLC,"SERVICES-BUSINESS SERVICES, NEC",False
MBAV,Financials,XLF,BLANK CHECKS,False
MBC,Consumer Discretionary,XLY,"WOOD HOUSEHOLD FURNITURE, (NO UPHOLSTERED)",False
MBCN,Financials,XLF,STATE COMMERCIAL BANKS,False
MBI,Financials,XLF,SURETY INSURANCE,False
MBIN,Financials,XLF,STATE COMMERCIAL BANKS,False
MBLY,Consumer Discretionary,XLY,SERVICES-PREPACKAGED SOFTWARE,False
MBUU,Consumer Discretionary,XLY,SHIP & BOAT BUILDING & REPAIRING,False
MBWM,Financials,XLF,STATE COMMERCIAL BANKS,False
MC,Financials,XLF,INVESTMENT ADVICE,False
MCAP,Information Technology,XLK,IT Services,False
MCB,Financials,XLF,STATE COMMERCIAL BANKS,False
MCBC,Financials,XLF,Banks,False
MCBS,Financials,XLF,STATE COMMERCIAL BANKS,False
MCD,Consumer Discretionary,XLY,RETAIL-EATING PLACES,False
MCFT,Consumer Discretionary,XLY,SHIP & BOAT BUILDING & REPAIRING,False
MCHB,Financials,XLF,STATE COMMERCIAL BANKS,False
MCHP,Information Technology,XLK,SEMICONDUCTORS & RELATED DEVICES,False
MCHX,Communication Services,XLC,"SERVICES-BUSINESS SERVICES, NEC",False
MCK,Health Care,XLV,"WHOLESALE-DRUGS, PROPRIETARIES & DRUGGISTS' SUNDRIES",False
MCO,Financials,XLF,"SERVICES-CONSUMER CREDIT REPORTING, COLLECTION AGENCIES",False
MCRB,Health Care,XLV,PHARMACEUTICAL PREPARATIONS,False
MCRI,Consumer Discretionary,XLY,HOTELS & MOTELS,False
MCS,Communication Services,XLC,SERVICES-MOTION PICTURE THEATERS,False
MCW,Consumer Discretionary,XLY,"SERVICES-AUTOMOTIVE REPAIR, SERVICES & PARKING",False
MCY,Financials,XLF,"FIRE, MARINE & CASUALTY INSURANCE",False
MD,Health Care,XLV,SERVICES-HOSPITALS,False
MDB,Information Technology,XLK,SERVICES-PREPACKAGED SOFTWARE,False
MDC,Consumer Discretionary,XLY,Household Durables,False
MDGL,Health Care,XLV,PHARMACEUTICAL PREPARATIONS,False
MDLZ,Consumer Staples,XLP,FOOD AND KINDRED PRODUCTS,False
MDT,Health Care,XLV,ELECTROMEDICAL & ELECTROTHERAPEUTIC APPARATUS,False
MDU,Materials,XLB,MINING & QUARRYING OF NONMETALLIC MINERALS (NO FUELS),False
MDXG,Health Care,XLV,SURGICAL & MEDICAL INSTRUMENTS & APPARATUS,False
MDY,ETF,MDY,,False
MEC,Industrials,XLI,METAL FORGINGS & STAMPINGS,False
MED,Consumer Discretionary,XLY,MISCELLANEOUS FOOD PREPARATIONS & KINDRED PRODUCTS,False
MEDP,Health Care,XLV,SERVICES-COMMERCIAL PHYSICAL & BIOLOGICAL RESEARCH,False
MEG,Industrials,XLI,SERVICES-MANAGEMENT CONSULTING SERVICES,False
MEI,Information Technology,XLK,ELECTRONIC CONNECTORS,False
MEKA,Financials,XLF,,False
MELI,Consumer Discretionary,XLY,"SERVICES-BUSINESS SERVICES, NEC",False
MESO,Health Care,XLV,,False
MET,Financials,XLF,LIFE INSURANCE,False
META,Information Technology,XLK,"SERVICES-COMPUTER PROGRAMMING, DATA PROCESSING, ETC.",False
METC,Materials,XLB,BITUMINOUS COAL & LIGNITE MINING,False
MFA,Real Estate,XLRE,REAL ESTATE INVESTMENT TRUSTS,False
MFH,Information Technology,XLK,Software,False
MFL,Financials,XLF,,False
MG,Industrials,XLI,SERVICES-ENGINEERING SERVICES,False
MGEE,Utilities,XLU,"ELECTRIC, GAS & SANITARY SERVICES",False
MGIC,Information Technology,XLK,Software,False
MGM,Consumer Discretionary,XLY,HOTELS & MOTELS,False
MGNI,Communication Services,XLC,"SERVICES-COMPUTER PROGRAMMING, DATA PROCESSING, ETC.",False
MGPI,Consumer Staples,XLP,"WHOLESALE-BEER, WINE & DISTILLED ALCOHOLIC BEVERAGES",False
MGRC,Industrials,XLI,"SERVICES-EQUIPMENT RENTAL & LEASING, NEC",False
MGTX,Health Care,XLV,"BIOLOGICAL PRODUCTS, (NO DIAGNOSTIC SUBSTANCES)",False
MGY,Energy,XLE,CRUDE PETROLEUM & NATURAL GAS,False
MHK,Consumer Discretionary,XLY,CARPETS & RUGS,False
MHO,Consumer Discretionary,XLY,OPERATIVE BUILDERS,False
MIDD,Industrials,XLI,REFRIGERATION & SERVICE INDUSTRY MACHINERY,False
MIR,Industrials,XLI,"MEASURING & CONTROLLING DEVICES, NEC",False
MIRM,Health Care,XLV,PHARMACEUTICAL PREPARATIONS,False
MIST,Health Care,XLV,PHARMACEUTICAL PREPARATIONS,False
MITK,Information Technology,XLK,"COMPUTER PERIPHERAL EQUIPMENT, NEC",False
MKC,Consumer Staples,XLP,MISCELLANEOUS FOOD PREPARATIONS & KINDRED PRODUCTS,False
MKL,Financials,XLF,"FIRE, MARINE & CASUALTY INSURANCE",False
MKSI,Information Technology,XLK,"INDUSTRIAL INSTRUMENTS FOR MEASUREMENT, DISPLAY, AND CONTROL",False
MKTX,Financials,XLF,"SECURITY BROKERS, DEALERS & FLOTATION COMPANIES",False
MKTY,Information Technology,XLK,"Electronic Equipment, Instruments & Components",False
MLAB,Information Technology,XLK,"INDUSTRIAL INSTRUMENTS FOR MEASUREMENT, DISPLAY, AND CONTROL",False
MLGO,Information Technology,XLK,SERVICES-COMPUTER PROGRAMMING SERVICES,False
MLI,Industrials,XLI,ROLLING DRAWING & EXTRUDING OF NONFERROUS METALS,False
MLKN,Consumer Discretionary,XLY,OFFICE FURNITURE,False
MLM,Materials,XLB,MINING & QUARRYING OF NONMETALLIC MINERALS (NO FUELS),False
MLNK,Information Technology,XLK,Software,False
MLR,Industrials,XLI,TRUCK & BUS BODIES,False
MLTX,Health Care,XLV,PHARMACEUTICAL PREPARATIONS,False
MLYS,Health Care,XLV,PHARMACEUTICAL PREPARATIONS,False
MMC,Financials,XLF,,False
MMI,Real Estate,XLRE,REAL ESTATE AGENTS & MANAGERS (FOR OTHERS),False
MMM,Industrials,XLI,SURGICAL & MEDICAL INSTRUMENTS & APPARATUS,False
MMS,Industrials,XLI,"SERVICES-BUSINESS SERVICES, NEC",False
MMSI,Health Care,XLV,SURGICAL & MEDICAL INSTRUMENTS & APPARATUS,False
MNDY,Information Technology,XLK,Software,False
MNKD,Health Care,XLV,PHARMACEUTICAL PREPARATIONS,False
MNMD,Health Care,XLV,,False
MNRL,Energy,XLE,"Oil, Gas & Consumable Fuels",False
MNRO,Consumer Discretionary,XLY,"SERVICES-AUTOMOTIVE REPAIR, SERVICES & PARKING",False
MNSO,Consumer Discretionary,XLY,Multiline Retail,False
MNST,Consumer Staples,XLP,BOTTLED & CANNED SOFT DRINKS & CARBONATED WATERS,False
MNTK,Utilities,XLU,GAS & OTHER SERVICES COMBINED,False
MO,Consumer Staples,XLP,CIGARETTES,False
MOBX,Information Technology,XLK,SEMICONDUCTORS & RELATED DEVICES,False
MOD,Consumer Discretionary,XLY,MOTOR VEHICLE PARTS & ACCESSORIES,False
MODG,Consumer Discretionary,XLY,Leisure Products,False
MODN,Information Technology,XLK,Software,False
MODV,Health Care,XLV,Health Care Providers & Services,False
MOFG,Financials,XLF,STATE COMMERCIAL BANKS,False
MOG.A,Industrials,XLI,MISC INDUSTRIAL & COMMERCIAL MACHINERY & EQUIPMENT,False
MOH,Health Care,XLV,HOSPITAL & MEDICAL SERVICE PLANS,False
MOMO,Communication Services,XLC,Interactive Media & Services,False
MORN,Financials,XLF,INVESTMENT ADVICE,False
MOS,Materials,XLB,AGRICULTURAL CHEMICALS,False
MOV,Consumer Discretionary,XLY,"WATCHES, CLOCKS, CLOCKWORK OPERATED DEVICES/PARTS",False
MP,Materials,XLB,METAL MINING,False
MPB,Financials,XLF,STATE COMMERCIAL BANKS,False
MPC,Energy,XLE,PETROLEUM REFINING,False
MPLX,Energy,XLE,PIPE LINES (NO NATURAL GAS),False
MPTI,Information Technology,XLK,"ELECTRONIC COMPONENTS, NEC",False
MPW,Real Estate,XLRE,Health Care REITs,False
MPWR,Information Technology,XLK,SEMICONDUCTORS & RELATED DEVICES,False
MPX,Consumer Discretionary,XLY,SHIP & BOAT BUILDING & REPAIRING,False
MQ,Information Technology,XLK,SERVICES-PREPACKAGED SOFTWARE,False
MRAM,Information Technology,XLK,SEMICONDUCTORS & RELATED DEVICES,False
MRC,Industrials,XLI,Trading Companies & Distributors,False
MRCY,Industrials,XLI,ELECTRONIC COMPONENTS & ACCESSORIES,False
MRDB,Information Technology,XLK,Software,False
MRK,Health Care,XLV,PHARMACEUTICAL PREPARATIONS,False
MRNA,Health Care,XLV,"BIOLOGICAL PRODUCTS, (NO DIAGNOSTIC SUBSTANCES)",False
MRP,Real Estate,XLRE,REAL ESTATE,False
MRTN,Industrials,XLI,TRUCKING (NO LOCAL),False
MRUS,Health Care,XLV,Biotechnology,False
MRVI,Health Care,XLV,PHARMACEUTICAL PREPARATIONS,False
MRVL,Information Technology,XLK,SEMICONDUCTORS & RELATED DEVICES,False
MRX,Financials,XLF,,False
MS,Financials,XLF,"SECURITY BROKERS, DEALERS & FLOTATION COMPANIES",False
MSA,Industrials,XLI,"ORTHOPEDIC, PROSTHETIC & SURGICAL APPLIANCES & SUPPLIES",False
MSBI,Financials,XLF,STATE COMMERCIAL BANKS,False
MSCI,Financials,XLF,"SERVICES-BUSINESS SERVICES, NEC",False
MSEX,Utilities,XLU,WATER SUPPLY,False
MSFT,Information Technology,XLK,SERVICES-PREPACKAGED SOFTWARE,False
MSGE,Communication Services,XLC,SERVICES-MISCELLANEOUS AMUSEMENT & RECREATION,False
MSGS,Communication Services,XLC,SERVICES-MISCELLANEOUS AMUSEMENT & RECREATION,False
MSI,Information Technology,XLK,RADIO & TV BROADCASTING & COMMUNICATIONS EQUIPMENT,False
MSIF,Financials,XLF,Capital Markets,False
MSM,Industrials,XLI,WHOLESALE-INDUSTRIAL MACHINERY & EQUIPMENT,False
MSTR,Information Technology,XLK,FINANCE SERVICES,False
MT,Materials,XLB,,False
MTB,Financials,XLF,STATE COMMERCIAL BANKS,False
MTCH,Communication Services,XLC,"SERVICES-COMPUTER PROGRAMMING, DATA PROCESSING, ETC.",False
MTD,Health Care,XLV,LABORATORY ANALYTICAL INSTRUMENTS,False
MTDR,Energy,XLE,CRUDE PETROLEUM & NATURAL GAS,False
MTG,Financials,XLF,SURETY INSURANCE,False
MTH,Consumer Discretionary,XLY,OPERATIVE BUILDERS,False
MTLS,Information Technology,XLK,Software,False
MTN,Consumer Discretionary,XLY,SERVICES-MISCELLANEOUS AMUSEMENT & RECREATION,False
MTRN,Materials,XLB,METAL FORGINGS & STAMPINGS,False
MTSI,Information Technology,XLK,SEMICONDUCTORS & RELATED DEVICES,False
MTUM,ETF,MTUM,,False
MTUS,Materials,XLB,"STEEL WORKS, BLAST FURNACES & ROLLING MILLS (COKE OVENS)",False
MTW,Industrials,XLI,CONSTRUCTION MACHINERY & EQUIP,False
MTX,Materials,XLB,INDUSTRIAL INORGANIC CHEMICALS,False
MTZ,Industrials,XLI,"WATER, SEWER, PIPELINE, COMM & POWER LINE CONSTRUCTION",False
MU,Information Technology,XLK,SEMICONDUCTORS & RELATED DEVICES,False
MUR,Energy,XLE,CRUDE PETROLEUM & NATURAL GAS,False
MUSA,Consumer Discretionary,XLY,RETAIL-AUTO DEALERS & GASOLINE STATIONS,False
MVBF,Financials,XLF,STATE COMMERCIAL BANKS,False
MVIS,Information Technology,XLK,"ELECTRONIC COMPONENTS, NEC",False
MVST,Industrials,XLI,"MISCELLANEOUS ELECTRICAL MACHINERY, EQUIPMENT & SUPPLIES",False
MWA,Industrials,XLI,MISCELLANEOUS FABRICATED METAL PRODUCTS,False
MX,Information Technology,XLK,SEMICONDUCTORS & RELATED DEVICES,False
MXCT,Health Care,XLV,SERVICES-COMMERCIAL PHYSICAL & BIOLOGICAL RESEARCH,False
MXL,Information Technology,XLK,SEMICONDUCTORS & RELATED DEVICES,False
MYE,Consumer Discretionary,XLY,"PLASTICS PRODUCTS, NEC",False
MYGN,Health Care,XLV,IN VITRO & IN VIVO DIAGNOSTIC SUBSTANCES,False
MYPS,Communication Services,XLC,SERVICES-PREPACKAGED SOFTWARE,False
MYRG,Industrials,XLI,"WATER, SEWER, PIPELINE, COMM & POWER LINE CONSTRUCTION",False
MZTI,Consumer Staples,XLP,"CANNED, FROZEN & PRESERVD FRUIT, VEG & FOOD SPECIALTIES",False
NABL,Information Technology,XLK,SERVICES-PREPACKAGED SOFTWARE,False
NAGE,Health Care,XLV,MEDICINAL CHEMICALS & BOTANICAL PRODUCTS,False
NAK,Materials,XLB,,False
NAN,Energy,XLE,"Oil, Gas & Consumable Fuels",False
NAPA,Consumer Staples,XLP,Beverages,False
NARI,Health Care,XLV,Health Care Equipment & Supplies,False
NAT,Energy,XLE,"Oil, Gas & Consumable Fuels",False
NATH,Consumer Discretionary,XLY,RETAIL-EATING PLACES,False
NATL,Information Technology,XLK,CALCULATING & ACCOUNTING MACHINES (NO ELECTRONIC COMPUTERS),False
NATR,Consumer Staples,XLP,PHARMACEUTICAL PREPARATIONS,False
NAUT,Health Care,XLV,LABORATORY ANALYTICAL INSTRUMENTS,False
NAVI,Financials,XLF,"SECURITY BROKERS, DEALERS & FLOTATION COMPANIES",False
NB,Materials,XLB,METAL MINING,False
NBBK,Financials,XLF,"SAVINGS INSTITUTIONS, NOT FEDERALLY CHARTERED",False
NBHC,Financials,XLF,NATIONAL COMMERCIAL BANKS,False
NBIS,Information Technology,XLK,Software,False
NBIX,Energy,XLE,"BIOLOGICAL PRODUCTS, (NO DIAGNOSTIC SUBSTANCES)",False
NBN,Financials,XLF,LUMBER & WOOD PRODUCTS (NO FURNITURE),False
NBR,Energy,XLE,DRILLING OIL & GAS WELLS,False
NBTB,Financials,XLF,NATIONAL COMMERCIAL BANKS,False
NC,Energy,XLE,BITUMINOUS COAL & LIGNITE SURFACE MINING,False
NCLH,Consumer Discretionary,XLY,WATER TRANSPORTATION,False
NCMI,Communication Services,XLC,SERVICES-ADVERTISING,False
NCNO,Information Technology,XLK,SERVICES-PREPACKAGED SOFTWARE,False
NCTY,Information Technology,XLK,Software,False
NDAQ,Financials,XLF,"SECURITY & COMMODITY BROKERS, DEALERS, EXCHANGES & SERVICES",False
NDSN,Industrials,XLI,"GENERAL INDUSTRIAL MACHINERY & EQUIPMENT, NEC",False
NE,Energy,XLE,DRILLING OIL & GAS WELLS,False
NECB,Financials,XLF,"SAVINGS INSTITUTIONS, NOT FEDERALLY CHARTERED",False
NEE,Power Generation,XLE,ELECTRIC SERVICES,True
NEM,Materials,XLB,GOLD AND SILVER ORES,False
NEO,Health Care,XLV,SERVICES-TESTING LABORATORIES,False
NEOG,Health Care,XLV,IN VITRO & IN VIVO DIAGNOSTIC SUBSTANCES,False
NEON,Information Technology,XLK,"ELECTRONIC COMPONENTS, NEC",False
NEP,Utilities,XLU,Independent Power and Renewable Electricity Producers,False
NESR,Energy,XLE,"OIL & GAS FIELD SERVICES, NEC",False
NET,Information Technology,XLK,SERVICES-PREPACKAGED SOFTWARE,False
NEU,Materials,XLB,INDUSTRIAL ORGANIC CHEMICALS,False
NEVE,Utilities,XLU,,False
NEWT,Financials,XLF,NATIONAL COMMERCIAL BANKS,False
NEXT,Energy,XLE,NATURAL GAS TRANSMISSION & DISTRIBUTION,False
NFBK,Financials,XLF,"SAVINGS INSTITUTION, FEDERALLY CHARTERED",False
NFE,Energy,XLE,NATURAL GAS DISTRIBUTION,False
NFG,Energy,XLE,NATURAL GAS DISTRIBUTION,False
NFLX,Information Technology,XLK,SERVICES-VIDEO TAPE RENTAL,False
NG,Materials,XLB,GOLD AND SILVER ORES,False
NGD,Materials,XLB,,False
NGG,Utilities,XLU,,False
NGL,Energy,XLE,NATURAL GAS TRANSMISSION,False
NGNE,Health Care,XLV,PHARMACEUTICAL PREPARATIONS,False
NGS,Energy,XLE,"OIL & GAS FIELD SERVICES, NEC",False
NGVC,Consumer Staples,XLP,RETAIL-GROCERY STORES,False
NGVT,Materials,XLB,CHEMICALS & ALLIED PRODUCTS,False
NHC,Health Care,XLV,SERVICES-SKILLED NURSING CARE FACILITIES,False
NHI,Real Estate,XLRE,REAL ESTATE INVESTMENT TRUSTS,False
NI,Utilities,XLU,ELECTRIC & OTHER SERVICES COMBINED,False
NIC,Financials,XLF,NATIONAL COMMERCIAL BANKS,False
NICE,Information Technology,XLK,,False
NIE,Financials,XLF,,False
NIO,Consumer Discretionary,XLY,Automobiles,False
NJR,Utilities,XLU,NATURAL GAS DISTRIBUTION,False
NKE,Consumer Discretionary,XLY,RUBBER & PLASTICS FOOTWEAR,False
NKLA,Industrials,XLI,,False
NKLR,Industrials,XLI,FABRICATED PLATE WORK (BOILER SHOPS),False
NKTX,Health Care,XLV,PHARMACEUTICAL PREPARATIONS,False
NL,Industrials,XLI,INDUSTRIAL INORGANIC CHEMICALS,False
NLOP,Real Estate,XLRE,REAL ESTATE INVESTMENT TRUSTS,False
NLST,Information Technology,XLK,"Electronic Equipment, Instruments & Components",False
NLY,Real Estate,XLRE,REAL ESTATE INVESTMENT TRUSTS,False
NMIH,Financials,XLF,SURETY INSURANCE,False
NMM,Industrials,XLI,,False
NMRA,Health Care,XLV,"BIOLOGICAL PRODUCTS, (NO DIAGNOSTIC SUBSTANCES)",False
NMRK,Real Estate,XLRE,FOREIGN GOVERNMENTS,False
NN,Information Technology,XLK,"SEARCH, DETECTION, NAVIGATION, GUIDANCE, AERONAUTICAL SYS",False
NNDM,Industrials,XLI,Machinery,False
NNE,Industrials,XLI,ELECTRIC SERVICES,False
NNI,Financials,XLF,PERSONAL CREDIT INSTITUTIONS,False
NNN,Real Estate,XLRE,REAL ESTATE INVESTMENT TRUSTS,False
NNOX,Health Care,XLV,Health Care Providers & Services,False
NOC,Industrials,XLI,"SEARCH, DETECTION, NAVIGATION, GUIDANCE, AERONAUTICAL SYS",False
NOG,Energy,XLE,CRUDE PETROLEUM & NATURAL GAS,False
NOK,Communication Services,XLC,,False
NOMD,Consumer Staples,XLP,Food Products,False
NOV,Energy,XLE,OIL & GAS FIELD MACHINERY & EQUIPMENT,False
NOVA,Utilities,XLU,,False
NOVT,Information Technology,XLK,"MISCELLANEOUS ELECTRICAL MACHINERY, EQUIPMENT & SUPPLIES",False
NOW,Information Technology,XLK,SERVICES-PREPACKAGED SOFTWARE,False
NPK,Industrials,XLI,"ORDNANCE & ACCESSORIES, (NO VEHICLES/GUIDED MISSILES)",False
NPKI,Industrials,XLI,SERVICES-MISCELLANEOUS EQUIPMENT RENTAL & LEASING,False
NPO,Industrials,XLI,"GASKETS, PACKG & SEALG DEVICES & RUBBER & PLASTICS HOSE",False
NPWR,Industrials,XLI,ELECTRICAL INDUSTRIAL APPARATUS,False
NRC,Health Care,XLV,SERVICES-COMMERCIAL PHYSICAL & BIOLOGICAL RESEARCH,False
NRDS,Financials,XLF,SERVICES-COMPUTER PROCESSING & DATA PREPARATION,False
NRG,Utilities,XLU,ELECTRIC SERVICES,False
NRGV,Industrials,XLI,"MISCELLANEOUS ELECTRICAL MACHINERY, EQUIPMENT & SUPPLIES",False
NRIM,Financials,XLF,"SAVINGS INSTITUTION, FEDERALLY CHARTERED",False
NRIX,Health Care,XLV,PHARMACEUTICAL PREPARATIONS,False
NRP,Energy,XLE,BITUMINOUS COAL & LIGNITE SURFACE MINING,False
NSA,Real Estate,XLRE,REAL ESTATE INVESTMENT TRUSTS,False
NSC,Industrials,XLI,"RAILROADS, LINE-HAUL OPERATING",False
NSIT,Information Technology,XLK,RETAIL-CATALOG & MAIL-ORDER HOUSES,False
NSP,Industrials,XLI,SERVICES-HELP SUPPLY SERVICES,False
NSSC,Information Technology,XLK,"COMMUNICATIONS EQUIPMENT, NEC",False
NTAP,Information Technology,XLK,COMPUTER STORAGE DEVICES,False
NTB,Financials,XLF,Banks,False
NTCT,Information Technology,XLK,SERVICES-COMPUTER INTEGRATED SYSTEMS DESIGN,False
NTGR,Information Technology,XLK,TELEPHONE & TELEGRAPH APPARATUS,False
NTLA,Health Care,XLV,IN VITRO & IN VIVO DIAGNOSTIC SUBSTANCES,False
NTNX,Information Technology,XLK,SERVICES-PREPACKAGED SOFTWARE,False
NTRA,Health Care,XLV,SERVICES-MEDICAL LABORATORIES,False
NTRS,Financials,XLF,STATE COMMERCIAL BANKS,False
NTST,Real Estate,XLRE,REAL ESTATE INVESTMENT TRUSTS,False
NTUS,Health Care,XLV,Health Care Equipment & Supplies,False
NU,Financials,XLF,Banks,False
NUAI,Energy,XLE,CRUDE PETROLEUM & NATURAL GAS,False
NUE,Materials,XLB,"STEEL WORKS, BLAST FURNACES & ROLLING MILLS (COKE OVENS)",False
NUS,Consumer Staples,XLP,"WHOLESALE-DRUGS, PROPRIETARIES & DRUGGISTS' SUNDRIES",False
NUVB,Health Care,XLV,PHARMACEUTICAL PREPARATIONS,False
NUVL,Health Care,XLV,PHARMACEUTICAL PREPARATIONS,False
NVAX,Health Care,XLV,"BIOLOGICAL PRODUCTS, (NO DIAGNOSTIC SUBSTANCES)",False
NVCR,Health Care,XLV,SURGICAL & MEDICAL INSTRUMENTS & APPARATUS,False
NVDA,Information Technology,XLK,SEMICONDUCTORS & RELATED DEVICES,False
NVEC,Information Technology,XLK,SEMICONDUCTORS & RELATED DEVICES,False
NVEE,Industrials,XLI,Professional Services,False
NVGS,Energy,XLE,"Oil, Gas & Consumable Fuels",False
NVMI,Information Technology,XLK,Semiconductors & Semiconductor Equipment,False
NVO,Health Care,XLV,,False
NVR,Consumer Discretionary,XLY,OPERATIVE BUILDERS,False
NVRI,Industrials,XLI,"SERVICES-SERVICES, NEC",False
NVS,Health Care,XLV,,False
NVST,Health Care,XLV,DENTAL EQUIPMENT & SUPPLIES,False
NVT,Industrials,XLI,SPECIAL INDUSTRY MACHINERY (NO METALWORKING MACHINERY),False
NVTS,Information Technology,XLK,SEMICONDUCTORS & RELATED DEVICES,False
NWBI,Financials,XLF,NATIONAL COMMERCIAL BANKS,False
NWE,Utilities,XLU,ELECTRIC & OTHER SERVICES COMBINED,False
NWL,Consumer Staples,XLP,"PLASTICS PRODUCTS, NEC",False
NWN,Utilities,XLU,NATURAL GAS DISTRIBUTION,False
NWPX,Industrials,XLI,STEEL PIPE & TUBES,False
NWSA,Communication Services,XLC,NEWSPAPERS: PUBLISHING OR PUBLISHING & PRINTING,False
NX,Industrials,XLI,ROLLING DRAWING & EXTRUDING OF NONFERROUS METALS,False
NXDR,Information Technology,XLK,"SERVICES-COMPUTER PROGRAMMING, DATA PROCESSING, ETC.",False
NXDT,Real Estate,XLRE,REAL ESTATE INVESTMENT TRUSTS,False
NXE,Energy,XLE,,False
NXPI,Information Technology,XLK,SEMICONDUCTORS & RELATED DEVICES,False
NXRT,Real Estate,XLRE,REAL ESTATE INVESTMENT TRUSTS,False
NXST,Communication Services,XLC,TELEVISION BROADCASTING STATIONS,False
NXT,Information Technology,XLK,"SEARCH, DETECTION, NAVIGATION, GUIDANCE, AERONAUTICAL SYS",False
NYCB,Financials,XLF,Banks,False
NYT,Communication Services,XLC,NEWSPAPERS: PUBLISHING OR PUBLISHING & PRINTING,False
O,Real Estate,XLRE,REAL ESTATE INVESTMENT TRUSTS,False
OABI,Health Care,XLV,SERVICES-COMMERCIAL PHYSICAL & BIOLOGICAL RESEARCH,False
OAK,Financials,XLF,,False
OBDC,Financials,XLF,Capital Markets,False
OBK,Financials,XLF,STATE COMMERCIAL BANKS,False
OBT,Financials,XLF,STATE COMMERCIAL BANKS,False
OC,Industrials,XLI,"ABRASIVE, ASBESTOS & MISC NONMETALLIC MINERAL PRODS",False
OCFC,Financials,XLF,NATIONAL COMMERCIAL BANKS,False
OCFT,Information Technology,XLK,Software,False
OCGN,Health Care,XLV,"BIOLOGICAL PRODUCTS, (NO DIAGNOSTIC SUBSTANCES)",False
OCSL,Financials,XLF,Capital Markets,False
OCUL,Health Care,XLV,PHARMACEUTICAL PREPARATIONS,False
ODC,Materials,XLB,MISCELLANEOUS MANUFACTURING INDUSTRIES,False
ODFL,Industrials,XLI,TRUCKING (NO LOCAL),False
ODP,Consumer Discretionary,XLY,Specialty Retail,False
OEC,Materials,XLB,MISCELLANEOUS CHEMICAL PRODUCTS,False
OFC,Real Estate,XLRE,,False
OFG,Financials,XLF,STATE COMMERCIAL BANKS,False
OFIX,Health Care,XLV,SURGICAL & MEDICAL INSTRUMENTS & APPARATUS,False
OFLX,Industrials,XLI,"HEATING EQUIP, EXCEPT ELEC & WARM AIR; & PLUMBING FIXTURES",False
OGE,Utilities,XLU,ELECTRIC SERVICES,False
OGN,Health Care,XLV,PHARMACEUTICAL PREPARATIONS,False
OGNG,Utilities,XLU,,False
OGS,Utilities,XLU,NATURAL GAS DISTRIBUTION,False
OHI,Real Estate,XLRE,REAL ESTATE INVESTMENT TRUSTS,False
OI,Consumer Discretionary,XLY,GLASS CONTAINERS,False
OIH,ETF,OIH,,False
OII,Energy,XLE,"OIL & GAS FIELD SERVICES, NEC",False
OIS,Energy,XLE,OIL & GAS FIELD MACHINERY & EQUIPMENT,False
OKE,Energy,XLE,NATURAL GAS TRANSMISSION & DISTRIBUTION,False
OKLO,Utilities,XLU,ELECTRIC SERVICES,False
OKTA,Information Technology,XLK,SERVICES-PREPACKAGED SOFTWARE,False
OLED,Information Technology,XLK,ELECTRONIC COMPONENTS & ACCESSORIES,False
OLLI,Consumer Staples,XLP,RETAIL-VARIETY STORES,False
OLMA,Health Care,XLV,PHARMACEUTICAL PREPARATIONS,False
OLN,Materials,XLB,CHEMICALS & ALLIED PRODUCTS,False
OLO,Information Technology,XLK,Software,False
OLP,Real Estate,XLRE,REAL ESTATE INVESTMENT TRUSTS,False
OLPX,Consumer Discretionary,XLY,"PERFUMES, COSMETICS & OTHER TOILET PREPARATIONS",False
OMC,Communication Services,XLC,SERVICES-ADVERTISING AGENCIES,False
OMCL,Health Care,XLV,ELECTRONIC COMPUTERS,False
OMER,Health Care,XLV,PHARMACEUTICAL PREPARATIONS,False
OMEX,Industrials,XLI,WATER TRANSPORTATION,False
OMF,Financials,XLF,PERSONAL CREDIT INSTITUTIONS,False
OMI,Health Care,XLV,,False
ON,Information Technology,XLK,SEMICONDUCTORS & RELATED DEVICES,False
ONB,Financials,XLF,NATIONAL COMMERCIAL BANKS,False
ONDS,Information Technology,XLK,RADIO & TV BROADCASTING & COMMUNICATIONS EQUIPMENT,False
ONEW,Consumer Discretionary,XLY,RETAIL-AUTO & HOME SUPPLY STORES,False
ONIT,Financials,XLF,MORTGAGE BANKERS & LOAN CORRESPONDENTS,False
ONON,Consumer Discretionary,XLY,"Textiles, Apparel & Luxury Goods",False
ONTF,Information Technology,XLK,SERVICES-PREPACKAGED SOFTWARE,False
ONTO,Information Technology,XLK,"MEASURING & CONTROLLING DEVICES, NEC",False
OOMA,Communication Services,XLC,SERVICES-COMPUTER PROCESSING & DATA PREPARATION,False
OPAL,Energy,XLE,GAS & OTHER SERVICES COMBINED,False
OPCH,Health Care,XLV,SERVICES-HOME HEALTH CARE SERVICES,False
OPEN,Real Estate,XLRE,REAL ESTATE AGENTS & MANAGERS (FOR OTHERS),False
OPK,Health Care,XLV,PHARMACEUTICAL PREPARATIONS,False
OPRA,Information Technology,XLK,Software,False
OPRX,Health Care,XLV,"SERVICES-BUSINESS SERVICES, NEC",False
OPTT,Industrials,XLI,ELECTRIC SERVICES,False
ORA,Utilities,XLU,ELECTRIC SERVICES,False
ORBS,Materials,XLB,SHORT-TERM BUSINESS CREDIT INSTITUTIONS,False
ORC,Real Estate,XLRE,REAL ESTATE INVESTMENT TRUSTS,False
ORCC,Financials,XLF,Capital Markets,False
ORCL,Information Technology,XLK,SERVICES-PREPACKAGED SOFTWARE,False
ORGO,Health Care,XLV,PHARMACEUTICAL PREPARATIONS,False
ORI,Financials,XLF,SURETY INSURANCE,False
ORIC,Health Care,XLV,PHARMACEUTICAL PREPARATIONS,False
ORLA,Materials,XLB,,False
ORLY,Consumer Discretionary,XLY,RETAIL-AUTO & HOME SUPPLY STORES,False
ORRF,Financials,XLF,STATE COMMERCIAL BANKS,False
OS,Information Technology,XLK,SERVICES-PREPACKAGED SOFTWARE,False
OSBC,Financials,XLF,STATE COMMERCIAL BANKS,False
OSCR,Health Care,XLV,HOSPITAL & MEDICAL SERVICE PLANS,False
OSG,Energy,XLE,SURETY INSURANCE,False
OSIS,Information Technology,XLK,SEMICONDUCTORS & RELATED DEVICES,False
OSK,Industrials,XLI,MOTOR VEHICLES & PASSENGER CAR BODIES,False
OSPN,Information Technology,XLK,SERVICES-COMPUTER INTEGRATED SYSTEMS DESIGN,False
OST,Information Technology,XLK,"Electronic Equipment, Instruments & Components",False
OSUR,Health Care,XLV,SURGICAL & MEDICAL INSTRUMENTS & APPARATUS,False
OSW,Consumer Discretionary,XLY,SERVICES-MEMBERSHIP SPORTS & RECREATION CLUBS,False
OTEX,Information Technology,XLK,SERVICES-COMPUTER INTEGRATED SYSTEMS DESIGN,False
OTIS,Industrials,XLI,ELECTRONIC & OTHER ELECTRICAL EQUIPMENT (NO COMPUTER EQUIP),False
OTLK,Health Care,XLV,"BIOLOGICAL PRODUCTS, (NO DIAGNOSTIC SUBSTANCES)",False
OTTR,Utilities,XLU,ELECTRIC SERVICES,False
OUST,Energy,XLE,"GENERAL INDUSTRIAL MACHINERY & EQUIPMENT, NEC",False
OUT,Real Estate,XLRE,REAL ESTATE INVESTMENT TRUSTS,False
OVV,Energy,XLE,CRUDE PETROLEUM & NATURAL GAS,False
OWL,Financials,XLF,INVESTMENT ADVICE,False
OXM,Consumer Discretionary,XLY,"MEN'S & BOYS' FURNISHGS, WORK CLOTHG, & ALLIED GARMENTS",False
OXY,Energy,XLE,CRUDE PETROLEUM & NATURAL GAS,False
OZK,Financials,XLF,,False
PAA,Energy,XLE,PIPE LINES (NO NATURAL GAS),False
PAAS,Materials,XLB,,False
PACB,Health Care,XLV,LABORATORY ANALYTICAL INSTRUMENTS,False
PACK,Consumer Discretionary,XLY,CONVERTED PAPER & PAPERBOARD PRODS (NO CONTANERS/BOXES),False
PACS,Health Care,XLV,SERVICES-SKILLED NURSING CARE FACILITIES,False
PAG,Consumer Discretionary,XLY,RETAIL-AUTO DEALERS & GASOLINE STATIONS,False
PAGP,Energy,XLE,PIPE LINES (NO NATURAL GAS),False
PAGS,Information Technology,XLK,Financial Services,False
PAHC,Health Care,XLV,PHARMACEUTICAL PREPARATIONS,False
PANL,Industrials,XLI,DEEP SEA FOREIGN TRANSPORTATION OF FREIGHT,False
PANW,Information Technology,XLK,"COMPUTER PERIPHERAL EQUIPMENT, NEC",False
PAR,Information Technology,XLK,CALCULATING & ACCOUNTING MACHINES (NO ELECTRONIC COMPUTERS),False
PARA,Communication Services,XLC,Media,False
PARR,Energy,XLE,CRUDE PETROLEUM & NATURAL GAS,False
PATH,Information Technology,XLK,SERVICES-PREPACKAGED SOFTWARE,False
PATK,Consumer Discretionary,XLY,MOTOR VEHICLE PARTS & ACCESSORIES,False
PAX,Financials,XLF,,False
PAY,Financials,XLF,"SERVICES-BUSINESS SERVICES, NEC",False
PAYC,Industrials,XLI,SERVICES-PREPACKAGED SOFTWARE,False
PAYO,Information Technology,XLK,"SERVICES-BUSINESS SERVICES, NEC",False
PAYS,Industrials,XLI,"SERVICES-BUSINESS SERVICES, NEC",False
PAYX,Information Technology,XLK,"SERVICES-ENGINEERING, ACCOUNTING, RESEARCH, MANAGEMENT",False
PB,Financials,XLF,STATE COMMERCIAL BANKS,False
PBF,Energy,XLE,PETROLEUM REFINING,False
PBFS,Financials,XLF,"SAVINGS INSTITUTIONS, NOT FEDERALLY CHARTERED",False
PBH,Health Care,XLV,PHARMACEUTICAL PREPARATIONS,False
PBI,Industrials,XLI,"OFFICE MACHINES, NEC",False
PBR,Energy,XLE,,False
PBT,Energy,XLE,OIL ROYALTY TRADERS,False
PBYI,Health Care,XLV,PHARMACEUTICAL PREPARATIONS,False
PCAR,Industrials,XLI,MOTOR VEHICLES & PASSENGER CAR BODIES,False
PCB,Financials,XLF,STATE COMMERCIAL BANKS,False
PCG,Utilities,XLU,ELECTRIC & OTHER SERVICES COMBINED,False
PCH,Real Estate,XLRE,,False
PCOR,Information Technology,XLK,SERVICES-PREPACKAGED SOFTWARE,False
PCRX,Health Care,XLV,PHARMACEUTICAL PREPARATIONS,False
PCT,Industrials,XLI,"PLASTIC MATERIALS, SYNTH RESINS & NONVULCAN ELASTOMERS",False
PCTY,Industrials,XLI,SERVICES-PREPACKAGED SOFTWARE,False
PCVX,Health Care,XLV,"BIOLOGICAL PRODUCTS, (NO DIAGNOSTIC SUBSTANCES)",False
PCYG,Information Technology,XLK,Software,False
PCYO,Utilities,XLU,WATER SUPPLY,False
PD,Information Technology,XLK,SERVICES-PREPACKAGED SOFTWARE,False
PDCO,Health Care,XLV,,False
PDD,Consumer Discretionary,XLY,Broadline Retail,False
PDFS,Information Technology,XLK,SERVICES-PREPACKAGED SOFTWARE,False
PDLB,Financials,XLF,"SAVINGS INSTITUTION, FEDERALLY CHARTERED",False
PDM,Real Estate,XLRE,OPERATORS OF NONRESIDENTIAL BUILDINGS,False
PEB,Real Estate,XLRE,REAL ESTATE INVESTMENT TRUSTS,False
PEBO,Financials,XLF,STATE COMMERCIAL BANKS,False
PECO,Real Estate,XLRE,REAL ESTATE INVESTMENT TRUSTS,False
PEG,Utilities,XLU,ELECTRIC & OTHER SERVICES COMBINED,False
PEGA,Information Technology,XLK,SERVICES-COMPUTER PROCESSING & DATA PREPARATION,False
PEN,Health Care,XLV,SURGICAL & MEDICAL INSTRUMENTS & APPARATUS,False
PENG,Information Technology,XLK,SEMICONDUCTORS & RELATED DEVICES,False
PENN,Consumer Discretionary,XLY,HOTELS & MOTELS,False
PEP,Consumer Staples,XLP,BEVERAGES,False
PEPG,Health Care,XLV,PHARMACEUTICAL PREPARATIONS,False
PERF,Information Technology,XLK,Software,False
PFBC,Financials,XLF,Banks,False
PFE,Health Care,XLV,PHARMACEUTICAL PREPARATIONS,False
PFG,Financials,XLF,ACCIDENT & HEALTH INSURANCE,False
PFGC,Consumer Staples,XLP,"WHOLESALE-GROCERIES, GENERAL LINE",False
PFHD,Financials,XLF,Banks,False
PFIS,Financials,XLF,NATIONAL COMMERCIAL BANKS,False
PFS,Financials,XLF,"SAVINGS INSTITUTION, FEDERALLY CHARTERED",False
PFSI,Financials,XLF,MORTGAGE BANKERS & LOAN CORRESPONDENTS,False
PG,Consumer Staples,XLP,"SOAP, DETERGENTS, CLEANG PREPARATIONS, PERFUMES, COSMETICS",False
PGC,Financials,XLF,"COMMERCIAL BANKS, NEC",False
PGEN,Health Care,XLV,PHARMACEUTICAL PREPARATIONS,False
PGLO,Utilities,XLU,,False
PGLOD,Utilities,XLU,,False
PGNY,Health Care,XLV,"SERVICES-MISC HEALTH & ALLIED SERVICES, NEC",False
PGR,Financials,XLF,"FIRE, MARINE & CASUALTY INSURANCE",False
PGRE,Real Estate,XLRE,,False
PGY,Energy,XLE,FINANCE SERVICES,False
PH,Industrials,XLI,MISCELLANEOUS FABRICATED METAL PRODUCTS,False
PHAT,Health Care,XLV,PHARMACEUTICAL PREPARATIONS,False
PHIN,Consumer Discretionary,XLY,MOTOR VEHICLE PARTS & ACCESSORIES,False
PHM,Consumer Discretionary,XLY,OPERATIVE BUILDERS,False
PHR,Health Care,XLV,"SERVICES-BUSINESS SERVICES, NEC",False
PI,Information Technology,XLK,"ELECTRONIC COMPONENTS, NEC",False
PII,Consumer Discretionary,XLY,MISCELLANEOUS TRANSPORTATION EQUIPMENT,False
PINC,Health Care,XLV,Health Care Providers & Services,False
PINS,Communication Services,XLC,"SERVICES-COMPUTER PROGRAMMING, DATA PROCESSING, ETC.",False
PIPR,Financials,XLF,"SECURITY BROKERS, DEALERS & FLOTATION COMPANIES",False
PJT,Financials,XLF,INVESTMENT ADVICE,False
PK,Real Estate,XLRE,HOTELS & MOTELS,False
PKE,Industrials,XLI,"AIRCRAFT PARTS & AUXILIARY EQUIPMENT, NEC",False
PKG,Consumer Discretionary,XLY,PAPERBOARD CONTAINERS & BOXES,False
PKI,Health Care,XLV,,False
PKO,Financials,XLF,,False
PKST,Real Estate,XLRE,REAL ESTATE INVESTMENT TRUSTS,False
PL,Industrials,XLI,RADIO & TV BROADCASTING & COMMUNICATIONS EQUIPMENT,False
PLAB,Information Technology,XLK,SEMICONDUCTORS & RELATED DEVICES,False
PLAY,Consumer Discretionary,XLY,RETAIL-EATING PLACES,False
PLD,Real Estate,XLRE,REAL ESTATE INVESTMENT TRUSTS,False
PLG,Materials,XLB,,False
PLMR,Financials,XLF,"FIRE, MARINE & CASUALTY INSURANCE",False
PLNT,Consumer Discretionary,XLY,SERVICES-MEMBERSHIP SPORTS & RECREATION CLUBS,False
PLOW,Industrials,XLI,CONSTRUCTION MACHINERY & EQUIP,False
PLPC,Industrials,XLI,"WATER, SEWER, PIPELINE, COMM & POWER LINE CONSTRUCTION",False
PLSE,Health Care,XLV,SURGICAL & MEDICAL INSTRUMENTS & APPARATUS,False
PLTK,Communication Services,XLC,SERVICES-COMPUTER PROCESSING & DATA PREPARATION,False
PLTR,Information Technology,XLK,SERVICES-PREPACKAGED SOFTWARE,False
PLUG,Industrials,XLI,ELECTRICAL INDUSTRIAL APPARATUS,False
PLUS,Information Technology,XLK,WHOLESALE-COMPUTERS & PERIPHERAL EQUIPMENT & SOFTWARE,False
PLXS,Information Technology,XLK,PRINTED CIRCUIT BOARDS,False
PLYM,Real Estate,XLRE,,False
PM,Consumer Staples,XLP,CIGARETTES,False
PMT,Real Estate,XLRE,REAL ESTATE INVESTMENT TRUSTS,False
PMTS,Information Technology,XLK,COMMERCIAL PRINTING,False
PNC,Financials,XLF,NATIONAL COMMERCIAL BANKS,False
PNFP,Financials,XLF,,False
PNM,Utilities,XLU,Electric Utilities,False
PNR,Industrials,XLI,SPECIAL INDUSTRY MACHINERY (NO METALWORKING MACHINERY),False
PNRG,Energy,XLE,CRUDE PETROLEUM & NATURAL GAS,False
PNT,Health Care,XLV,Biotechnology,False
PNTG,Health Care,XLV,SERVICES-HEALTH SERVICES,False
PNTM,Financials,XLF,,False
PNW,Utilities,XLU,ELECTRIC SERVICES,False
PODD,Health Care,XLV,SURGICAL & MEDICAL INSTRUMENTS & APPARATUS,False
POET,Information Technology,XLK,Semiconductors & Semiconductor Equipment,False
POLY,Information Technology,XLK,Communications Equipment,False
PONY,Information Technology,XLK,Software,False
POOL,Consumer Discretionary,XLY,WHOLESALE-MISC DURABLE GOODS,False
POR,Utilities,XLU,ELECTRIC SERVICES,False
POST,Consumer Staples,XLP,GRAIN MILL PRODUCTS,False
POWI,Information Technology,XLK,SEMICONDUCTORS & RELATED DEVICES,False
POWL,Industrials,XLI,SWITCHGEAR & SWITCHBOARD APPARATUS,False
POWW,Industrials,XLI,"ORDNANCE & ACCESSORIES, (NO VEHICLES/GUIDED MISSILES)",False
PPC,Consumer Staples,XLP,POULTRY SLAUGHTERING AND PROCESSING,False
PPG,Materials,XLB,"PAINTS, VARNISHES, LACQUERS, ENAMELS & ALLIED PRODS",False
PPL,Utilities,XLU,ELECTRIC SERVICES,False
PPTA,Materials,XLB,GOLD AND SILVER ORES,False
PPWLO,Utilities,XLU,,False
PR,Energy,XLE,CRUDE PETROLEUM & NATURAL GAS,False
PRA,Financials,XLF,"FIRE, MARINE & CASUALTY INSURANCE",False
PRAA,Financials,XLF,SHORT-TERM BUSINESS CREDIT INSTITUTIONS,False
PRAX,Health Care,XLV,PHARMACEUTICAL PREPARATIONS,False
PRCH,Information Technology,XLK,SERVICES-PREPACKAGED SOFTWARE,False
PRCT,Health Care,XLV,SURGICAL & MEDICAL INSTRUMENTS & APPARATUS,False
PRDO,Consumer Staples,XLP,SERVICES-EDUCATIONAL SERVICES,False
PRG,Industrials,XLI,"SERVICES-EQUIPMENT RENTAL & LEASING, NEC",False
PRGO,Health Care,XLV,PHARMACEUTICAL PREPARATIONS,False
PRGS,Information Technology,XLK,SERVICES-PREPACKAGED SOFTWARE,False
PRI,Financials,XLF,LIFE INSURANCE,False
PRIM,Industrials,XLI,"WATER, SEWER, PIPELINE, COMM & POWER LINE CONSTRUCTION",False
PRK,Financials,XLF,NATIONAL COMMERCIAL BANKS,False
PRKS,Consumer Discretionary,XLY,SERVICES-MISCELLANEOUS AMUSEMENT & RECREATION,False
PRLB,Industrials,XLI,FABRICATED STRUCTURAL METAL PRODUCTS,False
PRM,Materials,XLB,CHEMICALS & ALLIED PRODUCTS,False
PRMB,Consumer Staples,XLP,BEVERAGES,False
PRME,Health Care,XLV,"BIOLOGICAL PRODUCTS, (NO DIAGNOSTIC SUBSTANCES)",False
PRSU,Communication Services,XLC,SERVICES-MISCELLANEOUS AMUSEMENT & RECREATION,False
PRTA,Health Care,XLV,PHARMACEUTICAL PREPARATIONS,False
PRTH,Information Technology,XLK,"SERVICES-BUSINESS SERVICES, NEC",False
PRU,Financials,XLF,LIFE INSURANCE,False
PRVA,Health Care,XLV,SERVICES-HEALTH SERVICES,False
PSA,Real Estate,XLRE,REAL ESTATE INVESTMENT TRUSTS,False
PSFE,Information Technology,XLK,,False
PSKY,Communication Services,XLC,TELEVISION BROADCASTING STATIONS,False
PSMT,Consumer Staples,XLP,RETAIL-VARIETY STORES,False
PSN,Industrials,XLI,SERVICES-COMPUTER INTEGRATED SYSTEMS DESIGN,False
PSPC,Financials,XLF,,False
PSPW,Utilities,XLU,,False
PSTG,Information Technology,XLK,COMPUTER STORAGE DEVICES,False
PSTL,Real Estate,XLRE,REAL ESTATE INVESTMENT TRUSTS,False
PSWW,Utilities,XLU,,False
PSX,Energy,XLE,PETROLEUM REFINING,False
PTC,Information Technology,XLK,SERVICES-PREPACKAGED SOFTWARE,False
PTCT,Health Care,XLV,PHARMACEUTICAL PREPARATIONS,False
PTEN,Energy,XLE,DRILLING OIL & GAS WELLS,False
PTGX,Health Care,XLV,PHARMACEUTICAL PREPARATIONS,False
PTLO,Consumer Discretionary,XLY,RETAIL-EATING PLACES,False
PTON,Consumer Discretionary,XLY,"SPORTING & ATHLETIC GOODS, NEC",False
PUBM,Information Technology,XLK,"SERVICES-COMPUTER PROGRAMMING, DATA PROCESSING, ETC.",False
PUMP,Energy,XLE,"OIL & GAS FIELD SERVICES, NEC",False
PVH,Consumer Discretionary,XLY,"MEN'S & BOYS' FURNISHGS, WORK CLOTHG, & ALLIED GARMENTS",False
PWCO,Utilities,XLU,,False
PWFL,Information Technology,XLK,"Electronic Equipment, Instruments & Components",False
PWOD,Financials,XLF,Banks,False
PWP,Financials,XLF,FINANCE SERVICES,False
PWR,Industrials,XLI,ELECTRICAL WORK,False
PX,Financials,XLF,,False
PYPL,Financials,XLF,"SERVICES-BUSINESS SERVICES, NEC",False
PYXS,Health Care,XLV,PHARMACEUTICAL PREPARATIONS,False
PZZA,Consumer Discretionary,XLY,RETAIL-EATING PLACES,False
QBTS,Information Technology,XLK,SERVICES-COMPUTER PROCESSING & DATA PREPARATION,False
QCOM,Information Technology,XLK,RADIO & TV BROADCASTING & COMMUNICATIONS EQUIPMENT,False
QCRH,Financials,XLF,STATE COMMERCIAL BANKS,False
QDEL,Health Care,XLV,IN VITRO & IN VIVO DIAGNOSTIC SUBSTANCES,False
QGEN,Health Care,XLV,Life Sciences Tools & Services,False
QLYS,Information Technology,XLK,SERVICES-PREPACKAGED SOFTWARE,False
QNST,Communication Services,XLC,"SERVICES-BUSINESS SERVICES, NEC",False
QQQ,ETF,QQQ,,False
QRVO,Information Technology,XLK,SEMICONDUCTORS & RELATED DEVICES,False
QS,Consumer Discretionary,XLY,"MISCELLANEOUS ELECTRICAL MACHINERY, EQUIPMENT & SUPPLIES",False
QSG,Consumer Discretionary,XLY,,False
QSI,Health Care,XLV,"MEASURING & CONTROLLING DEVICES, NEC",False
QSR,Consumer Discretionary,XLY,RETAIL-EATING PLACES,False
QTRX,Health Care,XLV,LABORATORY ANALYTICAL INSTRUMENTS,False
QTWO,Information Technology,XLK,SERVICES-PREPACKAGED SOFTWARE,False
QUAL,ETF,QUAL,,False
QUBT,Information Technology,XLK,SERVICES-PREPACKAGED SOFTWARE,False
QUIK,Information Technology,XLK,SEMICONDUCTORS & RELATED DEVICES,False
QURE,Health Care,XLV,PHARMACEUTICAL PREPARATIONS,False
QWTR,Utilities,XLU,,False
QXO,Information Technology,XLK,WHOLESALE-LUMBER & OTHER CONSTRUCTION MATERIALS,False
R,Industrials,XLI,SERVICES-AUTO RENTAL & LEASING (NO DRIVERS),False
RAL,Industrials,XLI,"INDUSTRIAL INSTRUMENTS FOR MEASUREMENT, DISPLAY, AND CONTROL",False
RAMP,Information Technology,XLK,SERVICES-COMPUTER PROCESSING & DATA PREPARATION,False
RARE,Health Care,XLV,PHARMACEUTICAL PREPARATIONS,False
RBA,Industrials,XLI,"SERVICES-BUSINESS SERVICES, NEC",False
RBB,Financials,XLF,STATE COMMERCIAL BANKS,False
RBBN,Information Technology,XLK,SERVICES-COMPUTER INTEGRATED SYSTEMS DESIGN,False
RBC,Industrials,XLI,BALL & ROLLER BEARINGS,False
RBCAA,Financials,XLF,STATE COMMERCIAL BANKS,False
RBLX,Communication Services,XLC,SERVICES-PREPACKAGED SOFTWARE,False
RBNC,Financials,XLF,Banks,False
RBOT,Health Care,XLV,"ORTHOPEDIC, PROSTHETIC & SURGICAL APPLIANCES & SUPPLIES",False
RBRK,Information Technology,XLK,SERVICES-PREPACKAGED SOFTWARE,False
RC,Real Estate,XLRE,REAL ESTATE INVESTMENT TRUSTS,False
RCAT,Information Technology,XLK,SERVICES-PREPACKAGED SOFTWARE,False
RCEL,Health Care,XLV,SURGICAL & MEDICAL INSTRUMENTS & APPARATUS,False
RCKT,Health Care,XLV,PHARMACEUTICAL PREPARATIONS,False
RCL,Consumer Discretionary,XLY,WATER TRANSPORTATION,False
RCUS,Health Care,XLV,PHARMACEUTICAL PREPARATIONS,False
RDCM,Information Technology,XLK,Software,False
RDDT,Communication Services,XLC,SERVICES-COMPUTER PROCESSING & DATA PREPARATION,False
RDFN,Real Estate,XLRE,Real Estate Management & Development,False
RDN,Financials,XLF,SURETY INSURANCE,False
RDNT,Health Care,XLV,SERVICES-MEDICAL LABORATORIES,False
RDVT,Information Technology,XLK,SERVICES-PREPACKAGED SOFTWARE,False
RDW,Industrials,XLI,GUIDED MISSILES & SPACE VEHICLES & PARTS,False
RDWR,Information Technology,XLK,Communications Equipment,False
RE,Financials,XLF,Insurance,False
REAL,Consumer Discretionary,XLY,RETAIL-MISCELLANEOUS RETAIL,False
REAX,Real Estate,XLRE,,False
REFI,Real Estate,XLRE,REAL ESTATE INVESTMENT TRUSTS,False
REG,Real Estate,XLRE,REAL ESTATE INVESTMENT TRUSTS,False
REGN,Health Care,XLV,PHARMACEUTICAL PREPARATIONS,False
REI,Energy,XLE,CRUDE PETROLEUM & NATURAL GAS,False
REKR,Information Technology,XLK,"COMMUNICATIONS EQUIPMENT, NEC",False
RELL,Information Technology,XLK,"WHOLESALE-ELECTRONIC PARTS & EQUIPMENT, NEC",False
RELY,Information Technology,XLK,"SERVICES-BUSINESS SERVICES, NEC",False
RENN,Information Technology,XLK,Software,False
REPL,Health Care,XLV,"BIOLOGICAL PRODUCTS, (NO DIAGNOSTIC SUBSTANCES)",False
REPX,Energy,XLE,CRUDE PETROLEUM & NATURAL GAS,False
RERE,Consumer Discretionary,XLY,,False
RES,Energy,XLE,"OIL & GAS FIELD SERVICES, NEC",False
REVG,Industrials,XLI,,False
REX,Energy,XLE,INDUSTRIAL ORGANIC CHEMICALS,False
REXR,Real Estate,XLRE,REAL ESTATE INVESTMENT TRUSTS,False
REYN,Consumer Discretionary,XLY,"PLASTICS, FOIL & COATED PAPER BAGS",False
REZI,Industrials,XLI,WHOLESALE-HARDWARE,False
RF,Financials,XLF,NATIONAL COMMERCIAL BANKS,False
RGA,Financials,XLF,LIFE INSURANCE,False
RGC,Health Care,XLV,,False
RGCO,Utilities,XLU,NATURAL GAS TRANSMISSION & DISTRIBUTION,False
RGEN,Health Care,XLV,"BIOLOGICAL PRODUCTS, (NO DIAGNOSTIC SUBSTANCES)",False
RGLD,Materials,XLB,MINERAL ROYALTY TRADERS,False
RGLG,Information Technology,XLK,Communications Equipment,False
RGNX,Health Care,XLV,"BIOLOGICAL PRODUCTS, (NO DIAGNOSTIC SUBSTANCES)",False
RGP,Industrials,XLI,"SERVICES-BUSINESS SERVICES, NEC",False
RGR,Industrials,XLI,"ORDNANCE & ACCESSORIES, (NO VEHICLES/GUIDED MISSILES)",False
RGTI,Information Technology,XLK,SERVICES-COMPUTER PROGRAMMING SERVICES,False
RH,Consumer Discretionary,XLY,RETAIL-FURNITURE STORES,False
RHI,Industrials,XLI,SERVICES-HELP SUPPLY SERVICES,False
RHLD,Financials,XLF,FINANCE SERVICES,False
RHP,Real Estate,XLRE,REAL ESTATE INVESTMENT TRUSTS,False
RICK,Consumer Discretionary,XLY,RETAIL-EATING PLACES,False
RIG,Energy,XLE,DRILLING OIL & GAS WELLS,False
RIGL,Health Care,XLV,PHARMACEUTICAL PREPARATIONS,False
RILY,Financials,XLF,INVESTMENT ADVICE,False
RIO,Materials,XLB,,False
RIOT,Information Technology,XLK,FINANCE SERVICES,False
RITM,Real Estate,XLRE,REAL ESTATE INVESTMENT TRUSTS,False
RIVN,Consumer Discretionary,XLY,MOTOR VEHICLES & PASSENGER CAR BODIES,False
RJF,Financials,XLF,"SECURITY BROKERS, DEALERS & FLOTATION COMPANIES",False
RKLB,Information Technology,XLK,GUIDED MISSILES & SPACE VEHICLES & PARTS,False
RKT,Financials,XLF,MORTGAGE BANKERS & LOAN CORRESPONDENTS,False
RL,Consumer Discretionary,XLY,"MEN'S & BOYS' FURNISHGS, WORK CLOTHG, & ALLIED GARMENTS",False
RLAY,Health Care,XLV,"BIOLOGICAL PRODUCTS, (NO DIAGNOSTIC SUBSTANCES)",False
RLI,Financials,XLF,"FIRE, MARINE & CASUALTY INSURANCE",False
RLJ,Real Estate,XLRE,REAL ESTATE INVESTMENT TRUSTS,False
RLMD,Health Care,XLV,PHARMACEUTICAL PREPARATIONS,False
RLX,Consumer Staples,XLP,Tobacco,False
RM,Financials,XLF,PERSONAL CREDIT INSTITUTIONS,False
RMAX,Real Estate,XLRE,REAL ESTATE AGENTS & MANAGERS (FOR OTHERS),False
RMBS,Information Technology,XLK,SEMICONDUCTORS & RELATED DEVICES,False
RMD,Health Care,XLV,SURGICAL & MEDICAL INSTRUMENTS & APPARATUS,False
RMNI,Information Technology,XLK,"SERVICES-BUSINESS SERVICES, NEC",False
RMR,Real Estate,XLRE,SERVICES-MANAGEMENT CONSULTING SERVICES,False
RNA,Health Care,XLV,PHARMACEUTICAL PREPARATIONS,False
RNG,Information Technology,XLK,SERVICES-COMPUTER PROCESSING & DATA PREPARATION,False
RNGR,Energy,XLE,"OIL & GAS FIELD SERVICES, NEC",False
RNR,Financials,XLF,"FIRE, MARINE & CASUALTY INSURANCE",False
RNST,Financials,XLF,STATE COMMERCIAL BANKS,False
RNW,Utilities,XLU,Independent Power and Renewable Electricity Producers,False
ROAD,Industrials,XLI,HEAVY CONSTRUCTION OTHER THAN BLDG CONST - CONTRACTORS,False
ROCK,Industrials,XLI,"STEEL WORKS, BLAST FURNACES & ROLLING & FINISHING MILLS",False
ROG,Information Technology,XLK,"PLASTIC MATERIALS, SYNTH RESINS & NONVULCAN ELASTOMERS",False
ROIV,Health Care,XLV,PHARMACEUTICAL PREPARATIONS,False
ROK,Industrials,XLI,"MEASURING & CONTROLLING DEVICES, NEC",False
ROKU,Communication Services,XLC,CABLE & OTHER PAY TELEVISION SERVICES,False
ROL,Industrials,XLI,SERVICES-TO DWELLINGS & OTHER BUILDINGS,False
ROLL,Industrials,XLI,Machinery,False
ROOT,Financials,XLF,"FIRE, MARINE & CASUALTY INSURANCE",False
ROP,Information Technology,XLK,"INDUSTRIAL INSTRUMENTS FOR MEASUREMENT, DISPLAY, AND CONTROL",False
ROST,Consumer Discretionary,XLY,RETAIL-FAMILY CLOTHING STORES,False
ROVR,Consumer Discretionary,XLY,,False
RPAY,Information Technology,XLK,"SERVICES-BUSINESS SERVICES, NEC",False
RPD,Information Technology,XLK,SERVICES-PREPACKAGED SOFTWARE,False
RPM,Materials,XLB,"PAINTS, VARNISHES, LACQUERS, ENAMELS & ALLIED PRODS",False
RPRX,Health Care,XLV,PHARMACEUTICAL PREPARATIONS,False
RR,Industrials,XLI,"GENERAL INDUSTRIAL MACHINERY & EQUIPMENT, NEC",False
RRBI,Financials,XLF,STATE COMMERCIAL BANKS,False
RRC,Energy,XLE,CRUDE PETROLEUM & NATURAL GAS,False
RRR,Consumer Discretionary,XLY,HOTELS & MOTELS,False
RRX,Industrials,XLI,"GENERAL INDUSTRIAL MACHINERY & EQUIPMENT, NEC",False
RS,Materials,XLB,WHOLESALE-METALS SERVICE CENTERS & OFFICES,False
RSG,Industrials,XLI,REFUSE SYSTEMS,False
RSI,Consumer Discretionary,XLY,SERVICES-MISCELLANEOUS AMUSEMENT & RECREATION,False
RSKD,Information Technology,XLK,Software,False
RTX,Information Technology,XLK,AIRCRAFT ENGINES & ENGINE PARTS,False
RUM,Information Technology,XLK,"SERVICES-COMPUTER PROGRAMMING, DATA PROCESSING, ETC.",False
RUN,Information Technology,XLK,"MISCELLANEOUS ELECTRICAL MACHINERY, EQUIPMENT & SUPPLIES",False
RUSHA,Industrials,XLI,RETAIL-AUTO DEALERS & GASOLINE STATIONS,False
RVLV,Consumer Discretionary,XLY,RETAIL-CATALOG & MAIL-ORDER HOUSES,False
RVMD,Health Care,XLV,"BIOLOGICAL PRODUCTS, (NO DIAGNOSTIC SUBSTANCES)",False
RVTY,Health Care,XLV,LABORATORY ANALYTICAL INSTRUMENTS,False
RWAY,Financials,XLF,Capital Markets,False
RWT,Real Estate,XLRE,REAL ESTATE INVESTMENT TRUSTS,False
RXO,Industrials,XLI,TRANSPORTATION SERVICES,False
RXRX,Health Care,XLV,"BIOLOGICAL PRODUCTS, (NO DIAGNOSTIC SUBSTANCES)",False
RXST,Health Care,XLV,OPHTHALMIC GOODS,False
RXT,Information Technology,XLK,"SERVICES-COMPUTER PROGRAMMING, DATA PROCESSING, ETC.",False
RYAM,Materials,XLB,PULP MILLS,False
RYAN,Financials,XLF,"INSURANCE AGENTS, BROKERS & SERVICE",False
RYN,Real Estate,XLRE,REAL ESTATE INVESTMENT TRUSTS,False
RYTM,Health Care,XLV,PHARMACEUTICAL PREPARATIONS,False
RZLV,Information Technology,XLK,Software,False
S,Information Technology,XLK,SERVICES-PREPACKAGED SOFTWARE,False
SA,Materials,XLB,,False
SABR,Information Technology,XLK,"SERVICES-COMPUTER PROGRAMMING, DATA PROCESSING, ETC.",False
SAFE,Real Estate,XLRE,REAL ESTATE INVESTMENT TRUSTS,False
SAFT,Financials,XLF,"FIRE, MARINE & CASUALTY INSURANCE",False
SAGE,Health Care,XLV,,False
SAH,Consumer Discretionary,XLY,RETAIL-AUTO DEALERS & GASOLINE STATIONS,False
SAIA,Industrials,XLI,TRUCKING (NO LOCAL),False
SAIC,Information Technology,XLK,SERVICES-COMPUTER INTEGRATED SYSTEMS DESIGN,False
SAIL,Information Technology,XLK,SERVICES-PREPACKAGED SOFTWARE,False
SAM,Consumer Staples,XLP,MALT BEVERAGES,False
SANA,Health Care,XLV,"BIOLOGICAL PRODUCTS, (NO DIAGNOSTIC SUBSTANCES)",False
SANM,Information Technology,XLK,PRINTED CIRCUIT BOARDS,False
SAP,Information Technology,XLK,,False
SARO,Industrials,XLI,AIRCRAFT ENGINES & ENGINE PARTS,False
SASR,Financials,XLF,Banks,False
SATS,Energy,XLE,"COMMUNICATIONS SERVICES, NEC",False
SAVA,Health Care,XLV,PHARMACEUTICAL PREPARATIONS,False
SB,Industrials,XLI,,False
SBAC,Real Estate,XLRE,REAL ESTATE INVESTMENT TRUSTS,False
SBCF,Financials,XLF,STATE COMMERCIAL BANKS,False
SBET,Consumer Discretionary,XLY,SERVICES-PREPACKAGED SOFTWARE,False
SBGI,Communication Services,XLC,TELEVISION BROADCASTING STATIONS,False
SBH,Consumer Discretionary,XLY,"RETAIL-RETAIL STORES, NEC",False
SBLK,Industrials,XLI,,False
SBR,Energy,XLE,OIL ROYALTY TRADERS,False
SBRA,Real Estate,XLRE,REAL ESTATE INVESTMENT TRUSTS,False
SBSI,Financials,XLF,STATE COMMERCIAL BANKS,False
SBSW,Materials,XLB,,False
SBUX,Consumer Discretionary,XLY,RETAIL-EATING & DRINKING PLACES,False
SCCO,Materials,XLB,METAL MINING,False
SCHL,Communication Services,XLC,BOOKS: PUBLISHING OR PUBLISHING & PRINTING,False
SCHW,Financials,XLF,"SECURITY BROKERS, DEALERS & FLOTATION COMPANIES",False
SCI,Consumer Discretionary,XLY,SERVICES-PERSONAL SERVICES,False
SCL,Materials,XLB,"SOAP, DETERGENTS, CLEANG PREPARATIONS, PERFUMES, COSMETICS",False
SCRM,Communication Services,XLC,,False
SCS,Industrials,XLI,,False
SCSC,Information Technology,XLK,WHOLESALE-COMPUTERS & PERIPHERAL EQUIPMENT & SOFTWARE,False
SCUA,Information Technology,XLK,,False
SCVL,Consumer Discretionary,XLY,RETAIL-SHOE STORES,False
SCWX,Information Technology,XLK,Software,False
SD,Energy,XLE,CRUDE PETROLEUM & NATURAL GAS,False
SDGR,Health Care,XLV,PHARMACEUTICAL PREPARATIONS,False
SDRL,Energy,XLE,DRILLING OIL & GAS WELLS,False
SE,Consumer Discretionary,XLY,Broadline Retail,False
SEAT,Communication Services,XLC,SERVICES-MISCELLANEOUS AMUSEMENT & RECREATION,False
SEB,Industrials,XLI,WHOLESALE-FARM PRODUCT RAW MATERIALS,False
SEDG,Information Technology,XLK,SEMICONDUCTORS & RELATED DEVICES,False
SEE,Consumer Discretionary,XLY,"PLASTIC MATERIAL, SYNTH RESIN/RUBBER, CELLULOS (NO GLASS)",False
SEER,Health Care,XLV,LABORATORY ANALYTICAL INSTRUMENTS,False
SEG,Industrials,XLI,SERVICES-MISCELLANEOUS AMUSEMENT & RECREATION,False
SEI,Energy,XLE,OIL & GAS FIELD MACHINERY & EQUIPMENT,False
SEIC,Financials,XLF,"SECURITY BROKERS, DEALERS & FLOTATION COMPANIES",False
SEM,Health Care,XLV,SERVICES-HOSPITALS,False
SEMR,Information Technology,XLK,SERVICES-PREPACKAGED SOFTWARE,False
SENEA,Consumer Staples,XLP,"CANNED, FRUITS, VEG, PRESERVES, JAMS & JELLIES",False
SEPN,Health Care,XLV,PHARMACEUTICAL PREPARATIONS,False
SERV,Consumer Discretionary,XLY,"GENERAL INDUSTRIAL MACHINERY & EQUIPMENT, NEC",False
SES,Industrials,XLI,"MISCELLANEOUS ELECTRICAL MACHINERY, EQUIPMENT & SUPPLIES",False
SEZL,Financials,XLF,"SERVICES-BUSINESS SERVICES, NEC",False
SF,Financials,XLF,"SECURITY BROKERS, DEALERS & FLOTATION COMPANIES",False
SFBS,Financials,XLF,STATE COMMERCIAL BANKS,False
SFD,Consumer Staples,XLP,MEAT PACKING PLANTS,False
SFIX,Consumer Discretionary,XLY,RETAIL-CATALOG & MAIL-ORDER HOUSES,False
SFL,Energy,XLE,"Oil, Gas & Consumable Fuels",False
SFM,Consumer Staples,XLP,RETAIL-GROCERY STORES,False
SFNC,Financials,XLF,NATIONAL COMMERCIAL BANKS,False
SFST,Financials,XLF,NATIONAL COMMERCIAL BANKS,False
SG,Consumer Discretionary,XLY,RETAIL-EATING PLACES,False
SGH,Information Technology,XLK,Semiconductors & Semiconductor Equipment,False
SGHC,Consumer Discretionary,XLY,,False
SGI,Industrials,XLI,,False
SGML,Materials,XLB,,False
SGMO,Health Care,XLV,"BIOLOGICAL PRODUCTS, (NO DIAGNOSTIC SUBSTANCES)",False
SGOC,Information Technology,XLK,"Electronic Equipment, Instruments & Components",False
SGRY,Health Care,XLV,"SERVICES-GENERAL MEDICAL & SURGICAL HOSPITALS, NEC",False
SGU,Utilities,XLU,"RETAIL-RETAIL STORES, NEC",False
SHAK,Consumer Discretionary,XLY,RETAIL-EATING & DRINKING PLACES,False
SHBI,Financials,XLF,NATIONAL COMMERCIAL BANKS,False
SHC,Health Care,XLV,"SERVICES-MISC HEALTH & ALLIED SERVICES, NEC",False
SHEL,Energy,XLE,,False
SHEN,Communication Services,XLC,TELEPHONE COMMUNICATIONS (NO RADIOTELEPHONE),False
SHLS,Information Technology,XLK,SEMICONDUCTORS & RELATED DEVICES,False
SHMD,Health Care,XLV,,False
SHO,Real Estate,XLRE,HOTELS & MOTELS,False
SHOO,Consumer Discretionary,XLY,"FOOTWEAR, (NO RUBBER)",False
SHOP,Information Technology,XLK,SERVICES-PREPACKAGED SOFTWARE,False
SHW,Materials,XLB,"RETAIL-BUILDING MATERIALS, HARDWARE, GARDEN SUPPLY",False
SHY,ETF,SHY,,False
SI,Health Care,XLV,SURGICAL & MEDICAL INSTRUMENTS & APPARATUS,False
SIBN,Health Care,XLV,SURGICAL & MEDICAL INSTRUMENTS & APPARATUS,False
SIG,Consumer Discretionary,XLY,RETAIL-JEWELRY STORES,False
SIGA,Health Care,XLV,PHARMACEUTICAL PREPARATIONS,False
SIGI,Financials,XLF,"FIRE, MARINE & CASUALTY INSURANCE",False
SILA,Real Estate,XLRE,REAL ESTATE INVESTMENT TRUSTS,False
SIMA,Financials,XLF,BLANK CHECKS,False
SIMO,Information Technology,XLK,,False
SINX,Utilities,XLU,,False
SIRE,Materials,XLB,Chemicals,False
SIRI,Communication Services,XLC,RADIO BROADCASTING STATIONS,False
SITC,Real Estate,XLRE,REAL ESTATE INVESTMENT TRUSTS,False
SITE,Industrials,XLI,WHOLESALE-PROFESSIONAL & COMMERCIAL EQUIPMENT & SUPPLIES,False
SITM,Information Technology,XLK,SEMICONDUCTORS & RELATED DEVICES,False
SIZE,ETF,SIZE,,False
SJM,Consumer Staples,XLP,"CANNED, FRUITS, VEG, PRESERVES, JAMS & JELLIES",False
SJT,Energy,XLE,OIL ROYALTY TRADERS,False
SJW,Utilities,XLU,,False
SKBL,Health Care,XLV,,False
SKIN,Consumer Staples,XLP,SURGICAL & MEDICAL INSTRUMENTS & APPARATUS,False
SKT,Real Estate,XLRE,REAL ESTATE INVESTMENT TRUSTS,False
SKWD,Financials,XLF,"FIRE, MARINE & CASUALTY INSURANCE",False
SKX,Consumer Discretionary,XLY,"Textiles, Apparel & Luxury Goods",False
SKY,Consumer Discretionary,XLY,MOBILE HOMES,False
SKYT,Information Technology,XLK,SEMICONDUCTORS & RELATED DEVICES,False
SKYW,Industrials,XLI,"AIR TRANSPORTATION, SCHEDULED",False
SLAB,Information Technology,XLK,SEMICONDUCTORS & RELATED DEVICES,False
SLB,Energy,XLE,"OIL & GAS FIELD SERVICES, NEC",False
SLDP,Industrials,XLI,"MISCELLANEOUS ELECTRICAL MACHINERY, EQUIPMENT & SUPPLIES",False
SLG,Real Estate,XLRE,REAL ESTATE INVESTMENT TRUSTS,False
SLGN,Consumer Discretionary,XLY,METAL CANS,False
SLM,Financials,XLF,PERSONAL CREDIT INSTITUTIONS,False
SLNO,Health Care,XLV,PHARMACEUTICAL PREPARATIONS,False
SLP,Health Care,XLV,SERVICES-COMPUTER INTEGRATED SYSTEMS DESIGN,False
SLQT,Financials,XLF,"INSURANCE AGENTS, BROKERS & SERVICE",False
SLS,Health Care,XLV,PHARMACEUTICAL PREPARATIONS,False
SLV,ETF,SLV,COMMODITY CONTRACTS BROKERS & DEALERS,False
SLVM,Materials,XLB,PAPER MILLS,False
SLVR,Financials,XLF,BLANK CHECKS,False
SM,Energy,XLE,CRUDE PETROLEUM & NATURAL GAS,False
SMA,Utilities,XLU,REAL ESTATE INVESTMENT TRUSTS,False
SMBC,Financials,XLF,"SAVINGS INSTITUTIONS, NOT FEDERALLY CHARTERED",False
SMBK,Financials,XLF,NATIONAL COMMERCIAL BANKS,False
SMC,Energy,XLE,NATURAL GAS TRANSMISSION,False
SMCI,Information Technology,XLK,ELECTRONIC COMPUTERS,False
SMG,Materials,XLB,AGRICULTURAL CHEMICALS,False
SMH,ETF,SMH,,False
SMLP,Energy,XLE,"Oil, Gas & Consumable Fuels",False
SMMF,Financials,XLF,Banks,False
SMMT,Health Care,XLV,PHARMACEUTICAL PREPARATIONS,False
SMP,Consumer Discretionary,XLY,MOTOR VEHICLE PARTS & ACCESSORIES,False
SMPL,Consumer Staples,XLP,FOOD AND KINDRED PRODUCTS,False
SMR,Industrials,XLI,FABRICATED PLATE WORK (BOILER SHOPS),False
SMRT,Information Technology,XLK,SERVICES-COMPUTER INTEGRATED SYSTEMS DESIGN,False
SMTC,Information Technology,XLK,SEMICONDUCTORS & RELATED DEVICES,False
SMTX,Information Technology,XLK,"Electronic Equipment, Instruments & Components",False
SMWB,Information Technology,XLK,Software,False
SN,Consumer Discretionary,XLY,Household Durables,False
SNA,Industrials,XLI,"CUTLERY, HANDTOOLS & GENERAL HARDWARE",False
SNAP,Communication Services,XLC,"SERVICES-COMPUTER PROGRAMMING, DATA PROCESSING, ETC.",False
SNBR,Consumer Discretionary,XLY,HOUSEHOLD FURNITURE,False
SNCY,Industrials,XLI,"AIR TRANSPORTATION, SCHEDULED",False
SNDK,Information Technology,XLK,COMPUTER STORAGE DEVICES,False
SNDL,Health Care,XLV,Pharmaceuticals,False
SNDR,Energy,XLE,TRUCKING (NO LOCAL),False
SNDX,Health Care,XLV,PHARMACEUTICAL PREPARATIONS,False
SNEX,Financials,XLF,"SECURITY & COMMODITY BROKERS, DEALERS, EXCHANGES & SERVICES",False
SNOW,Information Technology,XLK,SERVICES-PREPACKAGED SOFTWARE,False
SNPS,Information Technology,XLK,SERVICES-PREPACKAGED SOFTWARE,False
SNV,Financials,XLF,,False
SNX,Information Technology,XLK,WHOLESALE-COMPUTERS & PERIPHERAL EQUIPMENT & SOFTWARE,False
SNY,Health Care,XLV,,False
SO,Utilities,XLU,ELECTRIC SERVICES,False
SOBO,Consumer Discretionary,XLY,,False
SOC,Energy,XLE,CRUDE PETROLEUM & NATURAL GAS,False
SOCGP,Utilities,XLU,,False
SOFI,Financials,XLF,FINANCE SERVICES,False
SOI,Energy,XLE,,False
SOLS,Information Technology,XLK,AIRCRAFT ENGINES & ENGINE PARTS,False
SOLV,Health Care,XLV,SURGICAL & MEDICAL INSTRUMENTS & APPARATUS,False
SON,Consumer Discretionary,XLY,PAPERBOARD CONTAINERS & BOXES,False
SONN,Health Care,XLV,,False
SONO,Information Technology,XLK,HOUSEHOLD AUDIO & VIDEO EQUIPMENT,False
SONY,Consumer Discretionary,XLY,,False
SOUN,Information Technology,XLK,SERVICES-PREPACKAGED SOFTWARE,False
SOXX,ETF,SOXX,,False
SPB,Consumer Staples,XLP,"MISCELLANEOUS ELECTRICAL MACHINERY, EQUIPMENT & SUPPLIES",False
SPCE,Industrials,XLI,TRANSPORTATION SERVICES,False
SPFI,Financials,XLF,STATE COMMERCIAL BANKS,False
SPG,Real Estate,XLRE,REAL ESTATE INVESTMENT TRUSTS,False
SPGI,Financials,XLF,"SERVICES-CONSUMER CREDIT REPORTING, COLLECTION AGENCIES",False
SPH,Utilities,XLU,RETAIL-MISCELLANEOUS RETAIL,False
SPHR,Communication Services,XLC,SERVICES-AMUSEMENT & RECREATION SERVICES,False
SPLP,Industrials,XLI,,False
SPMC,Financials,XLF,Capital Markets,False
SPNS,Information Technology,XLK,Software,False
SPNT,Financials,XLF,"FIRE, MARINE & CASUALTY INSURANCE",False
SPOK,Communication Services,XLC,RADIOTELEPHONE COMMUNICATIONS,False
SPOT,Communication Services,XLC,Entertainment,False
SPR,Industrials,XLI,Aerospace & Defense,False
SPRU,Utilities,XLU,ELECTRIC SERVICES,False
SPRY,Health Care,XLV,PHARMACEUTICAL PREPARATIONS,False
SPSC,Information Technology,XLK,SERVICES-PREPACKAGED SOFTWARE,False
SPT,Information Technology,XLK,SERVICES-PREPACKAGED SOFTWARE,False
SPWR,Industrials,XLI,CONSTRUCTION - SPECIAL TRADE CONTRACTORS,False
SPX,ETF,SPX,,False
SPXC,Industrials,XLI,METALWORKG MACHINERY & EQUIPMENT,False
SPXS,Equity Inverse ETF,SPXS,,False
SPXW,ETF,SPXW,,False
SPY,ETF,SPY,,False
SQ,Financials,XLF,Financial Services,False
SR,Utilities,XLU,NATURAL GAS DISTRIBUTION,False
SRAD,Information Technology,XLK,"Hotels, Restaurants & Leisure",False
SRCE,Financials,XLF,STATE COMMERCIAL BANKS,False
SRE,Utilities,XLU,GAS & OTHER SERVICES COMBINED,False
SRPT,Health Care,XLV,PHARMACEUTICAL PREPARATIONS,False
SRRK,Health Care,XLV,"BIOLOGICAL PRODUCTS, (NO DIAGNOSTIC SUBSTANCES)",False
SRTA,Health Care,XLV,SERVICES-HEALTH SERVICES,False
SSB,Financials,XLF,STATE COMMERCIAL BANKS,False
SSBK,Financials,XLF,Banks,False
SSD,Industrials,XLI,"CUTLERY, HANDTOOLS & GENERAL HARDWARE",False
SSNC,Industrials,XLI,SERVICES-PREPACKAGED SOFTWARE,False
SSP,Communication Services,XLC,TELEVISION BROADCASTING STATIONS,False
SSRM,Materials,XLB,MINERAL ROYALTY TRADERS,False
SSTI,Information Technology,XLK,SERVICES-PREPACKAGED SOFTWARE,False
SSTK,Communication Services,XLC,SERVICES-COMPUTER PROCESSING & DATA PREPARATION,False
SSYS,Information Technology,XLK,Machinery,False
ST,Information Technology,XLK,"INDUSTRIAL INSTRUMENTS FOR MEASUREMENT, DISPLAY, AND CONTROL",False
STAA,Health Care,XLV,OPHTHALMIC GOODS,False
STAG,Real Estate,XLRE,REAL ESTATE INVESTMENT TRUSTS,False
STBA,Financials,XLF,STATE COMMERCIAL BANKS,False
STC,Financials,XLF,TITLE INSURANCE,False
STE,Health Care,XLV,"ORTHOPEDIC, PROSTHETIC & SURGICAL APPLIANCES & SUPPLIES",False
STEL,Financials,XLF,NATIONAL COMMERCIAL BANKS,False
STEP,Financials,XLF,INVESTMENT ADVICE,False
STET,Financials,XLF,,False
STGW,Communication Services,XLC,SERVICES-ADVERTISING AGENCIES,False
STI,Financials,XLF,"MISCELLANEOUS ELECTRICAL MACHINERY, EQUIPMENT & SUPPLIES",False
STKL,Consumer Staples,XLP,BEVERAGES,False
STLA,Consumer Discretionary,XLY,,False
STLD,Materials,XLB,"STEEL WORKS, BLAST FURNACES & ROLLING MILLS (COKE OVENS)",False
STM,Information Technology,XLK,,False
STNE,Information Technology,XLK,Financial Services,False
STNG,Energy,XLE,"Oil, Gas & Consumable Fuels",False
STOK,Health Care,XLV,PHARMACEUTICAL PREPARATIONS,False
STR,Energy,XLE,"Oil, Gas & Consumable Fuels",False
STRA,Consumer Staples,XLP,SERVICES-EDUCATIONAL SERVICES,False
STRL,Industrials,XLI,HEAVY CONSTRUCTION OTHER THAN BLDG CONST - CONTRACTORS,False
STRZ,Communication Services,XLC,SERVICES-MOTION PICTURE & VIDEO TAPE PRODUCTION,False
STT,Financials,XLF,STATE COMMERCIAL BANKS,False
STUB,Consumer Discretionary,XLY,SERVICES-MISCELLANEOUS AMUSEMENT & RECREATION,False
STWD,Real Estate,XLRE,REAL ESTATE INVESTMENT TRUSTS,False
STX,Information Technology,XLK,COMPUTER STORAGE DEVICES,False
STXB,Financials,XLF,Banks,False
STZ,Consumer Staples,XLP,BEVERAGES,False
SU,Energy,XLE,,False
SUI,Real Estate,XLRE,REAL ESTATE INVESTMENT TRUSTS,False
SUM,Materials,XLB,Construction Materials,False
SUME,Utilities,XLU,,False
SUN,Energy,XLE,PETROLEUM REFINING,False
SUNS,Financials,XLF,REAL ESTATE INVESTMENT TRUSTS,False
SUPN,Health Care,XLV,PHARMACEUTICAL PREPARATIONS,False
SVC,Real Estate,XLRE,REAL ESTATE INVESTMENT TRUSTS,False
SVM,Materials,XLB,,False
SVNA,Financials,XLF,,False
SVRA,Health Care,XLV,PHARMACEUTICAL PREPARATIONS,False
SVV,Consumer Discretionary,XLY,RETAIL-MISCELLANEOUS RETAIL,False
SVXY,Volatility,SVXY,,False
SW,Consumer Discretionary,XLY,PAPERBOARD CONTAINERS & BOXES,False
SWBI,Industrials,XLI,"ORDNANCE & ACCESSORIES, (NO VEHICLES/GUIDED MISSILES)",False
SWIM,Consumer Discretionary,XLY,"PLASTICS PRODUCTS, NEC",False
SWK,Industrials,XLI,"CUTLERY, HANDTOOLS & GENERAL HARDWARE",False
SWKS,Information Technology,XLK,SEMICONDUCTORS & RELATED DEVICES,False
SWTX,Health Care,XLV,,False
SWX,Utilities,XLU,NATURAL GAS TRANSMISSION & DISTRIBUTION,False
SXC,Materials,XLB,"STEEL WORKS, BLAST FURNACES & ROLLING MILLS (COKE OVENS)",False
SXI,Industrials,XLI,REFRIGERATION & SERVICE INDUSTRY MACHINERY,False
SXT,Materials,XLB,INDUSTRIAL ORGANIC CHEMICALS,False
SYBT,Financials,XLF,STATE COMMERCIAL BANKS,False
SYF,Financials,XLF,FINANCE SERVICES,False
SYK,Health Care,XLV,SURGICAL & MEDICAL INSTRUMENTS & APPARATUS,False
SYM,Industrials,XLI,"GENERAL INDUSTRIAL MACHINERY & EQUIPMENT, NEC",False
SYNA,Information Technology,XLK,SEMICONDUCTORS & RELATED DEVICES,False
SYRE,Health Care,XLV,PHARMACEUTICAL PREPARATIONS,False
SYY,Consumer Staples,XLP,WHOLESALE-GROCERIES & RELATED PRODUCTS,False
T,Communication Services,XLC,TELEPHONE COMMUNICATIONS (NO RADIOTELEPHONE),False
TA,Consumer Discretionary,XLY,Specialty Retail,False
TALK,Health Care,XLV,SERVICES-HEALTH SERVICES,False
TALO,Energy,XLE,CRUDE PETROLEUM & NATURAL GAS,False
TAP,Consumer Staples,XLP,MALT BEVERAGES,False
TARS,Health Care,XLV,"BIOLOGICAL PRODUCTS, (NO DIAGNOSTIC SUBSTANCES)",False
TASK,Industrials,XLI,SERVICES-COMPUTER PROCESSING & DATA PREPARATION,False
TATT,Industrials,XLI,Aerospace & Defense,False
TBBK,Financials,XLF,NATIONAL COMMERCIAL BANKS,False
TBCH,Information Technology,XLK,"COMMUNICATIONS EQUIPMENT, NEC",False
TBI,Industrials,XLI,SERVICES-HELP SUPPLY SERVICES,False
TBPH,Health Care,XLV,PHARMACEUTICAL PREPARATIONS,False
TCBI,Financials,XLF,STATE COMMERCIAL BANKS,False
TCBK,Financials,XLF,STATE COMMERCIAL BANKS,False
TCBX,Financials,XLF,"SAVINGS INSTITUTIONS, NOT FEDERALLY CHARTERED",False
TCMD,Health Care,XLV,SURGICAL & MEDICAL INSTRUMENTS & APPARATUS,False
TCOM,Communication Services,XLC,,False
TCP,Energy,XLE,"Oil, Gas & Consumable Fuels",False
TCX,Information Technology,XLK,SERVICES-COMPUTER PROCESSING & DATA PREPARATION,False
TDC,Information Technology,XLK,SERVICES-PREPACKAGED SOFTWARE,False
TDG,Industrials,XLI,"AIRCRAFT PARTS & AUXILIARY EQUIPMENT, NEC",False
TDOC,Health Care,XLV,SERVICES-OFFICES & CLINICS OF DOCTORS OF MEDICINE,False
TDS,Communication Services,XLC,TELEPHONE COMMUNICATIONS (NO RADIOTELEPHONE),False
TDUP,Consumer Discretionary,XLY,RETAIL-CATALOG & MAIL-ORDER HOUSES,False
TDW,Energy,XLE,WATER TRANSPORTATION,False
TDY,Information Technology,XLK,"SEARCH, DETECTION, NAVIGATION, GUIDANCE, AERONAUTICAL SYS",False
TE,Industrials,XLI,SEMICONDUCTORS & RELATED DEVICES,False
TEAD,Information Technology,XLK,"SERVICES-COMPUTER PROGRAMMING, DATA PROCESSING, ETC.",False
TEAM,Information Technology,XLK,SERVICES-PREPACKAGED SOFTWARE,False
TECH,Health Care,XLV,"BIOLOGICAL PRODUCTS, (NO DIAGNOSTIC SUBSTANCES)",False
TECK,Materials,XLB,Metals & Mining,False
TECX,Health Care,XLV,"BIOLOGICAL PRODUCTS, (NO DIAGNOSTIC SUBSTANCES)",False
TEL,Information Technology,XLK,"WHOLESALE-ELECTRONIC PARTS & EQUIPMENT, NEC",False
TEM,Health Care,XLV,"SERVICES-COMPUTER PROGRAMMING, DATA PROCESSING, ETC.",False
TENB,Information Technology,XLK,SERVICES-PREPACKAGED SOFTWARE,False
TER,Information Technology,XLK,INSTRUMENTS FOR MEAS & TESTING OF ELECTRICITY & ELEC SIGNALS,False
TERN,Health Care,XLV,PHARMACEUTICAL PREPARATIONS,False
TEVA,Health Care,XLV,PHARMACEUTICAL PREPARATIONS,False
TEX,Industrials,XLI,"INDUSTRIAL TRUCKS, TRACTORS, TRAILERS & STACKERS",False
TFC,Financials,XLF,NATIONAL COMMERCIAL BANKS,False
TFIN,Financials,XLF,STATE COMMERCIAL BANKS,False
TFSL,Financials,XLF,"SAVINGS INSTITUTION, FEDERALLY CHARTERED",False
TFX,Health Care,XLV,SURGICAL & MEDICAL INSTRUMENTS & APPARATUS,False
TG,Materials,XLB,ROLLING DRAWING & EXTRUDING OF NONFERROUS METALS,False
TGA,Energy,XLE,,False
TGAN,Information Technology,XLK,Semiconductors & Semiconductor Equipment,False
TGB,Materials,XLB,,False
TGEN,Industrials,XLI,AIR-COND & WARM AIR HEATG EQUIP & COMM & INDL REFRIG EQUIP,False
TGLS,Industrials,XLI,FLAT GLASS,False
TGNA,Communication Services,XLC,TELEVISION BROADCASTING STATIONS,False
TGT,Consumer Staples,XLP,RETAIL-VARIETY STORES,False
TGTX,Health Care,XLV,PHARMACEUTICAL PREPARATIONS,False
TH,Energy,XLE,"HOTELS, ROOMING HOUSES, CAMPS & OTHER LODGING PLACES",False
THC,Health Care,XLV,"SERVICES-GENERAL MEDICAL & SURGICAL HOSPITALS, NEC",False
THFF,Financials,XLF,STATE COMMERCIAL BANKS,False
THG,Financials,XLF,"FIRE, MARINE & CASUALTY INSURANCE",False
THO,Consumer Discretionary,XLY,MOTOR HOMES,False
THR,Industrials,XLI,ELECTRICAL INDUSTRIAL APPARATUS,False
THRM,Consumer Discretionary,XLY,MOTOR VEHICLE PARTS & ACCESSORIES,False
THRN,Consumer Staples,XLP,Personal Care Products,False
THRY,Communication Services,XLC,SERVICES-ADVERTISING,False
THS,Consumer Staples,XLP,,False
TIC,Information Technology,XLK,"SERVICES-BUSINESS SERVICES, NEC",False
TIGO,Communication Services,XLC,,False
TIGR,Financials,XLF,Capital Markets,False
TIL,Health Care,XLV,"BIOLOGICAL PRODUCTS, (NO DIAGNOSTIC SUBSTANCES)",False
TILE,Industrials,XLI,CARPETS & RUGS,False
TIP,ETF,TIP,,False
TIPT,Financials,XLF,"FIRE, MARINE & CASUALTY INSURANCE",False
TITN,Industrials,XLI,"RETAIL-RETAIL STORES, NEC",False
TJX,Consumer Discretionary,XLY,RETAIL-FAMILY CLOTHING STORES,False
TK,Energy,XLE,"Oil, Gas & Consumable Fuels",False
TKO,Communication Services,XLC,SERVICES-AMUSEMENT & RECREATION SERVICES,False
TKR,Industrials,XLI,BALL & ROLLER BEARINGS,False
TLN,Utilities,XLU,ELECTRIC SERVICES,False
TLRY,Health Care,XLV,MEDICINAL CHEMICALS & BOTANICAL PRODUCTS,False
TLS,Information Technology,XLK,SERVICES-COMPUTER INTEGRATED SYSTEMS DESIGN,False
TLT,ETF,TLT,,False
TM,Consumer Discretionary,XLY,,False
TMC,Materials,XLB,METAL MINING,False
TMCI,Health Care,XLV,SURGICAL & MEDICAL INSTRUMENTS & APPARATUS,False
TMDX,Health Care,XLV,ELECTROMEDICAL & ELECTROTHERAPEUTIC APPARATUS,False
TMF,Rates / Bonds ETF,TMF,,False
TMHC,Consumer Discretionary,XLY,OPERATIVE BUILDERS,False
TMO,Health Care,XLV,"MEASURING & CONTROLLING DEVICES, NEC",False
TMP,Financials,XLF,STATE COMMERCIAL BANKS,False
TMQ,Materials,XLB,GOLD AND SILVER ORES,False
TMUS,Communication Services,XLC,RADIOTELEPHONE COMMUNICATIONS,False
TNC,Industrials,XLI,REFRIGERATION & SERVICE INDUSTRY MACHINERY,False
TNDM,Health Care,XLV,SURGICAL & MEDICAL INSTRUMENTS & APPARATUS,False
TNET,Industrials,XLI,"SERVICES-BUSINESS SERVICES, NEC",False
TNGX,Health Care,XLV,PHARMACEUTICAL PREPARATIONS,False
TNK,Energy,XLE,,False
TNL,Consumer Discretionary,XLY,HOTELS & MOTELS,False
TNP,Energy,XLE,,False
TNXP,Health Care,XLV,PHARMACEUTICAL PREPARATIONS,False
TOI,Health Care,XLV,SERVICES-OFFICES & CLINICS OF DOCTORS OF MEDICINE,False
TOL,Consumer Discretionary,XLY,OPERATIVE BUILDERS,False
TOST,Information Technology,XLK,SERVICES-COMPUTER PROCESSING & DATA PREPARATION,False
TOWN,Financials,XLF,,False
TPB,Consumer Staples,XLP,TOBACCO PRODUCTS,False
TPC,Industrials,XLI,GENERAL BLDG CONTRACTORS - NONRESIDENTIAL BLDGS,False
TPG,Financials,XLF,INVESTMENT ADVICE,False
TPH,Consumer Discretionary,XLY,OPERATIVE BUILDERS,False
TPL,Energy,XLE,OIL ROYALTY TRADERS,False
TPR,Consumer Discretionary,XLY,LEATHER & LEATHER PRODUCTS,False
TPVG,Financials,XLF,,False
TPX,Consumer Discretionary,XLY,Household Durables,False
TR,Consumer Staples,XLP,SUGAR & CONFECTIONERY PRODUCTS,False
TRAK,Information Technology,XLK,SERVICES-COMPUTER PROCESSING & DATA PREPARATION,False
TRC,Industrials,XLI,REAL ESTATE,False
TRDA,Health Care,XLV,PHARMACEUTICAL PREPARATIONS,False
TREC,Energy,XLE,,False
TREE,Financials,XLF,LOAN BROKERS,False
TREX,Industrials,XLI,LUMBER & WOOD PRODUCTS (NO FURNITURE),False
TRGP,Energy,XLE,NATURAL GAS TRANSMISSION,False
TRIP,Consumer Discretionary,XLY,"SERVICES-COMPUTER PROGRAMMING, DATA PROCESSING, ETC.",False
TRMB,Information Technology,XLK,"MEASURING & CONTROLLING DEVICES, NEC",False
TRMK,Financials,XLF,NATIONAL COMMERCIAL BANKS,False
TRN,Industrials,XLI,RAILROAD EQUIPMENT,False
TRNO,Real Estate,XLRE,REAL ESTATE,False
TRNR,Consumer Discretionary,XLY,ELECTRONIC & OTHER ELECTRICAL EQUIPMENT (NO COMPUTER EQUIP),False
TRNS,Industrials,XLI,INSTRUMENTS FOR MEAS & TESTING OF ELECTRICITY & ELEC SIGNALS,False
TROW,Financials,XLF,INVESTMENT ADVICE,False
TROX,Materials,XLB,INDUSTRIAL INORGANIC CHEMICALS,False
TRP,Energy,XLE,,False
TRS,Industrials,XLI,METAL FORGINGS & STAMPINGS,False
TRST,Financials,XLF,STATE COMMERCIAL BANKS,False
TRTX,Real Estate,XLRE,REAL ESTATE INVESTMENT TRUSTS,False
TRU,Industrials,XLI,"SERVICES-CONSUMER CREDIT REPORTING, COLLECTION AGENCIES",False
TRUE,Communication Services,XLC,,False
TRUP,Financials,XLF,HOSPITAL & MEDICAL SERVICE PLANS,False
TRV,Financials,XLF,"FIRE, MARINE & CASUALTY INSURANCE",False
TS,Materials,XLB,,False
TSBK,Financials,XLF,"SAVINGS INSTITUTIONS, NOT FEDERALLY CHARTERED",False
TSCO,Consumer Discretionary,XLY,"RETAIL-BUILDING MATERIALS, HARDWARE, GARDEN SUPPLY",False
TSHA,Health Care,XLV,"BIOLOGICAL PRODUCTS, (NO DIAGNOSTIC SUBSTANCES)",False
TSLA,Consumer Discretionary,XLY,MOTOR VEHICLES & PASSENGER CAR BODIES,False
TSM,Information Technology,XLK,,False
TSN,Consumer Staples,XLP,POULTRY SLAUGHTERING AND PROCESSING,False
TSSI,Energy,XLE,SERVICES-MANAGEMENT CONSULTING SERVICES,False
TT,Industrials,XLI,AUTO CONTROLS FOR REGULATING RESIDENTIAL & COMML ENVIRONMENTS,False
TTC,Industrials,XLI,LAWN & GARDEN TRACTORS & HOME LAWN & GARDENS EQUIP,False
TTD,Information Technology,XLK,"SERVICES-COMPUTER PROGRAMMING, DATA PROCESSING, ETC.",False
TTE,Energy,XLE,,False
TTEC,Information Technology,XLK,SERVICES-HELP SUPPLY SERVICES,False
TTEK,Industrials,XLI,SERVICES-ENGINEERING SERVICES,False
TTGT,Communication Services,XLC,TELEGRAPH & OTHER MESSAGE COMMUNICATIONS,False
TTI,Energy,XLE,CRUDE PETROLEUM & NATURAL GAS,False
TTMI,Information Technology,XLK,PRINTED CIRCUIT BOARDS,False
TTWO,Communication Services,XLC,SERVICES-PREPACKAGED SOFTWARE,False
TUYA,Information Technology,XLK,Software,False
TVTX,Health Care,XLV,PHARMACEUTICAL PREPARATIONS,False
TW,Financials,XLF,"SECURITY & COMMODITY BROKERS, DEALERS, EXCHANGES & SERVICES",False
TWI,Industrials,XLI,"STEEL WORKS, BLAST FURNACES & ROLLING MILLS (COKE OVENS)",False
TWKS,Information Technology,XLK,IT Services,False
TWLO,Information Technology,XLK,SERVICES-PREPACKAGED SOFTWARE,False
TWO,Real Estate,XLRE,REAL ESTATE INVESTMENT TRUSTS,False
TWST,Health Care,XLV,"BIOLOGICAL PRODUCTS, (NO DIAGNOSTIC SUBSTANCES)",False
TXG,Health Care,XLV,LABORATORY ANALYTICAL INSTRUMENTS,False
TXN,Information Technology,XLK,SEMICONDUCTORS & RELATED DEVICES,False
TXNM,Utilities,XLU,ELECTRIC SERVICES,False
TXO,Energy,XLE,CRUDE PETROLEUM & NATURAL GAS,False
TXRH,Consumer Discretionary,XLY,RETAIL-EATING PLACES,False
TXT,Industrials,XLI,AIRCRAFT & PARTS,False
TY,Financials,XLF,,False
TYL,Information Technology,XLK,SERVICES-PREPACKAGED SOFTWARE,False
TYRA,Health Care,XLV,PHARMACEUTICAL PREPARATIONS,False
U,Information Technology,XLK,SERVICES-PREPACKAGED SOFTWARE,False
UAA,Consumer Discretionary,XLY,APPAREL & OTHER FINISHD PRODS OF FABRICS & SIMILAR MATL,False
UAL,Industrials,XLI,"AIR TRANSPORTATION, SCHEDULED",False
UAMY,Materials,XLB,PRIMARY SMELTING & REFINING OF NONFERROUS METALS,False
UBA,Real Estate,XLRE,Retail REITs,False
UBER,Information Technology,XLK,"SERVICES-BUSINESS SERVICES, NEC",False
UBSI,Financials,XLF,STATE COMMERCIAL BANKS,False
UCAR,Consumer Discretionary,XLY,Specialty Retail,False
UCB,Health Care,XLV,STATE COMMERCIAL BANKS,False
UCTT,Information Technology,XLK,SEMICONDUCTORS & RELATED DEVICES,False
UDMY,Consumer Staples,XLP,SERVICES-EDUCATIONAL SERVICES,False
UDR,Real Estate,XLRE,REAL ESTATE INVESTMENT TRUSTS,False
UE,Real Estate,XLRE,REAL ESTATE,False
UEC,Energy,XLE,MISCELLANEOUS METAL ORES,False
UFCS,Financials,XLF,"FIRE, MARINE & CASUALTY INSURANCE",False
UFPI,Materials,XLB,"SAWMILLS & PLANTING MILLS, GENERAL",False
UFPT,Consumer Discretionary,XLY,SURGICAL & MEDICAL INSTRUMENTS & APPARATUS,False
UGI,Utilities,XLU,GAS & OTHER SERVICES COMBINED,False
UHAL,Industrials,XLI,SERVICES-AUTO RENTAL & LEASING (NO DRIVERS),False
UHS,Health Care,XLV,"SERVICES-GENERAL MEDICAL & SURGICAL HOSPITALS, NEC",False
UHT,Real Estate,XLRE,REAL ESTATE INVESTMENT TRUSTS,False
UI,Information Technology,XLK,RADIO & TV BROADCASTING & COMMUNICATIONS EQUIPMENT,False
UIS,Information Technology,XLK,SERVICES-COMPUTER INTEGRATED SYSTEMS DESIGN,False
ULCC,Industrials,XLI,"AIR TRANSPORTATION, SCHEDULED",False
ULH,Industrials,XLI,TRUCKING (NO LOCAL),False
ULS,Information Technology,XLK,,False
ULTA,Consumer Discretionary,XLY,"RETAIL-RETAIL STORES, NEC",False
UMAC,Information Technology,XLK,RADIO & TV BROADCASTING & COMMUNICATIONS EQUIPMENT,False
UMBF,Financials,XLF,NATIONAL COMMERCIAL BANKS,False
UMH,Real Estate,XLRE,REAL ESTATE INVESTMENT TRUSTS,False
UNF,Industrials,XLI,SERVICES-PERSONAL SERVICES,False
UNFI,Consumer Staples,XLP,"WHOLESALE-GROCERIES, GENERAL LINE",False
UNG,ETF,UNG,COMMODITY CONTRACTS BROKERS & DEALERS,False
UNH,Health Care,XLV,HOSPITAL & MEDICAL SERVICE PLANS,False
UNIT,Real Estate,XLRE,TELEPHONE COMMUNICATIONS (NO RADIOTELEPHONE),False
UNM,Financials,XLF,ACCIDENT & HEALTH INSURANCE,False
UNP,Industrials,XLI,"RAILROADS, LINE-HAUL OPERATING",False
UNTY,Financials,XLF,STATE COMMERCIAL BANKS,False
UPB,Health Care,XLV,PHARMACEUTICAL PREPARATIONS,False
UPBD,Information Technology,XLK,"SERVICES-EQUIPMENT RENTAL & LEASING, NEC",False
UPS,Industrials,XLI,TRUCKING & COURIER SERVICES (NO AIR),False
UPST,Financials,XLF,FINANCE SERVICES,False
UPWK,Industrials,XLI,SERVICES-COMPUTER PROCESSING & DATA PREPARATION,False
URBN,Consumer Discretionary,XLY,RETAIL-FAMILY CLOTHING STORES,False
URGN,Health Care,XLV,PHARMACEUTICAL PREPARATIONS,False
URI,Industrials,XLI,"SERVICES-EQUIPMENT RENTAL & LEASING, NEC",False
USAP,Materials,XLB,Metals & Mining,False
USAR,Materials,XLB,METAL MINING,False
USB,Financials,XLF,NATIONAL COMMERCIAL BANKS,False
USCB,Financials,XLF,STATE COMMERCIAL BANKS,False
USFD,Health Care,XLV,WHOLESALE-GROCERIES & RELATED PRODUCTS,False
USLM,Materials,XLB,MINING & QUARRYING OF NONMETALLIC MINERALS (NO FUELS),False
USM,Communication Services,XLC,,False
USMV,ETF,USMV,,False
USNA,Consumer Staples,XLP,MEDICINAL CHEMICALS & BOTANICAL PRODUCTS,False
USO,ETF,USO,COMMODITY CONTRACTS BROKERS & DEALERS,False
USPH,Health Care,XLV,SERVICES-HEALTH SERVICES,False
UTHR,Health Care,XLV,PHARMACEUTICAL PREPARATIONS,False
UTI,Consumer Staples,XLP,SERVICES-EDUCATIONAL SERVICES,False
UTL,Utilities,XLU,ELECTRIC & OTHER SERVICES COMBINED,False
UTMD,Health Care,XLV,SURGICAL & MEDICAL INSTRUMENTS & APPARATUS,False
UTZ,Consumer Staples,XLP,MISCELLANEOUS FOOD PREPARATIONS & KINDRED PRODUCTS,False
UUUU,Energy,XLE,MINING & QUARRYING OF NONMETALLIC MINERALS (NO FUELS),False
UVE,Financials,XLF,"FIRE, MARINE & CASUALTY INSURANCE",False
UVSP,Financials,XLF,STATE COMMERCIAL BANKS,False
UVV,Consumer Staples,XLP,WHOLESALE-FARM PRODUCT RAW MATERIALS,False
UVXY,ETF,UVXY,COMMODITY CONTRACTS BROKERS & DEALERS,False
UWMC,Financials,XLF,MORTGAGE BANKERS & LOAN CORRESPONDENTS,False
V,Financials,XLF,"SERVICES-BUSINESS SERVICES, NEC",False
VAC,Consumer Discretionary,XLY,REAL ESTATE AGENTS & MANAGERS (FOR OTHERS),False
VACH,Health Care,XLV,"BIOLOGICAL PRODUCTS, (NO DIAGNOSTIC SUBSTANCES)",False
VAL,Energy,XLE,DRILLING OIL & GAS WELLS,False
VALE,Materials,XLB,,False
VALU,Financials,XLF,INVESTMENT ADVICE,False
VC,Consumer Discretionary,XLY,MOTOR VEHICLE PARTS & ACCESSORIES,False
VCEL,Health Care,XLV,"BIOLOGICAL PRODUCTS, (NO DIAGNOSTIC SUBSTANCES)",False
VCTR,Financials,XLF,INVESTMENT ADVICE,False
VCYT,Health Care,XLV,SERVICES-MEDICAL LABORATORIES,False
VEA,ETF,VEA,,False
VECO,Information Technology,XLK,"SPECIAL INDUSTRY MACHINERY, NEC",False
VEEV,Health Care,XLV,SERVICES-PREPACKAGED SOFTWARE,False
VEL,Financials,XLF,FINANCE SERVICES,False
VERA,Health Care,XLV,PHARMACEUTICAL PREPARATIONS,False
VERI,Information Technology,XLK,SERVICES-COMPUTER PROCESSING & DATA PREPARATION,False
VERV,Health Care,XLV,,False
VERX,Information Technology,XLK,SERVICES-PREPACKAGED SOFTWARE,False
VET,Energy,XLE,,False
VFC,Consumer Discretionary,XLY,"MEN'S & BOYS' FURNISHGS, WORK CLOTHG, & ALLIED GARMENTS",False
VFF,Consumer Staples,XLP,Food Products,False
VFS,Consumer Discretionary,XLY,Automobiles,False
VG,Energy,XLE,NATURAL GAS DISTRIBUTION,False
VGR,Consumer Staples,XLP,,False
VGT,ETF,VGT,,False
VIA,Utilities,XLU,SERVICES-PREPACKAGED SOFTWARE,False
VIAV,Information Technology,XLK,SEMICONDUCTORS & RELATED DEVICES,False
VICI,Real Estate,XLRE,REAL ESTATE INVESTMENT TRUSTS,False
VICR,Information Technology,XLK,"ELECTRONIC COMPONENTS, NEC",False
VIK,Consumer Discretionary,XLY,,False
VINP,Financials,XLF,Capital Markets,False
VIPS,Consumer Discretionary,XLY,,False
VIR,Health Care,XLV,"BIOLOGICAL PRODUCTS, (NO DIAGNOSTIC SUBSTANCES)",False
VIRT,Financials,XLF,"SECURITY BROKERS, DEALERS & FLOTATION COMPANIES",False
VITL,Consumer Staples,XLP,FOOD AND KINDRED PRODUCTS,False
VIVO,Health Care,XLV,Health Care Equipment & Supplies,False
VIXY,ETF,VIXY,COMMODITY CONTRACTS BROKERS & DEALERS,False
VKTX,Health Care,XLV,PHARMACEUTICAL PREPARATIONS,False
VLGEA,Consumer Staples,XLP,RETAIL-GROCERY STORES,False
VLN,Information Technology,XLK,,False
VLO,Energy,XLE,PETROLEUM REFINING,False
VLTO,Industrials,XLI,INSTRUMENTS FOR MEAS & TESTING OF ELECTRICITY & ELEC SIGNALS,False
VLUE,ETF,VLUE,,False
VLY,Financials,XLF,NATIONAL COMMERCIAL BANKS,False
VMC,Materials,XLB,MINING & QUARRYING OF NONMETALLIC MINERALS (NO FUELS),False
VMD,Health Care,XLV,"SERVICES-MISC HEALTH & ALLIED SERVICES, NEC",False
VMEO,Information Technology,XLK,,False
VMI,Industrials,XLI,FABRICATED STRUCTURAL METAL PRODUCTS,False
VNDA,Health Care,XLV,PHARMACEUTICAL PREPARATIONS,False
VNET,Information Technology,XLK,IT Services,False
VNO,Real Estate,XLRE,REAL ESTATE INVESTMENT TRUSTS,False
VNOM,Energy,XLE,CRUDE PETROLEUM & NATURAL GAS,False
VNQ,ETF,VNQ,,False
VNT,Information Technology,XLK,TOTALIZING FLUID METERS & COUNTING DEVICES,False
VOD,Communication Services,XLC,,False
VOO,ETF,VOO,,False
VOOG,ETF,VOOG,,False
VOOV,ETF,VOOV,,False
VOYA,Financials,XLF,LIFE INSURANCE,False
VOYG,Financials,XLF,GUIDED MISSILES & SPACE VEHICLES & PARTS,False
VPG,Information Technology,XLK,ELECTRONIC COMPONENTS & ACCESSORIES,False
VRDN,Health Care,XLV,PHARMACEUTICAL PREPARATIONS,False
VRE,Real Estate,XLRE,REAL ESTATE INVESTMENT TRUSTS,False
VREX,Health Care,XLV,"ELECTRONIC COMPONENTS, NEC",False
VRNA,Health Care,XLV,,False
VRNS,Information Technology,XLK,SERVICES-PREPACKAGED SOFTWARE,False
VRNT,Information Technology,XLK,Software,False
VRRM,Industrials,XLI,TRANSPORTATION SERVICES,False
VRSK,Industrials,XLI,SERVICES-COMPUTER PROCESSING & DATA PREPARATION,False
VRSN,Information Technology,XLK,SERVICES-COMPUTER PROGRAMMING SERVICES,False
VRT,Industrials,XLI,"ELECTRONIC COMPONENTS, NEC",False
VRTS,Financials,XLF,INVESTMENT ADVICE,False
VRTU,Information Technology,XLK,IT Services,False
VRTX,Health Care,XLV,PHARMACEUTICAL PREPARATIONS,False
VSAT,Information Technology,XLK,"COMMUNICATIONS SERVICES, NEC",False
VSCO,Consumer Discretionary,XLY,RETAIL-WOMEN'S CLOTHING STORES,False
VSEC,Industrials,XLI,SERVICES-ENGINEERING SERVICES,False
VSH,Information Technology,XLK,ELECTRONIC COMPONENTS & ACCESSORIES,False
VST,Power Generation,XLE,ELECTRIC SERVICES,True
VSTA,Consumer Discretionary,XLY,,False
VSTS,Industrials,XLI,WHOLESALE-MISCELLANEOUS NONDURABLE GOODS,False
VTGN,Health Care,XLV,PHARMACEUTICAL PREPARATIONS,False
VTI,ETF,VTI,,False
VTLE,Energy,XLE,"Oil, Gas & Consumable Fuels",False
VTOL,Energy,XLE,"AIR TRANSPORTATION, NONSCHEDULED",False
VTR,Real Estate,XLRE,REAL ESTATE INVESTMENT TRUSTS,False
VTRS,Health Care,XLV,PHARMACEUTICAL PREPARATIONS,False
VTS,Energy,XLE,CRUDE PETROLEUM & NATURAL GAS,False
VUZI,Information Technology,XLK,RADIO & TV BROADCASTING & COMMUNICATIONS EQUIPMENT,False
VVIT,Utilities,XLU,,False
VVPR,Utilities,XLU,,False
VVV,Energy,XLE,MISCELLANEOUS PRODUCTS OF PETROLEUM & COAL,False
VVX,Industrials,XLI,SERVICES-FACILITIES SUPPORT MANAGEMENT SERVICES,False
VWO,ETF,VWO,,False
VWTR,Industrials,XLI,,False
VXX,ETF,VXX,,False
VYGR,Health Care,XLV,"BIOLOGICAL PRODUCTS, (NO DIAGNOSTIC SUBSTANCES)",False
VYX,Information Technology,XLK,CALCULATING & ACCOUNTING MACHINES (NO ELECTRONIC COMPUTERS),False
VZ,Communication Services,XLC,TELEPHONE COMMUNICATIONS (NO RADIOTELEPHONE),False
VZLA,Materials,XLB,,False
W,Consumer Discretionary,XLY,RETAIL-CATALOG & MAIL-ORDER HOUSES,False
WAB,Industrials,XLI,RAILROAD EQUIPMENT,False
WABC,Financials,XLF,NATIONAL COMMERCIAL BANKS,False
WAFD,Financials,XLF,NATIONAL COMMERCIAL BANKS,False
WAL,Financials,XLF,STATE COMMERCIAL BANKS,False
WALD,Information Technology,XLK,"PERFUMES, COSMETICS & OTHER TOILET PREPARATIONS",False
WASH,Financials,XLF,STATE COMMERCIAL BANKS,False
WAT,Health Care,XLV,LABORATORY ANALYTICAL INSTRUMENTS,False
WAVE,Utilities,XLU,,False
WAY,Health Care,XLV,SERVICES-COMPUTER INTEGRATED SYSTEMS DESIGN,False
WBA,Consumer Staples,XLP,,False
WBD,Communication Services,XLC,CABLE & OTHER PAY TELEVISION SERVICES,False
WBS,Financials,XLF,NATIONAL COMMERCIAL BANKS,False
WCC,Industrials,XLI,"WHOLESALE-ELECTRICAL APPARATUS & EQUIPMENT, WIRING SUPPLIES",False
WCN,Industrials,XLI,REFUSE SYSTEMS,False
WD,Financials,XLF,FINANCE SERVICES,False
WDAY,Information Technology,XLK,SERVICES-COMPUTER PROCESSING & DATA PREPARATION,False
WDC,Information Technology,XLK,COMPUTER STORAGE DEVICES,False
WDFC,Energy,XLE,MISCELLANEOUS CHEMICAL PRODUCTS,False
WEAV,Information Technology,XLK,SERVICES-PREPACKAGED SOFTWARE,False
WEC,Utilities,XLU,ELECTRIC & OTHER SERVICES COMBINED,False
WELL,Real Estate,XLRE,REAL ESTATE INVESTMENT TRUSTS,False
WEN,Consumer Discretionary,XLY,RETAIL-EATING & DRINKING PLACES,False
WERN,Industrials,XLI,TRUCKING (NO LOCAL),False
WES,Energy,XLE,NATURAL GAS TRANSMISSION,False
WEST,Consumer Staples,XLP,BEVERAGES,False
WEX,Information Technology,XLK,"SERVICES-BUSINESS SERVICES, NEC",False
WFC,Financials,XLF,NATIONAL COMMERCIAL BANKS,False
WFRD,Energy,XLE,OIL & GAS FIELD MACHINERY & EQUIPMENT,False
WGO,Consumer Discretionary,XLY,MOTOR HOMES,False
WGS,Health Care,XLV,SERVICES-HEALTH SERVICES,False
WH,Consumer Discretionary,XLY,HOTELS & MOTELS,False
WHD,Energy,XLE,OIL & GAS FIELD MACHINERY & EQUIPMENT,False
WHR,Consumer Discretionary,XLY,HOUSEHOLD APPLIANCES,False
WINA,Consumer Discretionary,XLY,RETAIL-MISCELLANEOUS RETAIL,False
WING,Consumer Discretionary,XLY,RETAIL-EATING PLACES,False
WIX,Information Technology,XLK,IT Services,False
WK,Information Technology,XLK,SERVICES-PREPACKAGED SOFTWARE,False
WKC,Energy,XLE,WHOLESALE-PETROLEUM & PETROLEUM PRODUCTS (NO BULK STATIONS),False
WLDN,Industrials,XLI,SERVICES-ENGINEERING SERVICES,False
WLFC,Industrials,XLI,"WHOLESALE-MACHINERY, EQUIPMENT & SUPPLIES",False
WLGS,Industrials,XLI,,False
WLK,Materials,XLB,INDUSTRIAL ORGANIC CHEMICALS,False
WLY,Communication Services,XLC,BOOKS: PUBLISHING OR PUBLISHING & PRINTING,False
WM,Industrials,XLI,REFUSE SYSTEMS,False
WMB,Energy,XLE,NATURAL GAS TRANSMISSION,False
WMG,Communication Services,XLC,SERVICES-AMUSEMENT & RECREATION SERVICES,False
WMK,Consumer Staples,XLP,RETAIL-GROCERY STORES,False
WMS,Industrials,XLI,PLASTICS FOAM PRODUCTS,False
WMT,Consumer Staples,XLP,RETAIL-VARIETY STORES,False
WNC,Industrials,XLI,TRUCK TRAILERS,False
WNS,Industrials,XLI,,False
WOLF,Information Technology,XLK,SEMICONDUCTORS & RELATED DEVICES,False
WOOF,Consumer Discretionary,XLY,"RETAIL-RETAIL STORES, NEC",False
WOR,Industrials,XLI,"STEEL WORKS, BLAST FURNACES & ROLLING & FINISHING MILLS",False
WOW,Communication Services,XLC,,False
WPC,Real Estate,XLRE,REAL ESTATE INVESTMENT TRUSTS,False
WRB,Financials,XLF,"FIRE, MARINE & CASUALTY INSURANCE",False
WRBY,Health Care,XLV,OPHTHALMIC GOODS,False
WRD,Consumer Discretionary,XLY,Auto Components,False
WRLD,Financials,XLF,PERSONAL CREDIT INSTITUTIONS,False
WS,Materials,XLB,"STEEL WORKS, BLAST FURNACES & ROLLING & FINISHING MILLS",False
WSBC,Financials,XLF,NATIONAL COMMERCIAL BANKS,False
WSBF,Financials,XLF,"SAVINGS INSTITUTION, FEDERALLY CHARTERED",False
WSC,Industrials,XLI,SERVICES-MISCELLANEOUS EQUIPMENT RENTAL & LEASING,False
WSFS,Financials,XLF,NATIONAL COMMERCIAL BANKS,False
WSM,Consumer Discretionary,XLY,"RETAIL-HOME FURNITURE, FURNISHINGS & EQUIPMENT STORES",False
WSO,Industrials,XLI,WHOLESALE-HARDWARE & PLUMBING & HEATING EQUIPMENT & SUPPLIES,False
WSR,Real Estate,XLRE,REAL ESTATE INVESTMENT TRUSTS,False
WST,Health Care,XLV,SURGICAL & MEDICAL INSTRUMENTS & APPARATUS,False
WSTG,Information Technology,XLK,"Electronic Equipment, Instruments & Components",False
WT,Financials,XLF,"SECURITY BROKERS, DEALERS & FLOTATION COMPANIES",False
WTBA,Financials,XLF,STATE COMMERCIAL BANKS,False
WTFC,Financials,XLF,STATE COMMERCIAL BANKS,False
WTI,Energy,XLE,CRUDE PETROLEUM & NATURAL GAS,False
WTM,Financials,XLF,"FIRE, MARINE & CASUALTY INSURANCE",False
WTNW,Utilities,XLU,,False
WTRG,Utilities,XLU,WATER SUPPLY,False
WTS,Industrials,XLI,MISCELLANEOUS FABRICATED METAL PRODUCTS,False
WTTR,Energy,XLE,"OIL & GAS FIELD SERVICES, NEC",False
WTW,Consumer Discretionary,XLY,"INSURANCE AGENTS, BROKERS & SERVICE",False
WU,Financials,XLF,"SERVICES-BUSINESS SERVICES, NEC",False
WULF,Information Technology,XLK,FINANCE SERVICES,False
WVE,Health Care,XLV,PHARMACEUTICAL PREPARATIONS,False
WW,Consumer Discretionary,XLY,SERVICES-PERSONAL SERVICES,False
WWD,Industrials,XLI,ELECTRICAL INDUSTRIAL APPARATUS,False
WWPW,Utilities,XLU,,False
WWR,Industrials,XLI,METAL MINING,False
WWW,Consumer Discretionary,XLY,"FOOTWEAR, (NO RUBBER)",False
WY,Real Estate,XLRE,REAL ESTATE INVESTMENT TRUSTS,False
WYNN,Consumer Discretionary,XLY,HOTELS & MOTELS,False
X,Materials,XLB,Metals & Mining,False
XBI,ETF,XBI,,False
XEL,Utilities,XLU,ELECTRIC & OTHER SERVICES COMBINED,False
XENE,Health Care,XLV,PHARMACEUTICAL PREPARATIONS,False
XERS,Health Care,XLV,PHARMACEUTICAL PREPARATIONS,False
XHB,Consumer Discretionary (ETF),XHB,,False
XHR,Real Estate,XLRE,HOTELS & MOTELS,False
XIFR,Utilities,XLU,ELECTRIC SERVICES,False
XLB,ETF,XLB,,False
XLC,ETF,XLC,,False
XLE,ETF,XLE,,False
XLF,ETF,XLF,STATE COMMERCIAL BANKS,False
XLI,ETF,XLI,,False
XLK,ETF,XLK,,False
XLP,ETF,XLP,,False
XLRE,ETF,XLRE,,False
XLU,ETF,XLU,,False
XLV,ETF,XLV,,False
XLY,ETF,XLY,,False
XMTR,Industrials,XLI,"SERVICES-BUSINESS SERVICES, NEC",False
XNCR,Health Care,XLV,PHARMACEUTICAL PREPARATIONS,False
XNET,Information Technology,XLK,Software,False
XOM,Energy,XLE,PETROLEUM REFINING,False
XOP,ETF,XOP,,False
XOVR,Communication / Tech,XLC,,False
XP,Financials,XLF,Capital Markets,False
XPEL,Consumer Discretionary,XLY,"COATING, ENGRAVING & ALLIED SERVICES",False
XPER,Information Technology,XLK,SERVICES-PREPACKAGED SOFTWARE,False
XPEV,Consumer Discretionary,XLY,Automobiles,False
XPO,Industrials,XLI,TRANSPORTATION SERVICES,False
XPOF,Consumer Discretionary,XLY,SERVICES-MISCELLANEOUS AMUSEMENT & RECREATION,False
XPRO,Energy,XLE,"OIL & GAS FIELD SERVICES, NEC",False
XRAY,Health Care,XLV,DENTAL EQUIPMENT & SUPPLIES,False
XRT,ETF,XRT,,False
XRX,Information Technology,XLK,"COMPUTER PERIPHERAL EQUIPMENT, NEC",False
XXII,Consumer Staples,XLP,CIGARETTES,False
XYL,Industrials,XLI,PUMPS & PUMPING EQUIPMENT,False
XYZ,Information Technology,XLK,SERVICES-PREPACKAGED SOFTWARE,False
YB,Financials,XLF,Insurance,False
YELP,Communication Services,XLC,SERVICES-PERSONAL SERVICES,False
YETI,Consumer Discretionary,XLY,"SPORTING & ATHLETIC GOODS, NEC",False
YEXT,Information Technology,XLK,SERVICES-COMPUTER PROCESSING & DATA PREPARATION,False
YMM,Information Technology,XLK,,False
YORW,Utilities,XLU,WATER SUPPLY,False
YOU,Information Technology,XLK,SERVICES-PREPACKAGED SOFTWARE,False
YUM,Consumer Discretionary,XLY,RETAIL-EATING PLACES,False
YUMC,Consumer Discretionary,XLY,RETAIL-EATING PLACES,False
Z,Communication Services,XLC,"SERVICES-BUSINESS SERVICES, NEC",False
ZBH,Health Care,XLV,"ORTHOPEDIC, PROSTHETIC & SURGICAL APPLIANCES & SUPPLIES",False
ZBRA,Information Technology,XLK,GENERAL INDUSTRIAL MACHINERY & EQUIPMENT,False
ZD,Communication Services,XLC,TELEGRAPH & OTHER MESSAGE COMMUNICATIONS,False
ZETA,Information Technology,XLK,SERVICES-PREPACKAGED SOFTWARE,False
ZEUS,Materials,XLB,WHOLESALE-METALS SERVICE CENTERS & OFFICES,False
ZG,Communication Services,XLC,"SERVICES-BUSINESS SERVICES, NEC",False
ZI,Information Technology,XLK,Interactive Media & Services,False
ZIM,Industrials,XLI,Marine Transportation,False
ZION,Energy,XLE,NATIONAL COMMERCIAL BANKS,False
ZIP,Industrials,XLI,"SERVICES-COMPUTER PROGRAMMING, DATA PROCESSING, ETC.",False
ZM,Information Technology,XLK,"SERVICES-COMPUTER PROGRAMMING, DATA PROCESSING, ETC.",False
ZS,Information Technology,XLK,SERVICES-COMPUTER PROGRAMMING SERVICES,False
ZTO,Industrials,XLI,,False
ZTS,Health Care,XLV,PHARMACEUTICAL PREPARATIONS,False
ZUMZ,Consumer Discretionary,XLY,RETAIL-APPAREL & ACCESSORY STORES,False
ZUO,Information Technology,XLK,Software,False
ZVRA,Health Care,XLV,PHARMACEUTICAL PREPARATIONS,False
ZWS,Industrials,XLI,GENERAL INDUSTRIAL MACHINERY & EQUIPMENT,False
ZYME,Health Care,XLV,PHARMACEUTICAL PREPARATIONS,False
