field,final_book_schema,lab_ui_reference,ui_projection_sources,eod_candidate_column,morning_result_column,interpreter_handoff_column,observed_provenance_20260922_223221,populated_final_rows_of_1550,target_update_policy,mapping_status,source_expression_in_materializer,enrichment_aliases,notes
action_category,YES,NO,,NO,NO,YES,morning_validated_trades (1550),1550,REVIEW_FIELD_SEMANTICS; do not infer freshness from field name,GOVERNED_FIELD_KEEP_UNTIL_CONSUMER_REVIEW,"first(sig, ""lab_execution_status"", ""eod_candidate_status"", ""execution_category"", ""lab_verdict"")",,
activity_authority,YES,NO,,NO,NO,YES,execution_v3_5 (1367),1367,REVIEW_FIELD_SEMANTICS; do not infer freshness from field name,GOVERNED_FIELD_KEEP_UNTIL_CONSUMER_REVIEW,"first(sig, ""activity_authority"", ""opt__activity_authority"")",activity_authority | opt__activity_authority,
activity_directional_inference,YES,NO,,NO,NO,YES,execution_v3_5 (1367),1367,REVIEW_FIELD_SEMANTICS; do not infer freshness from field name,GOVERNED_FIELD_KEEP_UNTIL_CONSUMER_REVIEW,"first(sig, ""activity_directional_inference"", ""opt__activity_directional_inference"")",activity_directional_inference | opt__activity_directional_inference,
activity_evidence_strength,YES,NO,,NO,NO,YES,execution_v3_5 (1367),1367,REVIEW_FIELD_SEMANTICS; do not infer freshness from field name,GOVERNED_FIELD_KEEP_UNTIL_CONSUMER_REVIEW,"first(sig, ""activity_evidence_strength"", ""opt__activity_evidence_strength"")",activity_evidence_strength | opt__activity_evidence_strength,
activity_reason,YES,NO,,NO,NO,YES,execution_v3_5 (1367),1367,REVIEW_FIELD_SEMANTICS; do not infer freshness from field name,GOVERNED_FIELD_KEEP_UNTIL_CONSUMER_REVIEW,"first(sig, ""activity_reason"", ""opt__activity_reason"")",activity_reason | opt__activity_reason,
actuarial_confidence,YES,NO,,NO,NO,YES,morning_validated_trades (1550),1550,REVIEW_FIELD_SEMANTICS; do not infer freshness from field name,GOVERNED_FIELD_KEEP_UNTIL_CONSUMER_REVIEW,"first(sig, ""actuarial_confidence"", ""layer2__sample_confidence_bucket"", ""vg__layer2__sample_confidence_bucket"")",,
actuarial_ev_weight,YES,NO,,YES,YES,YES,morning_validated_trades (1550),1550,REVIEW_FIELD_SEMANTICS; do not infer freshness from field name,GOVERNED_FIELD_KEEP_UNTIL_CONSUMER_REVIEW,"first(sig, ""actuarial_ev_weight"", ""vg__actuarial_ev_weight"")",,
actuarial_match_method,YES,NO,,NO,NO,YES,morning_validated_trades (1550),1550,REVIEW_FIELD_SEMANTICS; do not infer freshness from field name,GOVERNED_FIELD_KEEP_UNTIL_CONSUMER_REVIEW,"first(sig, ""actuarial_match_method"", ""layer2__state_match_method"", ""vg__layer2__state_match_method"")",,
actuarial_match_type,YES,NO,,YES,YES,YES,morning_validated_trades (1367),1367,REVIEW_FIELD_SEMANTICS; do not infer freshness from field name,GOVERNED_FIELD_KEEP_UNTIL_CONSUMER_REVIEW,"first(sig, ""actuarial_match_type"", ""vg__actuarial_match_type"")",,
actuarial_sample_size,YES,NO,,NO,NO,YES,morning_validated_trades (1550),1550,REVIEW_FIELD_SEMANTICS; do not infer freshness from field name,GOVERNED_FIELD_KEEP_UNTIL_CONSUMER_REVIEW,"first(
            sig,
            ""actuarial_sample_size"",
            ""layer2__sample_size"",
            ""vg__layer2__sample_size"",
            ""layer2__future_momentum_bucket_sample_size"",
            ""vg__layer2__future_momentum_buc...",,
advisory_flags,YES,NO,,NO,NO,YES,morning_validated_trades (1550),1550,REVIEW_FIELD_SEMANTICS; do not infer freshness from field name,GOVERNED_FIELD_KEEP_UNTIL_CONSUMER_REVIEW,"first(sig, ""advisory_flags"")",,
alternative_contract_1,YES,NO,,YES,YES,YES,morning_validated_trades (900),900,REVIEW_FIELD_SEMANTICS; do not infer freshness from field name,GOVERNED_FIELD_KEEP_UNTIL_CONSUMER_REVIEW,"first(sig, ""alternative_contract_1"", ""alt_contract_1"")",,
alternative_contract_2,YES,NO,,YES,YES,YES,morning_validated_trades (786),786,REVIEW_FIELD_SEMANTICS; do not infer freshness from field name,GOVERNED_FIELD_KEEP_UNTIL_CONSUMER_REVIEW,"first(sig, ""alternative_contract_2"", ""alt_contract_2"")",,
alternative_contract_3,YES,NO,,YES,YES,YES,morning_validated_trades (688),688,REVIEW_FIELD_SEMANTICS; do not infer freshness from field name,GOVERNED_FIELD_KEEP_UNTIL_CONSUMER_REVIEW,"first(sig, ""alternative_contract_3"", ""alt_contract_3"")",,
alternative_contract_attempts,YES,NO,,YES,YES,YES,morning_validated_trades (39),39,REVIEW_FIELD_SEMANTICS; do not infer freshness from field name,GOVERNED_FIELD_KEEP_UNTIL_CONSUMER_REVIEW,"first(sig, ""alternative_contract_attempts"", ""opt__alternative_contract_attempts"")",,
anticipated_move_sessions,YES,NO,,NO,NO,YES,NOT_RECORDED,0,REVIEW_FIELD_SEMANTICS; do not infer freshness from field name,GOVERNED_FIELD_KEEP_UNTIL_CONSUMER_REVIEW,,,Published field empty for every row in sampled Morning run
anticipated_move_source,YES,NO,,NO,NO,YES,NOT_RECORDED,0,REVIEW_FIELD_SEMANTICS; do not infer freshness from field name,GOVERNED_FIELD_KEEP_UNTIL_CONSUMER_REVIEW,,,Published field empty for every row in sampled Morning run
atm_distance_sigma,YES,YES,,YES,YES,YES,morning_validated_trades (1176),1176,REVIEW_FIELD_SEMANTICS; do not infer freshness from field name,GOVERNED_FIELD_KEEP_UNTIL_CONSUMER_REVIEW,"first(sig, ""atm_distance_sigma"", ""atm_distance_sigma_1d"")",,
atm_iv,YES,NO,,NO,NO,YES,options_intelligence (1379),1379,REVIEW_FIELD_SEMANTICS; do not infer freshness from field name,GOVERNED_FIELD_KEEP_UNTIL_CONSUMER_REVIEW,"first(sig, ""atm_iv"", ""opt__atm_iv"")",atm_iv | opt__atm_iv,
avg_pnl_usd,NO,YES,,NO,NO,NO,NOT_RECORDED,0,REVIEW_FIELD_SEMANTICS; do not infer freshness from field name,LEGACY_UI_FIELD_REVIEW,,,UI reads field not directly in final book or governed UI alias map; verify other projection
bar_data_asof,YES,NO,,YES,YES,YES,morning_validated_trades (1550),1550,REVIEW_FIELD_SEMANTICS; do not infer freshness from field name,GOVERNED_FIELD_KEEP_UNTIL_CONSUMER_REVIEW,"first(sig, ""bar_data_asof"", ""data_asof"")",,
bar_data_days_old,YES,NO,,YES,YES,YES,morning_validated_trades (1550),1550,REVIEW_FIELD_SEMANTICS; do not infer freshness from field name,GOVERNED_FIELD_KEEP_UNTIL_CONSUMER_REVIEW,"first(sig, ""bar_data_days_old"", ""data_days_old"")",,
bar_data_source,YES,NO,,YES,YES,YES,morning_validated_trades (1550),1550,REVIEW_FIELD_SEMANTICS; do not infer freshness from field name,GOVERNED_FIELD_KEEP_UNTIL_CONSUMER_REVIEW,"first(sig, ""bar_data_source"", ""data_source"")",,
bar_evidence_reason,YES,NO,,YES,YES,YES,morning_validated_trades (1550),1550,REVIEW_FIELD_SEMANTICS; do not infer freshness from field name,GOVERNED_FIELD_KEEP_UNTIL_CONSUMER_REVIEW,"first(sig, ""bar_evidence_reason"")",,
bar_evidence_state,YES,NO,,YES,YES,YES,morning_validated_trades (1550),1550,REVIEW_FIELD_SEMANTICS; do not infer freshness from field name,GOVERNED_FIELD_KEEP_UNTIL_CONSUMER_REVIEW,"first(sig, ""bar_evidence_state"")",,
behaviour_state_hash,YES,NO,,YES,YES,YES,morning_validated_trades (1550),1550,REVIEW_FIELD_SEMANTICS; do not infer freshness from field name,GOVERNED_FIELD_KEEP_UNTIL_CONSUMER_REVIEW,"first(sig, ""behaviour_state_hash"", ""vg__behaviour_state_hash"")",,
behaviour_state_key,YES,NO,,YES,YES,YES,morning_validated_trades (1550),1550,REVIEW_FIELD_SEMANTICS; do not infer freshness from field name,GOVERNED_FIELD_KEEP_UNTIL_CONSUMER_REVIEW,"first(sig, ""behaviour_state_key"", ""vg__behaviour_state_key"")",,
breakeven_feasibility,YES,NO,,YES,YES,YES,morning_validated_trades (1136),1136,REVIEW_FIELD_SEMANTICS; do not infer freshness from field name,GOVERNED_FIELD_KEEP_UNTIL_CONSUMER_REVIEW,"first(sig, ""breakeven_feasibility"", ""opt__breakeven_feasibility"") if quote_not_borrowed else """"",breakeven_feasibility | opt__breakeven_feasibility,
breakeven_pct,YES,NO,,NO,YES,YES,options_intelligence (804),804,REVIEW_FIELD_SEMANTICS; do not infer freshness from field name,GOVERNED_FIELD_KEEP_UNTIL_CONSUMER_REVIEW,"first(sig, ""breakeven_pct"", ""csm_breakeven_pct"", ""opt__breakeven_pct"") if quote_not_borrowed else """"",breakeven_pct | csm_breakeven_pct | opt__breakeven_pct,
breakeven_price,YES,NO,,NO,YES,YES,options_intelligence (804),804,REVIEW_FIELD_SEMANTICS; do not infer freshness from field name,GOVERNED_FIELD_KEEP_UNTIL_CONSUMER_REVIEW,"first(sig, ""breakeven_price"", ""opt__breakeven_price"") if quote_not_borrowed else """"",breakeven_price | opt__breakeven_price,
bucket,NO,YES,,NO,NO,NO,NOT_RECORDED,0,REVIEW_FIELD_SEMANTICS; do not infer freshness from field name,LEGACY_UI_FIELD_REVIEW,,,UI reads field not directly in final book or governed UI alias map; verify other projection
call_wall,YES,NO,,NO,NO,YES,options_intelligence (1379),1379,REVIEW_FIELD_SEMANTICS; do not infer freshness from field name,GOVERNED_FIELD_KEEP_UNTIL_CONSUMER_REVIEW,"first(sig, ""call_wall"", ""opt__call_wall"")",call_wall | opt__call_wall,
campaign_verdict,YES,NO,,NO,NO,YES,morning_validated_trades (1367),1550,REVIEW_FIELD_SEMANTICS; do not infer freshness from field name,GOVERNED_FIELD_KEEP_UNTIL_CONSUMER_REVIEW,"first(sig, ""campaign_verdict"", ""sb_campaign"", ""convexity_campaign"")",campaign_verdict | sb_campaign | convexity_campaign,
candidate_status,NO,YES,,YES,YES,NO,NOT_RECORDED,0,REVIEW_FIELD_SEMANTICS; do not infer freshness from field name,LEGACY_UI_FIELD_REVIEW,,,UI reads field not directly in final book or governed UI alias map; verify other projection
canonical_direction,YES,YES,,YES,YES,YES,morning_validated_trades (1550),1550,REVIEW_FIELD_SEMANTICS; do not infer freshness from field name,GOVERNED_FIELD_KEEP_UNTIL_CONSUMER_REVIEW,canonical_direction,,
catalyst_date,YES,NO,,YES,YES,YES,morning_validated_trades (12),12,REVIEW_FIELD_SEMANTICS; do not infer freshness from field name,GOVERNED_FIELD_KEEP_UNTIL_CONSUMER_REVIEW,"sig.get(""catalyst_date"", """")",catalyst_date,
catalyst_direction_bias,YES,NO,,YES,YES,YES,morning_validated_trades (8),8,REVIEW_FIELD_SEMANTICS; do not infer freshness from field name,GOVERNED_FIELD_KEEP_UNTIL_CONSUMER_REVIEW,"sig.get(""catalyst_direction_bias"", """")",catalyst_direction_bias,
catalyst_event_status,YES,YES,,YES,YES,YES,morning_validated_trades (12),12,REVIEW_FIELD_SEMANTICS; do not infer freshness from field name,GOVERNED_FIELD_KEEP_UNTIL_CONSUMER_REVIEW,"sig.get(""catalyst_event_status"", """")",catalyst_event_status,
catalyst_overlay,YES,NO,,YES,YES,YES,NOT_RECORDED,0,REVIEW_FIELD_SEMANTICS; do not infer freshness from field name,GOVERNED_FIELD_KEEP_UNTIL_CONSUMER_REVIEW,"first(sig, ""catalyst_overlay"", ""vg__catalyst_overlay"")",catalyst_overlay,Published field empty for every row in sampled Morning run
catalyst_truth_score,YES,YES,,YES,YES,YES,morning_validated_trades (1550),1550,REVIEW_FIELD_SEMANTICS; do not infer freshness from field name,GOVERNED_FIELD_KEEP_UNTIL_CONSUMER_REVIEW,"sig.get(""catalyst_truth_score"", """")",catalyst_truth_score,
catalyst_type,YES,YES,,YES,YES,YES,morning_validated_trades (1550),1550,REVIEW_FIELD_SEMANTICS; do not infer freshness from field name,GOVERNED_FIELD_KEEP_UNTIL_CONSUMER_REVIEW,"sig.get(""catalyst_type"", """")",catalyst_type,
change_status,YES,NO,,NO,NO,YES,NOT_RECORDED,0,MORNING_OBSERVATION; provider and fetch time separate,GOVERNED_FIELD_KEEP_UNTIL_CONSUMER_REVIEW,"first(sig, ""change_status"")",,"Published field empty for every row in sampled Morning run; OVERLAY_REJECTED_2026-09-23: accepted handoff overlay rejected on every row (identity mismatch on selected_contract_symbol, source mapping 4a); measured: 0 of 1550 as published, 359 of 1550 once identity reconciles"
check_direction_integrity_pass,YES,YES,,NO,YES,YES,morning_validated_trades (1550),1550,REVIEW_FIELD_SEMANTICS; do not infer freshness from field name,GOVERNED_FIELD_KEEP_UNTIL_CONSUMER_REVIEW,"first(sig, ""check_direction_integrity_pass"")",,
check_direction_integrity_reason,YES,YES,,NO,YES,YES,morning_validated_trades (1550),1550,REVIEW_FIELD_SEMANTICS; do not infer freshness from field name,GOVERNED_FIELD_KEEP_UNTIL_CONSUMER_REVIEW,"first(sig, ""check_direction_integrity_reason"")",,
comparison_status,YES,YES,,NO,NO,YES,NOT_RECORDED,0,MORNING_OBSERVATION; provider and fetch time separate,GOVERNED_FIELD_KEEP_UNTIL_CONSUMER_REVIEW,"first(sig, ""comparison_status"")",,"Published field empty for every row in sampled Morning run; OVERLAY_REJECTED_2026-09-23: accepted handoff overlay rejected on every row (identity mismatch on selected_contract_symbol, source mapping 4a); measured: 0 of 1550 as published, 359 of 1550 once identity reconciles"
completed_close,NO,YES,,NO,NO,NO,NOT_RECORDED,0,"FROZEN_EOD; Morning may compare, never silently overwrite",LEGACY_UI_FIELD_REVIEW,,,UI reads field not directly in final book or governed UI alias map; verify other projection
completed_profile_evidence_id,NO,YES,,NO,NO,NO,NOT_RECORDED,0,REVIEW_FIELD_SEMANTICS; do not infer freshness from field name,LEGACY_UI_FIELD_REVIEW,,,UI reads field not directly in final book or governed UI alias map; verify other projection
completed_session,NO,YES,,NO,NO,NO,NOT_RECORDED,0,REVIEW_FIELD_SEMANTICS; do not infer freshness from field name,LEGACY_UI_FIELD_REVIEW,,,UI reads field not directly in final book or governed UI alias map; verify other projection
composite,NO,YES,composite_score,YES,YES,NO,NOT_RECORDED,0,PRESENTATION_ALIAS; source field must be provenance-bound,PRESENTATION_ALIAS_KEEP_UNTIL_PARITY,,,
composite_score,YES,NO,,NO,NO,YES,morning_validated_trades (1550),1550,REVIEW_FIELD_SEMANTICS; do not infer freshness from field name,GOVERNED_FIELD_KEEP_UNTIL_CONSUMER_REVIEW,"first(sig, ""composite_score"", ""composite"", ""options_research_score"")",composite_score | composite | options_research_score,
compression_energy,YES,NO,,YES,YES,YES,morning_validated_trades (1550),1550,REVIEW_FIELD_SEMANTICS; do not infer freshness from field name,GOVERNED_FIELD_KEEP_UNTIL_CONSUMER_REVIEW,"first(sig, ""compression_energy"", ""vg__compression_energy"")",,
conflict_flags,YES,YES,,NO,NO,YES,morning_validated_trades (1550),1550,REVIEW_FIELD_SEMANTICS; do not infer freshness from field name,GOVERNED_FIELD_KEEP_UNTIL_CONSUMER_REVIEW,"sig.get(""conflict_flags"", ""[]"")",,
conflict_state,YES,YES,,NO,NO,YES,morning_validated_trades (1550),1550,REVIEW_FIELD_SEMANTICS; do not infer freshness from field name,GOVERNED_FIELD_KEEP_UNTIL_CONSUMER_REVIEW,"sig.get(""conflict_state"", ""CLEAN"")",,
contract_ask,YES,NO,,YES,YES,YES,morning_validated_trades (1368),1368,REVIEW_FIELD_SEMANTICS; do not infer freshness from field name,GOVERNED_FIELD_KEEP_UNTIL_CONSUMER_REVIEW,"first_price(sig, ""contract_ask"", ""opt__contract_ask"", ""ask"") if quote_owned else """"",contract_ask | opt__contract_ask | ask,
contract_ask_change,YES,NO,,NO,NO,YES,NOT_RECORDED,0,MORNING_OBSERVATION; provider and fetch time separate,GOVERNED_FIELD_KEEP_UNTIL_CONSUMER_REVIEW,"first(sig, ""contract_ask_change"")",,"Published field empty for every row in sampled Morning run; OVERLAY_REJECTED_2026-09-23: accepted handoff overlay rejected on every row (identity mismatch on selected_contract_symbol, source mapping 4a); measured: 0 of 1550 as published, 359 of 1550 once identity reconciles"
contract_ask_change_pct,YES,NO,,NO,NO,YES,NOT_RECORDED,0,MORNING_OBSERVATION; provider and fetch time separate,GOVERNED_FIELD_KEEP_UNTIL_CONSUMER_REVIEW,"first(sig, ""contract_ask_change_pct"")",,"Published field empty for every row in sampled Morning run; OVERLAY_REJECTED_2026-09-23: accepted handoff overlay rejected on every row (identity mismatch on selected_contract_symbol, source mapping 4a); measured: 0 of 1550 as published, 359 of 1550 once identity reconciles"
contract_ask_size,YES,YES,,YES,YES,YES,morning_validated_trades (1368),1368,REVIEW_FIELD_SEMANTICS; do not infer freshness from field name,GOVERNED_FIELD_KEEP_UNTIL_CONSUMER_REVIEW,"first(sig, ""contract_ask_size"", ""live_contract_ask_size"") if quote_not_borrowed else """"",,
contract_ask_size_change,YES,NO,,NO,NO,YES,NOT_RECORDED,0,REVIEW_FIELD_SEMANTICS; do not infer freshness from field name,GOVERNED_FIELD_KEEP_UNTIL_CONSUMER_REVIEW,"first(sig, ""contract_ask_size_change"")",,"Published field empty for every row in sampled Morning run; OVERLAY_REJECTED_2026-09-23: accepted handoff overlay rejected on every row (identity mismatch on selected_contract_symbol, source mapping 4a); measured: 0 of 1550 as published, 359 of 1550 once identity reconciles"
contract_bid,YES,NO,,YES,YES,YES,morning_validated_trades (1368),1368,REVIEW_FIELD_SEMANTICS; do not infer freshness from field name,GOVERNED_FIELD_KEEP_UNTIL_CONSUMER_REVIEW,"first(sig, ""contract_bid"", ""opt__contract_bid"", ""bid"") if quote_owned else """"",contract_bid | opt__contract_bid | bid,
contract_bid_change,YES,NO,,NO,NO,YES,NOT_RECORDED,0,MORNING_OBSERVATION; provider and fetch time separate,GOVERNED_FIELD_KEEP_UNTIL_CONSUMER_REVIEW,"first(sig, ""contract_bid_change"")",,"Published field empty for every row in sampled Morning run; OVERLAY_REJECTED_2026-09-23: accepted handoff overlay rejected on every row (identity mismatch on selected_contract_symbol, source mapping 4a); measured: 0 of 1550 as published, 359 of 1550 once identity reconciles"
contract_bid_change_pct,YES,NO,,NO,NO,YES,NOT_RECORDED,0,MORNING_OBSERVATION; provider and fetch time separate,GOVERNED_FIELD_KEEP_UNTIL_CONSUMER_REVIEW,"first(sig, ""contract_bid_change_pct"")",,"Published field empty for every row in sampled Morning run; OVERLAY_REJECTED_2026-09-23: accepted handoff overlay rejected on every row (identity mismatch on selected_contract_symbol, source mapping 4a); measured: 0 of 1550 as published, 359 of 1550 once identity reconciles"
contract_bid_size,YES,YES,,YES,YES,YES,morning_validated_trades (1368),1368,REVIEW_FIELD_SEMANTICS; do not infer freshness from field name,GOVERNED_FIELD_KEEP_UNTIL_CONSUMER_REVIEW,"first(sig, ""contract_bid_size"", ""live_contract_bid_size"") if quote_not_borrowed else """"",,
contract_bid_size_change,YES,NO,,NO,NO,YES,NOT_RECORDED,0,REVIEW_FIELD_SEMANTICS; do not infer freshness from field name,GOVERNED_FIELD_KEEP_UNTIL_CONSUMER_REVIEW,"first(sig, ""contract_bid_size_change"")",,"Published field empty for every row in sampled Morning run; OVERLAY_REJECTED_2026-09-23: accepted handoff overlay rejected on every row (identity mismatch on selected_contract_symbol, source mapping 4a); measured: 0 of 1550 as published, 359 of 1550 once identity reconciles"
contract_changed,YES,YES,,YES,YES,YES,morning_validated_trades (1550),1550,REVIEW_FIELD_SEMANTICS; do not infer freshness from field name,GOVERNED_FIELD_KEEP_UNTIL_CONSUMER_REVIEW,"sig.get(""contract_changed"", contract_changed)",,
contract_data_state,YES,NO,,NO,YES,YES,governed_materializer (1550),1550,REVIEW_FIELD_SEMANTICS; do not infer freshness from field name,GOVERNED_FIELD_KEEP_UNTIL_CONSUMER_REVIEW,"""AVAILABLE"" if contract_selected
            else CONTRACT_DATA_STATE_SIDE_CONFLICT if contract_side_conflict
            else ""NOT_APPLICABLE_NO_SELECTED_CONTRACT""",,
contract_delta,YES,NO,,YES,YES,YES,morning_validated_trades (1368),1368,REVIEW_FIELD_SEMANTICS; do not infer freshness from field name,GOVERNED_FIELD_KEEP_UNTIL_CONSUMER_REVIEW,"first(sig, ""contract_delta"", ""opt__contract_delta"", ""delta"") if quote_owned else """"",contract_delta | opt__contract_delta | delta,
contract_dte,YES,YES,,YES,YES,YES,morning_validated_trades (1367),1367,REVIEW_FIELD_SEMANTICS; do not infer freshness from field name,GOVERNED_FIELD_KEEP_UNTIL_CONSUMER_REVIEW,"first(sig, ""contract_dte"", ""opt__contract_dte"")",,
contract_dte_basis,YES,NO,,YES,YES,YES,morning_validated_trades (1550),1550,REVIEW_FIELD_SEMANTICS; do not infer freshness from field name,GOVERNED_FIELD_KEEP_UNTIL_CONSUMER_REVIEW,"first(
            sig, ""contract_dte_basis"", default=""XNYS_TRADING_SESSIONS_TO_OCC_EXPIRY""
        )",,
contract_dte_state,YES,NO,,YES,YES,YES,morning_validated_trades (1550),1550,REVIEW_FIELD_SEMANTICS; do not infer freshness from field name,GOVERNED_FIELD_KEEP_UNTIL_CONSUMER_REVIEW,"first(
            sig, ""contract_dte_state"", default=""NOT_APPLICABLE_NO_SELECTED_CONTRACT""
        )",,
contract_expiry,NO,YES,,NO,YES,NO,NOT_RECORDED,0,REVIEW_FIELD_SEMANTICS; do not infer freshness from field name,LEGACY_UI_FIELD_REVIEW,,,UI reads field not directly in final book or governed UI alias map; verify other projection
contract_gamma,YES,NO,,YES,YES,YES,morning_validated_trades (1368),1368,REVIEW_FIELD_SEMANTICS; do not infer freshness from field name,GOVERNED_FIELD_KEEP_UNTIL_CONSUMER_REVIEW,"first(sig, ""contract_gamma"", ""opt__contract_gamma"", ""gamma"") if quote_owned else """"",contract_gamma | opt__contract_gamma | gamma,
contract_iv,YES,NO,,YES,YES,YES,morning_validated_trades (1368),1368,REVIEW_FIELD_SEMANTICS; do not infer freshness from field name,GOVERNED_FIELD_KEEP_UNTIL_CONSUMER_REVIEW,"first(sig, ""contract_iv"", ""opt__contract_iv"", ""iv"") if quote_owned else """"",contract_iv | opt__contract_iv | iv,
contract_mark_synthetic,YES,NO,,NO,YES,YES,options_intelligence (954),954,REVIEW_FIELD_SEMANTICS; do not infer freshness from field name,GOVERNED_FIELD_KEEP_UNTIL_CONSUMER_REVIEW,"first(sig, ""contract_mark_synthetic"", ""mark_synthetic"", ""opt__contract_mark_synthetic"")",contract_mark_synthetic | mark_synthetic | opt__contract_mark_synthetic,
contract_mid,YES,YES,,YES,YES,YES,morning_validated_trades (1368),1368,REVIEW_FIELD_SEMANTICS; do not infer freshness from field name,GOVERNED_FIELD_KEEP_UNTIL_CONSUMER_REVIEW,"first(sig, ""contract_mid"", ""opt__contract_mid"", ""mid"", ""premium_mid"") if quote_owned else """"",contract_mid | opt__contract_mid | mid | premium_mid,
contract_mid_change,YES,NO,,NO,NO,YES,NOT_RECORDED,0,MORNING_OBSERVATION; provider and fetch time separate,GOVERNED_FIELD_KEEP_UNTIL_CONSUMER_REVIEW,"first(sig, ""contract_mid_change"")",,"Published field empty for every row in sampled Morning run; OVERLAY_REJECTED_2026-09-23: accepted handoff overlay rejected on every row (identity mismatch on selected_contract_symbol, source mapping 4a); measured: 0 of 1550 as published, 359 of 1550 once identity reconciles"
contract_mid_change_pct,YES,NO,,NO,NO,YES,NOT_RECORDED,0,MORNING_OBSERVATION; provider and fetch time separate,GOVERNED_FIELD_KEEP_UNTIL_CONSUMER_REVIEW,"first(sig, ""contract_mid_change_pct"")",,"Published field empty for every row in sampled Morning run; OVERLAY_REJECTED_2026-09-23: accepted handoff overlay rejected on every row (identity mismatch on selected_contract_symbol, source mapping 4a); measured: 0 of 1550 as published, 359 of 1550 once identity reconciles"
contract_oi,YES,NO,,YES,YES,YES,morning_validated_trades (1368),1368,REVIEW_FIELD_SEMANTICS; do not infer freshness from field name,GOVERNED_FIELD_KEEP_UNTIL_CONSUMER_REVIEW,"first(sig, ""contract_oi"", ""opt__contract_oi"", ""openInterest"", ""open_interest"") if quote_owned else """"",contract_oi | opt__contract_oi | openInterest | open_interest,
contract_quote_quality,YES,NO,,YES,YES,YES,morning_validated_trades (1368),1368,REVIEW_FIELD_SEMANTICS; do not infer freshness from field name,GOVERNED_FIELD_KEEP_UNTIL_CONSUMER_REVIEW,"first(sig, ""contract_quote_quality"") if quote_not_borrowed else """"",,
contract_quote_timestamp,NO,YES,,NO,YES,NO,NOT_RECORDED,0,REVIEW_FIELD_SEMANTICS; do not infer freshness from field name,LEGACY_UI_FIELD_REVIEW,,,UI reads field not directly in final book or governed UI alias map; verify other projection
contract_repair_action,YES,NO,,YES,YES,YES,morning_validated_trades (1379),1379,REVIEW_FIELD_SEMANTICS; do not infer freshness from field name,GOVERNED_FIELD_KEEP_UNTIL_CONSUMER_REVIEW,"first(sig, ""contract_repair_action"", ""opt__contract_repair_action"")",,
contract_repair_alternative_used,YES,NO,,NO,NO,YES,NOT_RECORDED,0,REVIEW_FIELD_SEMANTICS; do not infer freshness from field name,GOVERNED_FIELD_KEEP_UNTIL_CONSUMER_REVIEW,"first(sig, ""contract_repair_alternative_used"", ""mv__contract_repair_alternative_used"")",,Published field empty for every row in sampled Morning run
contract_repair_live_action,YES,NO,,NO,NO,YES,NOT_RECORDED,0,REVIEW_FIELD_SEMANTICS; do not infer freshness from field name,GOVERNED_FIELD_KEEP_UNTIL_CONSUMER_REVIEW,"first(sig, ""contract_repair_live_action"", ""mv__contract_repair_live_action"")",,Published field empty for every row in sampled Morning run
contract_repair_reason,YES,NO,,YES,YES,YES,morning_validated_trades (1459),1459,REVIEW_FIELD_SEMANTICS; do not infer freshness from field name,GOVERNED_FIELD_KEEP_UNTIL_CONSUMER_REVIEW,"first(sig, ""contract_repair_reason"", ""opt__contract_repair_reason"")",,
contract_repair_required,YES,NO,,YES,YES,YES,morning_validated_trades (1550),1550,REVIEW_FIELD_SEMANTICS; do not infer freshness from field name,GOVERNED_FIELD_KEEP_UNTIL_CONSUMER_REVIEW,"first(sig, ""contract_repair_required"", ""opt__contract_repair_required"")",,
contract_repair_status,YES,NO,,YES,YES,YES,morning_validated_trades (1550),1550,REVIEW_FIELD_SEMANTICS; do not infer freshness from field name,GOVERNED_FIELD_KEEP_UNTIL_CONSUMER_REVIEW,"first(sig, ""contract_repair_status"", ""opt__contract_repair_status"")",,
contract_runway_basis,YES,NO,,NO,NO,YES,NOT_RECORDED,0,REVIEW_FIELD_SEMANTICS; do not infer freshness from field name,GOVERNED_FIELD_KEEP_UNTIL_CONSUMER_REVIEW,,,Published field empty for every row in sampled Morning run
contract_runway_floor_days,YES,NO,,NO,NO,YES,NOT_RECORDED,0,REVIEW_FIELD_SEMANTICS; do not infer freshness from field name,GOVERNED_FIELD_KEEP_UNTIL_CONSUMER_REVIEW,,,Published field empty for every row in sampled Morning run
contract_runway_state,YES,NO,,NO,NO,YES,NOT_RECORDED,0,REVIEW_FIELD_SEMANTICS; do not infer freshness from field name,GOVERNED_FIELD_KEEP_UNTIL_CONSUMER_REVIEW,,,Published field empty for every row in sampled Morning run
contract_selection_reason,YES,YES,,YES,YES,YES,morning_validated_trades (1550),1550,REVIEW_FIELD_SEMANTICS; do not infer freshness from field name,GOVERNED_FIELD_KEEP_UNTIL_CONSUMER_REVIEW,"first(sig, ""contract_selection_reason"", ""contract_repair_reason"")",,
contract_size_quality,YES,NO,,NO,YES,YES,morning_validated_trades (1368),1368,REVIEW_FIELD_SEMANTICS; do not infer freshness from field name,GOVERNED_FIELD_KEEP_UNTIL_CONSUMER_REVIEW,"first(sig, ""contract_size_quality"") if quote_not_borrowed else """"",,
contract_source,YES,NO,,NO,YES,YES,morning_validated_trades (1368),1368,REVIEW_FIELD_SEMANTICS; do not infer freshness from field name,GOVERNED_FIELD_KEEP_UNTIL_CONSUMER_REVIEW,"first(sig, ""contract_source"", ""contract_quote_source"", ""contract_quote_timestamp_source"")",,
contract_spread_change_pp,YES,NO,,NO,NO,YES,NOT_RECORDED,0,MORNING_OBSERVATION; provider and fetch time separate,GOVERNED_FIELD_KEEP_UNTIL_CONSUMER_REVIEW,"first(sig, ""contract_spread_change_pp"")",,"Published field empty for every row in sampled Morning run; OVERLAY_REJECTED_2026-09-23: accepted handoff overlay rejected on every row (identity mismatch on selected_contract_symbol, source mapping 4a); measured: 0 of 1550 as published, 359 of 1550 once identity reconciles"
contract_strike,NO,YES,,NO,YES,NO,NOT_RECORDED,0,REVIEW_FIELD_SEMANTICS; do not infer freshness from field name,LEGACY_UI_FIELD_REVIEW,,,UI reads field not directly in final book or governed UI alias map; verify other projection
contract_symbol,YES,YES,,YES,YES,YES,morning_validated_trades (1368),1368,REVIEW_FIELD_SEMANTICS; do not infer freshness from field name,GOVERNED_FIELD_KEEP_UNTIL_CONSUMER_REVIEW,aligned_contract,,
contract_theta,YES,NO,,YES,YES,YES,morning_validated_trades (1368),1368,REVIEW_FIELD_SEMANTICS; do not infer freshness from field name,GOVERNED_FIELD_KEEP_UNTIL_CONSUMER_REVIEW,"first(sig, ""contract_theta"", ""opt__contract_theta"", ""theta"") if quote_owned else """"",contract_theta | opt__contract_theta | theta,
contract_value_alternatives,YES,NO,,NO,NO,YES,NOT_RECORDED,0,REVIEW_FIELD_SEMANTICS; do not infer freshness from field name,GOVERNED_FIELD_KEEP_UNTIL_CONSUMER_REVIEW,,,Published field empty for every row in sampled Morning run
contract_value_basis,YES,NO,,NO,NO,YES,NOT_RECORDED,0,REVIEW_FIELD_SEMANTICS; do not infer freshness from field name,GOVERNED_FIELD_KEEP_UNTIL_CONSUMER_REVIEW,,,Published field empty for every row in sampled Morning run
contract_value_best_r_central,YES,NO,,NO,NO,YES,NOT_RECORDED,0,REVIEW_FIELD_SEMANTICS; do not infer freshness from field name,GOVERNED_FIELD_KEEP_UNTIL_CONSUMER_REVIEW,,,Published field empty for every row in sampled Morning run
contract_value_best_symbol,YES,NO,,NO,NO,YES,NOT_RECORDED,0,REVIEW_FIELD_SEMANTICS; do not infer freshness from field name,GOVERNED_FIELD_KEEP_UNTIL_CONSUMER_REVIEW,,,Published field empty for every row in sampled Morning run
contract_value_quality_flag,YES,NO,,NO,NO,YES,NOT_RECORDED,0,REVIEW_FIELD_SEMANTICS; do not infer freshness from field name,GOVERNED_FIELD_KEEP_UNTIL_CONSUMER_REVIEW,,,Published field empty for every row in sampled Morning run
contract_value_r_cautious,YES,NO,,NO,NO,YES,NOT_RECORDED,0,REVIEW_FIELD_SEMANTICS; do not infer freshness from field name,GOVERNED_FIELD_KEEP_UNTIL_CONSUMER_REVIEW,,,Published field empty for every row in sampled Morning run
contract_value_r_central,YES,NO,,NO,NO,YES,NOT_RECORDED,0,REVIEW_FIELD_SEMANTICS; do not infer freshness from field name,GOVERNED_FIELD_KEEP_UNTIL_CONSUMER_REVIEW,,,Published field empty for every row in sampled Morning run
contract_value_score_choice_symbol,YES,NO,,NO,NO,YES,NOT_RECORDED,0,REVIEW_FIELD_SEMANTICS; do not infer freshness from field name,GOVERNED_FIELD_KEEP_UNTIL_CONSUMER_REVIEW,,,Published field empty for every row in sampled Morning run
contract_value_selection_mode,YES,NO,,NO,NO,YES,NOT_RECORDED,0,REVIEW_FIELD_SEMANTICS; do not infer freshness from field name,GOVERNED_FIELD_KEEP_UNTIL_CONSUMER_REVIEW,,,Published field empty for every row in sampled Morning run
contract_vega,YES,NO,,NO,YES,YES,morning_validated_trades (1368),1368,REVIEW_FIELD_SEMANTICS; do not infer freshness from field name,GOVERNED_FIELD_KEEP_UNTIL_CONSUMER_REVIEW,"first(sig, ""contract_vega"", ""opt__contract_vega"", ""vega"") if quote_owned else """"",contract_vega | opt__contract_vega | vega,
contract_volume,YES,NO,,YES,YES,YES,morning_validated_trades (1368),1368,REVIEW_FIELD_SEMANTICS; do not infer freshness from field name,GOVERNED_FIELD_KEEP_UNTIL_CONSUMER_REVIEW,"first(sig, ""contract_volume"", ""opt__contract_volume"", ""volume"") if quote_owned else """"",contract_volume | opt__contract_volume | volume,
convexity_campaign,YES,NO,,YES,YES,YES,morning_validated_trades (1367),1367,REVIEW_FIELD_SEMANTICS; do not infer freshness from field name,GOVERNED_FIELD_KEEP_UNTIL_CONSUMER_REVIEW,"first(sig, ""convexity_campaign"", ""sb_campaign"")",convexity_campaign | sb_campaign,
convexity_data_state,YES,YES,,NO,NO,YES,morning_validated_trades (1550),1550,REVIEW_FIELD_SEMANTICS; do not infer freshness from field name,GOVERNED_FIELD_KEEP_UNTIL_CONSUMER_REVIEW,"""AVAILABLE"" if not _is_missing(first(sig, ""convexity_score"", ""sb_conv_score"")) else ""NOT_GOVERNED""",,
convexity_score,YES,NO,,YES,YES,YES,morning_validated_trades (1550),1550,REVIEW_FIELD_SEMANTICS; do not infer freshness from field name,GOVERNED_FIELD_KEEP_UNTIL_CONSUMER_REVIEW,"first(sig, ""convexity_score"", ""sb_conv_score"")",convexity_score | sb_conv_score,
crabel_bucket,YES,NO,,NO,NO,YES,morning_validated_trades (700),700,REVIEW_FIELD_SEMANTICS; do not infer freshness from field name,GOVERNED_FIELD_KEEP_UNTIL_CONSUMER_REVIEW,,,
crabel_compression,YES,NO,,YES,YES,YES,morning_validated_trades (1550),1550,REVIEW_FIELD_SEMANTICS; do not infer freshness from field name,GOVERNED_FIELD_KEEP_UNTIL_CONSUMER_REVIEW,,,
crabel_pattern,YES,NO,,YES,YES,YES,morning_validated_trades (174),174,REVIEW_FIELD_SEMANTICS; do not infer freshness from field name,GOVERNED_FIELD_KEEP_UNTIL_CONSUMER_REVIEW,,,
crabel_score,YES,NO,,NO,NO,YES,morning_validated_trades (1550),1550,REVIEW_FIELD_SEMANTICS; do not infer freshness from field name,GOVERNED_FIELD_KEEP_UNTIL_CONSUMER_REVIEW,,,
crabel_state,YES,NO,,YES,YES,YES,morning_validated_trades (441),441,REVIEW_FIELD_SEMANTICS; do not infer freshness from field name,GOVERNED_FIELD_KEEP_UNTIL_CONSUMER_REVIEW,,,
current_contract_ask,YES,YES,,NO,YES,YES,morning_validated_trades (1368),1368,MORNING_OBSERVATION; provider and fetch time separate,GOVERNED_FIELD_KEEP_UNTIL_CONSUMER_REVIEW,"first(sig, ""current_contract_ask"", ""live_contract_ask"")",,
current_contract_ask_size,YES,NO,,NO,YES,YES,morning_validated_trades (1368),1368,MORNING_OBSERVATION; provider and fetch time separate,GOVERNED_FIELD_KEEP_UNTIL_CONSUMER_REVIEW,"first(sig, ""current_contract_ask_size"", ""live_contract_ask_size"")",,
current_contract_bid,YES,YES,,NO,YES,YES,morning_validated_trades (1368),1368,MORNING_OBSERVATION; provider and fetch time separate,GOVERNED_FIELD_KEEP_UNTIL_CONSUMER_REVIEW,"first(sig, ""current_contract_bid"", ""live_contract_bid"")",,
current_contract_bid_size,YES,NO,,NO,YES,YES,morning_validated_trades (1368),1368,MORNING_OBSERVATION; provider and fetch time separate,GOVERNED_FIELD_KEEP_UNTIL_CONSUMER_REVIEW,"first(sig, ""current_contract_bid_size"", ""live_contract_bid_size"")",,
current_contract_mid,YES,YES,,NO,YES,YES,morning_validated_trades (1368),1368,MORNING_OBSERVATION; provider and fetch time separate,GOVERNED_FIELD_KEEP_UNTIL_CONSUMER_REVIEW,"first(sig, ""current_contract_mid"", ""live_contract_mid"")",,
current_contract_spread_pct,YES,YES,,NO,YES,YES,morning_validated_trades (1368),1368,MORNING_OBSERVATION; provider and fetch time separate,GOVERNED_FIELD_KEEP_UNTIL_CONSUMER_REVIEW,"first(sig, ""current_contract_spread_pct"", ""live_contract_spread_pct"")",,
current_price,NO,YES,,NO,NO,NO,NOT_RECORDED,0,REVIEW_FIELD_SEMANTICS; do not infer freshness from field name,GAP_VISIBLE_OR_REQUIRED,,,UI reads field not directly in final book or governed UI alias map; verify other projection
current_quote_dataset_id,YES,NO,,NO,YES,YES,morning_validated_trades (1368),1368,MORNING_OBSERVATION; provider and fetch time separate,GOVERNED_FIELD_KEEP_UNTIL_CONSUMER_REVIEW,"first(sig, ""current_quote_dataset_id"", ""msi_exact_quote_dataset_id"")",,
current_quote_timestamp_utc,YES,NO,,NO,YES,YES,morning_validated_trades (1368),1368,MORNING_OBSERVATION; provider and fetch time separate,GOVERNED_FIELD_KEEP_UNTIL_CONSUMER_REVIEW,"first(sig, ""current_quote_timestamp_utc"", ""live_contract_quote_timestamp"")",,
data_quality_flags,YES,NO,,YES,YES,YES,morning_validated_trades (1550),1550,REVIEW_FIELD_SEMANTICS; do not infer freshness from field name,GOVERNED_FIELD_KEEP_UNTIL_CONSUMER_REVIEW,"first(sig, ""data_quality_flags"")",,
days_to_trigger,NO,YES,,NO,NO,NO,NOT_RECORDED,0,REVIEW_FIELD_SEMANTICS; do not infer freshness from field name,LEGACY_UI_FIELD_REVIEW,,,UI reads field not directly in final book or governed UI alias map; verify other projection
delta_band,YES,YES,,YES,YES,YES,morning_validated_trades (1176),1176,REVIEW_FIELD_SEMANTICS; do not infer freshness from field name,GOVERNED_FIELD_KEEP_UNTIL_CONSUMER_REVIEW,"first(sig, ""delta_band"")",,
dir_calc_version,YES,NO,,YES,YES,YES,morning_validated_trades (1550),1550,REVIEW_FIELD_SEMANTICS; do not infer freshness from field name,GOVERNED_FIELD_KEEP_UNTIL_CONSUMER_REVIEW,"first(sig, ""dir_calc_version"")",,
direction,YES,YES,,YES,YES,YES,morning_validated_trades (1550),1550,REVIEW_FIELD_SEMANTICS; do not infer freshness from field name,GOVERNED_FIELD_KEEP_UNTIL_CONSUMER_REVIEW,canonical_direction,,
direction_conflict_reason,YES,NO,,YES,YES,YES,morning_validated_trades (297),297,REVIEW_FIELD_SEMANTICS; do not infer freshness from field name,GOVERNED_FIELD_KEEP_UNTIL_CONSUMER_REVIEW,"first(sig, ""direction_conflict_reason"", ""opt__direction_conflict_reason"")",,
direction_conflict_status,YES,NO,,YES,YES,YES,morning_validated_trades (1550),1550,REVIEW_FIELD_SEMANTICS; do not infer freshness from field name,GOVERNED_FIELD_KEEP_UNTIL_CONSUMER_REVIEW,"first(sig, ""direction_conflict_status"", ""opt__direction_conflict_status"")",,
direction_excluded_evidence_json,YES,NO,,YES,YES,YES,morning_validated_trades (1550),1550,REVIEW_FIELD_SEMANTICS; do not infer freshness from field name,GOVERNED_FIELD_KEEP_UNTIL_CONSUMER_REVIEW,"first(sig, ""direction_excluded_evidence_json"")",,
direction_governance_status,YES,NO,,YES,YES,YES,morning_validated_trades (1550),1550,REVIEW_FIELD_SEMANTICS; do not infer freshness from field name,GOVERNED_FIELD_KEEP_UNTIL_CONSUMER_REVIEW,"first(sig, ""direction_governance_status"")",,
direction_integrity_status,YES,YES,,YES,YES,YES,morning_validated_trades (1550),1550,REVIEW_FIELD_SEMANTICS; do not infer freshness from field name,GOVERNED_FIELD_KEEP_UNTIL_CONSUMER_REVIEW,"first(sig, ""direction_integrity_status"")",,
direction_policy_sha256,YES,NO,,YES,YES,YES,morning_validated_trades (1550),1550,"FROZEN_EOD; Morning may compare, never silently overwrite",GOVERNED_FIELD_KEEP_UNTIL_CONSUMER_REVIEW,"first(sig, ""direction_policy_sha256"")",,Morning CSV copies EOD field; copied column is not its semantic owner
direction_policy_version,YES,NO,,YES,YES,YES,morning_validated_trades (1550),1550,"FROZEN_EOD; Morning may compare, never silently overwrite",GOVERNED_FIELD_KEEP_UNTIL_CONSUMER_REVIEW,"first(sig, ""direction_policy_version"")",,Morning CSV copies EOD field; copied column is not its semantic owner
direction_resolution_call_score,YES,NO,,YES,YES,YES,morning_validated_trades (1550),1550,REVIEW_FIELD_SEMANTICS; do not infer freshness from field name,GOVERNED_FIELD_KEEP_UNTIL_CONSUMER_REVIEW,"first(sig, ""direction_resolution_call_score"")",,
direction_resolution_chain_json,YES,YES,,YES,YES,YES,morning_validated_trades (1550),1550,REVIEW_FIELD_SEMANTICS; do not infer freshness from field name,GOVERNED_FIELD_KEEP_UNTIL_CONSUMER_REVIEW,"first(sig, ""direction_resolution_chain_json"")",,
direction_resolution_confidence,YES,YES,,YES,YES,YES,NOT_RECORDED,0,REVIEW_FIELD_SEMANTICS; do not infer freshness from field name,GOVERNED_FIELD_KEEP_UNTIL_CONSUMER_REVIEW,"first(sig, ""direction_resolution_confidence"")",,Published field empty for every row in sampled Morning run
direction_resolution_evidence_count,YES,NO,,YES,YES,YES,morning_validated_trades (1550),1550,REVIEW_FIELD_SEMANTICS; do not infer freshness from field name,GOVERNED_FIELD_KEEP_UNTIL_CONSUMER_REVIEW,"first(sig, ""direction_resolution_evidence_count"")",,
direction_resolution_evidence_json,YES,NO,,YES,YES,YES,morning_validated_trades (1550),1550,REVIEW_FIELD_SEMANTICS; do not infer freshness from field name,GOVERNED_FIELD_KEEP_UNTIL_CONSUMER_REVIEW,"first(sig, ""direction_resolution_evidence_json"")",,
direction_resolution_margin,YES,NO,,YES,YES,YES,morning_validated_trades (1550),1550,REVIEW_FIELD_SEMANTICS; do not infer freshness from field name,GOVERNED_FIELD_KEEP_UNTIL_CONSUMER_REVIEW,"first(sig, ""direction_resolution_margin"")",,
direction_resolution_path,YES,YES,,YES,YES,YES,morning_validated_trades (1550),1550,REVIEW_FIELD_SEMANTICS; do not infer freshness from field name,GOVERNED_FIELD_KEEP_UNTIL_CONSUMER_REVIEW,"first(sig, ""direction_resolution_path"")",,
direction_resolution_put_score,YES,NO,,YES,YES,YES,morning_validated_trades (1550),1550,REVIEW_FIELD_SEMANTICS; do not infer freshness from field name,GOVERNED_FIELD_KEEP_UNTIL_CONSUMER_REVIEW,"first(sig, ""direction_resolution_put_score"")",,
direction_resolution_winning_share,YES,NO,,YES,YES,YES,morning_validated_trades (1550),1550,REVIEW_FIELD_SEMANTICS; do not infer freshness from field name,GOVERNED_FIELD_KEEP_UNTIL_CONSUMER_REVIEW,"first(sig, ""direction_resolution_winning_share"")",,
directional_force,YES,NO,,YES,YES,YES,morning_validated_trades (1550),1550,REVIEW_FIELD_SEMANTICS; do not infer freshness from field name,GOVERNED_FIELD_KEEP_UNTIL_CONSUMER_REVIEW,"first(sig, ""directional_force"", ""vg__directional_force"")",,
discovery_direction_preliminary,YES,YES,,YES,YES,YES,morning_validated_trades (1550),1550,"FROZEN_EOD; Morning may compare, never silently overwrite",GOVERNED_FIELD_KEEP_UNTIL_CONSUMER_REVIEW,"first(sig, ""discovery_direction_preliminary"")",,
display_campaign,NO,YES,,NO,NO,NO,NOT_RECORDED,0,PRESENTATION_ALIAS; source field must be provenance-bound,LEGACY_UI_FIELD_REVIEW,,,UI reads field not directly in final book or governed UI alias map; verify other projection
display_eod_candidate_status,NO,YES,eod_candidate_status,NO,NO,NO,NOT_RECORDED,0,PRESENTATION_ALIAS; source field must be provenance-bound,PRESENTATION_ALIAS_KEEP_UNTIL_PARITY,,,
display_execution_category,NO,YES,,NO,NO,NO,NOT_RECORDED,0,PRESENTATION_ALIAS; source field must be provenance-bound,LEGACY_UI_FIELD_REVIEW,,,UI reads field not directly in final book or governed UI alias map; verify other projection
display_execution_mode,YES,YES,,NO,NO,YES,morning_validated_trades (1550),1550,PRESENTATION_ALIAS; source field must be provenance-bound,GOVERNED_FIELD_KEEP_UNTIL_CONSUMER_REVIEW,"first(sig, ""display_execution_mode"", ""morning_entry_action"", ""sb_execution_mode"", ""execution_verdict"")",,
display_final_verdict,NO,YES,,NO,NO,NO,NOT_RECORDED,0,PRESENTATION_ALIAS; source field must be provenance-bound,LEGACY_UI_FIELD_REVIEW,,,UI reads field not directly in final book or governed UI alias map; verify other projection
display_morning_execution_permission,NO,YES,,NO,NO,NO,NOT_RECORDED,0,PRESENTATION_ALIAS; source field must be provenance-bound,LEGACY_UI_FIELD_REVIEW,,,UI reads field not directly in final book or governed UI alias map; verify other projection
display_morning_execution_route,NO,YES,,NO,NO,NO,NOT_RECORDED,0,PRESENTATION_ALIAS; source field must be provenance-bound,LEGACY_UI_FIELD_REVIEW,,,UI reads field not directly in final book or governed UI alias map; verify other projection
display_morning_lab_alignment_status,NO,YES,,NO,NO,NO,NOT_RECORDED,0,PRESENTATION_ALIAS; source field must be provenance-bound,LEGACY_UI_FIELD_REVIEW,,,UI reads field not directly in final book or governed UI alias map; verify other projection
display_options_research_route,NO,YES,,NO,NO,NO,NOT_RECORDED,0,PRESENTATION_ALIAS; source field must be provenance-bound,LEGACY_UI_FIELD_REVIEW,,,UI reads field not directly in final book or governed UI alias map; verify other projection
doi_alternatives_json,YES,YES,,NO,NO,YES,canonical_doi_projection_read_only (1550),1550,DERIVED_OR_ADVISORY; retain calculation and evidence version,GOVERNED_FIELD_KEEP_UNTIL_CONSUMER_REVIEW,,,
doi_assessment_calculation_version,YES,NO,,NO,NO,YES,canonical_doi_projection_read_only (300),300,DERIVED_OR_ADVISORY; retain calculation and evidence version,GOVERNED_FIELD_KEEP_UNTIL_CONSUMER_REVIEW,,,
doi_authority,YES,YES,,NO,NO,YES,canonical_doi_projection_read_only (1550),1550,DERIVED_OR_ADVISORY; retain calculation and evidence version,GOVERNED_FIELD_KEEP_UNTIL_CONSUMER_REVIEW,,,
doi_calibration_state,YES,NO,,NO,NO,YES,canonical_doi_projection_read_only (494),494,DERIVED_OR_ADVISORY; retain calculation and evidence version,GOVERNED_FIELD_KEEP_UNTIL_CONSUMER_REVIEW,,,
doi_contract_alignment,YES,YES,,NO,NO,YES,canonical_doi_projection_read_only (1550),1550,DERIVED_OR_ADVISORY; retain calculation and evidence version,GOVERNED_FIELD_KEEP_UNTIL_CONSUMER_REVIEW,,,
doi_convexity_label,YES,NO,,NO,NO,YES,canonical_doi_projection_read_only (300),300,DERIVED_OR_ADVISORY; retain calculation and evidence version,GOVERNED_FIELD_KEEP_UNTIL_CONSUMER_REVIEW,,,
doi_convexity_score,YES,NO,,NO,NO,YES,canonical_doi_projection_read_only (300),300,DERIVED_OR_ADVISORY; retain calculation and evidence version,GOVERNED_FIELD_KEEP_UNTIL_CONSUMER_REVIEW,,,
doi_decision_authority,YES,NO,,YES,YES,YES,NOT_RECORDED,1550,DERIVED_OR_ADVISORY; retain calculation and evidence version,GOVERNED_FIELD_KEEP_UNTIL_CONSUMER_REVIEW,,,
doi_evidence_cutoff_utc,YES,YES,,NO,NO,YES,canonical_doi_projection_read_only (1056),1056,DERIVED_OR_ADVISORY; retain calculation and evidence version,GOVERNED_FIELD_KEEP_UNTIL_CONSUMER_REVIEW,,,
doi_execution_authority,YES,NO,,NO,NO,YES,canonical_doi_projection_read_only (1550),1550,DERIVED_OR_ADVISORY; retain calculation and evidence version,GOVERNED_FIELD_KEEP_UNTIL_CONSUMER_REVIEW,,,
doi_family_id,YES,YES,,NO,NO,YES,canonical_doi_projection_read_only (1056),1056,DERIVED_OR_ADVISORY; retain calculation and evidence version,GOVERNED_FIELD_KEEP_UNTIL_CONSUMER_REVIEW,,,
doi_governed_contract_identity_reason,NO,YES,,NO,NO,YES,NOT_RECORDED,1550,DERIVED_OR_ADVISORY; retain calculation and evidence version,LEGACY_UI_FIELD_REVIEW,,,UI reads field not directly in final book or governed UI alias map; verify other projection
doi_governed_contract_identity_state,NO,YES,,NO,NO,YES,NOT_RECORDED,1550,DERIVED_OR_ADVISORY; retain calculation and evidence version,LEGACY_UI_FIELD_REVIEW,,,UI reads field not directly in final book or governed UI alias map; verify other projection
doi_governed_contract_symbol,YES,YES,,NO,NO,YES,canonical_doi_projection_read_only (1368),1368,DERIVED_OR_ADVISORY; retain calculation and evidence version,GOVERNED_FIELD_KEEP_UNTIL_CONSUMER_REVIEW,,,
doi_input_dataset_ids_json,YES,YES,,NO,NO,YES,canonical_doi_projection_read_only (1550),1550,DERIVED_OR_ADVISORY; retain calculation and evidence version,GOVERNED_FIELD_KEEP_UNTIL_CONSUMER_REVIEW,,,
doi_model_uncertainty,YES,NO,,NO,NO,YES,NOT_RECORDED,0,DERIVED_OR_ADVISORY; retain calculation and evidence version,GOVERNED_FIELD_KEEP_UNTIL_CONSUMER_REVIEW,,,Published field empty for every row in sampled Morning run
doi_monetisability_reason,YES,NO,,NO,NO,YES,canonical_doi_projection_read_only (494),494,DERIVED_OR_ADVISORY; retain calculation and evidence version,GOVERNED_FIELD_KEEP_UNTIL_CONSUMER_REVIEW,,,
doi_monetisability_state,YES,NO,,NO,NO,YES,canonical_doi_projection_read_only (494),494,DERIVED_OR_ADVISORY; retain calculation and evidence version,GOVERNED_FIELD_KEEP_UNTIL_CONSUMER_REVIEW,,,
doi_p_liquidity_3d,YES,NO,,NO,NO,YES,NOT_RECORDED,0,DERIVED_OR_ADVISORY; retain calculation and evidence version,GOVERNED_FIELD_KEEP_UNTIL_CONSUMER_REVIEW,,,Published field empty for every row in sampled Morning run
doi_p_positive_return,YES,NO,,NO,NO,YES,NOT_RECORDED,0,DERIVED_OR_ADVISORY; retain calculation and evidence version,GOVERNED_FIELD_KEEP_UNTIL_CONSUMER_REVIEW,,,Published field empty for every row in sampled Morning run
doi_p_target_before_invalidation,YES,NO,,NO,NO,YES,NOT_RECORDED,0,DERIVED_OR_ADVISORY; retain calculation and evidence version,GOVERNED_FIELD_KEEP_UNTIL_CONSUMER_REVIEW,,,Published field empty for every row in sampled Morning run
doi_policy_id,YES,YES,,NO,NO,YES,NOT_RECORDED,0,DERIVED_OR_ADVISORY; retain calculation and evidence version,GOVERNED_FIELD_KEEP_UNTIL_CONSUMER_REVIEW,,,Published field empty for every row in sampled Morning run
doi_preferred_assessment_id,YES,YES,,NO,NO,YES,canonical_doi_projection_read_only (300),300,DERIVED_OR_ADVISORY; retain calculation and evidence version,GOVERNED_FIELD_KEEP_UNTIL_CONSUMER_REVIEW,,,
doi_preferred_contract_symbol,YES,YES,,NO,NO,YES,canonical_doi_projection_read_only (300),300,DERIVED_OR_ADVISORY; retain calculation and evidence version,GOVERNED_FIELD_KEEP_UNTIL_CONSUMER_REVIEW,,,
doi_probability_model_id,YES,YES,,NO,NO,YES,NOT_RECORDED,0,DERIVED_OR_ADVISORY; retain calculation and evidence version,GOVERNED_FIELD_KEEP_UNTIL_CONSUMER_REVIEW,,,Published field empty for every row in sampled Morning run
doi_projection_reason,YES,YES,,NO,NO,YES,canonical_doi_projection_read_only (1550),1550,DERIVED_OR_ADVISORY; retain calculation and evidence version,GOVERNED_FIELD_KEEP_UNTIL_CONSUMER_REVIEW,,,
doi_projection_state,YES,YES,,NO,NO,YES,canonical_doi_projection_read_only (1550),1550,DERIVED_OR_ADVISORY; retain calculation and evidence version,GOVERNED_FIELD_KEEP_UNTIL_CONSUMER_REVIEW,,,
doi_projection_version,YES,YES,,NO,NO,YES,canonical_doi_projection_read_only (1550),1550,DERIVED_OR_ADVISORY; retain calculation and evidence version,GOVERNED_FIELD_KEEP_UNTIL_CONSUMER_REVIEW,,,
doi_ranking_id,YES,YES,,NO,NO,YES,canonical_doi_projection_read_only (494),494,DERIVED_OR_ADVISORY; retain calculation and evidence version,GOVERNED_FIELD_KEEP_UNTIL_CONSUMER_REVIEW,,,
doi_ranking_mode,YES,YES,,NO,NO,YES,canonical_doi_projection_read_only (494),494,DERIVED_OR_ADVISORY; retain calculation and evidence version,GOVERNED_FIELD_KEEP_UNTIL_CONSUMER_REVIEW,,,
doi_ranking_score,YES,NO,,NO,NO,YES,canonical_doi_projection_read_only (300),300,DERIVED_OR_ADVISORY; retain calculation and evidence version,GOVERNED_FIELD_KEEP_UNTIL_CONSUMER_REVIEW,,,
doi_ranking_score_kind,YES,NO,,NO,NO,YES,canonical_doi_projection_read_only (494),494,DERIVED_OR_ADVISORY; retain calculation and evidence version,GOVERNED_FIELD_KEEP_UNTIL_CONSUMER_REVIEW,,,
doi_reach_ratio,YES,NO,,NO,NO,YES,canonical_doi_projection_read_only (300),300,DERIVED_OR_ADVISORY; retain calculation and evidence version,GOVERNED_FIELD_KEEP_UNTIL_CONSUMER_REVIEW,,,
doi_reachable_target_spot,YES,NO,,NO,NO,YES,canonical_doi_projection_read_only (300),300,DERIVED_OR_ADVISORY; retain calculation and evidence version,GOVERNED_FIELD_KEEP_UNTIL_CONSUMER_REVIEW,,,
doi_scenarios_json,YES,NO,,NO,NO,YES,canonical_doi_projection_read_only (494),494,DERIVED_OR_ADVISORY; retain calculation and evidence version,GOVERNED_FIELD_KEEP_UNTIL_CONSUMER_REVIEW,,,
doi_spread_fraction_mid,YES,NO,,NO,NO,YES,canonical_doi_projection_read_only (300),300,DERIVED_OR_ADVISORY; retain calculation and evidence version,GOVERNED_FIELD_KEEP_UNTIL_CONSUMER_REVIEW,,,
doss__opt__hold_label,NO,YES,,NO,NO,NO,NOT_RECORDED,0,PRESENTATION_ALIAS; source field must be provenance-bound,LEGACY_UI_FIELD_REVIEW,,,UI reads field not directly in final book or governed UI alias map; verify other projection
dte,YES,YES,,YES,YES,YES,morning_validated_trades (1368),1368,REVIEW_FIELD_SEMANTICS; do not infer freshness from field name,GOVERNED_FIELD_KEEP_UNTIL_CONSUMER_REVIEW,"first(sig, ""dte"", ""contract_dte"", ""opt__contract_dte"") if quote_owned else """"",,
dte_buffer_sessions,YES,NO,,YES,YES,YES,morning_validated_trades (1176),1176,REVIEW_FIELD_SEMANTICS; do not infer freshness from field name,GOVERNED_FIELD_KEEP_UNTIL_CONSUMER_REVIEW,"first(sig, ""dte_buffer_sessions"")",,
economics_comparable,YES,YES,,NO,YES,YES,governed_materializer:contract_economics_identity (1550),1550,REVIEW_FIELD_SEMANTICS; do not infer freshness from field name,GOVERNED_FIELD_KEEP_UNTIL_CONSUMER_REVIEW,,,
economics_mismatch_reason,YES,YES,,NO,YES,YES,governed_materializer:contract_economics_identity (1550),374,REVIEW_FIELD_SEMANTICS; do not infer freshness from field name,GOVERNED_FIELD_KEEP_UNTIL_CONSUMER_REVIEW,,,
effective_execution_verdict,NO,YES,,YES,YES,NO,NOT_RECORDED,0,REVIEW_FIELD_SEMANTICS; do not infer freshness from field name,LEGACY_UI_FIELD_REVIEW,,,UI reads field not directly in final book or governed UI alias map; verify other projection
eil__composite,NO,YES,,NO,NO,NO,NOT_RECORDED,0,PRESENTATION_ALIAS; source field must be provenance-bound,LEGACY_UI_FIELD_REVIEW,,,UI reads field not directly in final book or governed UI alias map; verify other projection
eil__composite_score,NO,YES,,NO,NO,NO,NOT_RECORDED,0,PRESENTATION_ALIAS; source field must be provenance-bound,LEGACY_UI_FIELD_REVIEW,,,UI reads field not directly in final book or governed UI alias map; verify other projection
eil__defer_reason,NO,YES,,NO,NO,NO,NOT_RECORDED,0,PRESENTATION_ALIAS; source field must be provenance-bound,LEGACY_UI_FIELD_REVIEW,,,UI reads field not directly in final book or governed UI alias map; verify other projection
eil__eil_raw_verdict,NO,YES,,NO,NO,NO,NOT_RECORDED,0,PRESENTATION_ALIAS; source field must be provenance-bound,LEGACY_UI_FIELD_REVIEW,,,UI reads field not directly in final book or governed UI alias map; verify other projection
eil__eil_verdict,NO,YES,,NO,NO,NO,NOT_RECORDED,0,PRESENTATION_ALIAS; source field must be provenance-bound,LEGACY_UI_FIELD_REVIEW,,,UI reads field not directly in final book or governed UI alias map; verify other projection
eil__ev2_decision_hint,NO,YES,,NO,NO,NO,NOT_RECORDED,0,PRESENTATION_ALIAS; source field must be provenance-bound,LEGACY_UI_FIELD_REVIEW,,,UI reads field not directly in final book or governed UI alias map; verify other projection
eil__ev_decision_hint,NO,YES,,NO,NO,NO,NOT_RECORDED,0,PRESENTATION_ALIAS; source field must be provenance-bound,LEGACY_UI_FIELD_REVIEW,,,UI reads field not directly in final book or governed UI alias map; verify other projection
eil__ev_status,NO,YES,,NO,NO,NO,NOT_RECORDED,0,PRESENTATION_ALIAS; source field must be provenance-bound,LEGACY_UI_FIELD_REVIEW,,,UI reads field not directly in final book or governed UI alias map; verify other projection
eil__gex_flip_level,NO,YES,,NO,NO,NO,NOT_RECORDED,0,PRESENTATION_ALIAS; source field must be provenance-bound,LEGACY_UI_FIELD_REVIEW,,,UI reads field not directly in final book or governed UI alias map; verify other projection
eil__gex_regime,NO,YES,,NO,NO,NO,NOT_RECORDED,0,PRESENTATION_ALIAS; source field must be provenance-bound,LEGACY_UI_FIELD_REVIEW,,,UI reads field not directly in final book or governed UI alias map; verify other projection
eil__iv_distortion_flag,NO,YES,,NO,NO,NO,NOT_RECORDED,0,PRESENTATION_ALIAS; source field must be provenance-bound,LEGACY_UI_FIELD_REVIEW,,,UI reads field not directly in final book or governed UI alias map; verify other projection
eil__iv_score,NO,YES,,NO,NO,NO,NOT_RECORDED,0,PRESENTATION_ALIAS; source field must be provenance-bound,LEGACY_UI_FIELD_REVIEW,,,UI reads field not directly in final book or governed UI alias map; verify other projection
eil__liquidity_score,NO,YES,,NO,NO,NO,NOT_RECORDED,0,PRESENTATION_ALIAS; source field must be provenance-bound,LEGACY_UI_FIELD_REVIEW,,,UI reads field not directly in final book or governed UI alias map; verify other projection
eil__liquidity_window,NO,YES,,NO,NO,NO,NOT_RECORDED,0,PRESENTATION_ALIAS; source field must be provenance-bound,LEGACY_UI_FIELD_REVIEW,,,UI reads field not directly in final book or governed UI alias map; verify other projection
eil__obi_regime,NO,YES,,NO,NO,NO,NOT_RECORDED,0,PRESENTATION_ALIAS; source field must be provenance-bound,LEGACY_UI_FIELD_REVIEW,,,UI reads field not directly in final book or governed UI alias map; verify other projection
eil__obi_score,NO,YES,,NO,NO,NO,NOT_RECORDED,0,PRESENTATION_ALIAS; source field must be provenance-bound,LEGACY_UI_FIELD_REVIEW,,,UI reads field not directly in final book or governed UI alias map; verify other projection
eil__poc_position,NO,YES,,NO,NO,NO,NOT_RECORDED,0,PRESENTATION_ALIAS; source field must be provenance-bound,LEGACY_UI_FIELD_REVIEW,,,UI reads field not directly in final book or governed UI alias map; verify other projection
eil__poc_proximity_pct,NO,YES,,NO,NO,NO,NOT_RECORDED,0,PRESENTATION_ALIAS; source field must be provenance-bound,LEGACY_UI_FIELD_REVIEW,,,UI reads field not directly in final book or governed UI alias map; verify other projection
eil__raw_verdict,NO,YES,,NO,NO,NO,NOT_RECORDED,0,PRESENTATION_ALIAS; source field must be provenance-bound,LEGACY_UI_FIELD_REVIEW,,,UI reads field not directly in final book or governed UI alias map; verify other projection
eil__recommended_entry_window,NO,YES,,NO,NO,NO,NOT_RECORDED,0,PRESENTATION_ALIAS; source field must be provenance-bound,LEGACY_UI_FIELD_REVIEW,,,UI reads field not directly in final book or governed UI alias map; verify other projection
eil__size_multiplier,NO,YES,,NO,NO,NO,NOT_RECORDED,0,PRESENTATION_ALIAS; source field must be provenance-bound,LEGACY_UI_FIELD_REVIEW,,,UI reads field not directly in final book or governed UI alias map; verify other projection
eil__verdict,NO,YES,,NO,NO,NO,NOT_RECORDED,0,PRESENTATION_ALIAS; source field must be provenance-bound,LEGACY_UI_FIELD_REVIEW,,,UI reads field not directly in final book or governed UI alias map; verify other projection
eil_composite_eod,YES,YES,,YES,YES,YES,morning_validated_trades (1550),1550,REVIEW_FIELD_SEMANTICS; do not infer freshness from field name,GOVERNED_FIELD_KEEP_UNTIL_CONSUMER_REVIEW,"first(sig, ""eil_composite_eod"", ""eil_composite_score"", ""eil__composite_score"")",,
eil_composite_score,NO,YES,,NO,NO,NO,NOT_RECORDED,0,REVIEW_FIELD_SEMANTICS; do not infer freshness from field name,LEGACY_UI_FIELD_REVIEW,,,UI reads field not directly in final book or governed UI alias map; verify other projection
eil_raw_verdict,NO,YES,,NO,NO,NO,NOT_RECORDED,0,REVIEW_FIELD_SEMANTICS; do not infer freshness from field name,LEGACY_UI_FIELD_REVIEW,,,UI reads field not directly in final book or governed UI alias map; verify other projection
eil_signal_verdict,YES,YES,,YES,YES,YES,morning_validated_trades (1550),1550,REVIEW_FIELD_SEMANTICS; do not infer freshness from field name,GOVERNED_FIELD_KEEP_UNTIL_CONSUMER_REVIEW,"first(sig, ""eil_signal_verdict"", ""eil_v3_verdict"", ""fd_advisory_verdict"", ""fd_verdict"")",,
eil_v3_verdict,YES,YES,,YES,YES,YES,morning_validated_trades (1550),1550,REVIEW_FIELD_SEMANTICS; do not infer freshness from field name,GOVERNED_FIELD_KEEP_UNTIL_CONSUMER_REVIEW,"first(sig, ""eil_v3_verdict"", ""eil_signal_verdict"", ""fd_advisory_verdict"", ""fd_verdict"")",,
emp_path_forced_exit_share,YES,NO,,NO,NO,YES,NOT_RECORDED,0,REVIEW_FIELD_SEMANTICS; do not infer freshness from field name,GOVERNED_FIELD_KEEP_UNTIL_CONSUMER_REVIEW,,,Published field empty for every row in sampled Morning run
emp_path_last_exit_sessions,YES,NO,,NO,NO,YES,NOT_RECORDED,0,REVIEW_FIELD_SEMANTICS; do not infer freshness from field name,GOVERNED_FIELD_KEEP_UNTIL_CONSUMER_REVIEW,,,Published field empty for every row in sampled Morning run
emp_path_quality_flag,YES,NO,,NO,NO,YES,NOT_RECORDED,0,REVIEW_FIELD_SEMANTICS; do not infer freshness from field name,GOVERNED_FIELD_KEEP_UNTIL_CONSUMER_REVIEW,,,Published field empty for every row in sampled Morning run
emp_path_r_cautious,YES,NO,,NO,NO,YES,NOT_RECORDED,0,REVIEW_FIELD_SEMANTICS; do not infer freshness from field name,GOVERNED_FIELD_KEEP_UNTIL_CONSUMER_REVIEW,,,Published field empty for every row in sampled Morning run
emp_path_r_central,YES,NO,,NO,NO,YES,NOT_RECORDED,0,REVIEW_FIELD_SEMANTICS; do not infer freshness from field name,GOVERNED_FIELD_KEEP_UNTIL_CONSUMER_REVIEW,,,Published field empty for every row in sampled Morning run
emp_path_r_upside,YES,NO,,NO,NO,YES,NOT_RECORDED,0,REVIEW_FIELD_SEMANTICS; do not infer freshness from field name,GOVERNED_FIELD_KEEP_UNTIL_CONSUMER_REVIEW,,,Published field empty for every row in sampled Morning run
entropy_score,YES,NO,,YES,YES,YES,morning_validated_trades (1550),1550,REVIEW_FIELD_SEMANTICS; do not infer freshness from field name,GOVERNED_FIELD_KEEP_UNTIL_CONSUMER_REVIEW,"first(sig, ""entropy_score"", ""vg__entropy_score"")",,
entry_plan,YES,NO,,NO,NO,YES,morning_validated_trades (860),1372,REVIEW_FIELD_SEMANTICS; do not infer freshness from field name,GOVERNED_FIELD_KEEP_UNTIL_CONSUMER_REVIEW,"first(sig, ""entry_plan"", ""trigger_primary"", ""scenario_entry_trigger"", ""wbs__entry_guidance"")",,
entry_reason,YES,NO,,NO,NO,YES,morning_validated_trades (1550),1550,REVIEW_FIELD_SEMANTICS; do not infer freshness from field name,GOVERNED_FIELD_KEEP_UNTIL_CONSUMER_REVIEW,"first(sig, ""entry_reason"", ""eod_candidate_reason"", ""execution_authority_reason"", ""signal_authority_reason"", ""sb_verdict_reason"")",entry_reason | eod_candidate_reason | execution_authority_reason | signal_authority_reason | sb_verdict_reason,
entry_trigger_price,NO,YES,,NO,NO,NO,NOT_RECORDED,0,REVIEW_FIELD_SEMANTICS; do not infer freshness from field name,LEGACY_UI_FIELD_REVIEW,,,UI reads field not directly in final book or governed UI alias map; verify other projection
eod__candidate_status,NO,YES,,NO,NO,NO,NOT_RECORDED,0,"FROZEN_EOD; Morning may compare, never silently overwrite",LEGACY_UI_FIELD_REVIEW,,,UI reads field not directly in final book or governed UI alias map; verify other projection
eod__catalyst_event_status,NO,YES,,NO,NO,NO,NOT_RECORDED,0,"FROZEN_EOD; Morning may compare, never silently overwrite",LEGACY_UI_FIELD_REVIEW,,,UI reads field not directly in final book or governed UI alias map; verify other projection
eod__catalyst_truth_score,NO,YES,,NO,NO,NO,NOT_RECORDED,0,"FROZEN_EOD; Morning may compare, never silently overwrite",LEGACY_UI_FIELD_REVIEW,,,UI reads field not directly in final book or governed UI alias map; verify other projection
eod__catalyst_type,NO,YES,,NO,NO,NO,NOT_RECORDED,0,"FROZEN_EOD; Morning may compare, never silently overwrite",LEGACY_UI_FIELD_REVIEW,,,UI reads field not directly in final book or governed UI alias map; verify other projection
eod__eod_candidate_status,NO,YES,,NO,NO,NO,NOT_RECORDED,0,"FROZEN_EOD; Morning may compare, never silently overwrite",LEGACY_UI_FIELD_REVIEW,,,UI reads field not directly in final book or governed UI alias map; verify other projection
eod__final_route,NO,YES,,NO,NO,NO,NOT_RECORDED,0,"FROZEN_EOD; Morning may compare, never silently overwrite",LEGACY_UI_FIELD_REVIEW,,,UI reads field not directly in final book or governed UI alias map; verify other projection
eod__horizon_action,NO,YES,,NO,NO,NO,NOT_RECORDED,0,"FROZEN_EOD; Morning may compare, never silently overwrite",LEGACY_UI_FIELD_REVIEW,,,UI reads field not directly in final book or governed UI alias map; verify other projection
eod__horizon_bucket,NO,YES,,NO,NO,NO,NOT_RECORDED,0,"FROZEN_EOD; Morning may compare, never silently overwrite",LEGACY_UI_FIELD_REVIEW,,,UI reads field not directly in final book or governed UI alias map; verify other projection
eod__horizon_pressure,NO,YES,,NO,NO,NO,NOT_RECORDED,0,"FROZEN_EOD; Morning may compare, never silently overwrite",LEGACY_UI_FIELD_REVIEW,,,UI reads field not directly in final book or governed UI alias map; verify other projection
eod__horizon_source,NO,YES,,NO,NO,NO,NOT_RECORDED,0,"FROZEN_EOD; Morning may compare, never silently overwrite",LEGACY_UI_FIELD_REVIEW,,,UI reads field not directly in final book or governed UI alias map; verify other projection
eod__layer2__preferred_horizon,NO,YES,,NO,NO,NO,NOT_RECORDED,0,"FROZEN_EOD; Morning may compare, never silently overwrite",LEGACY_UI_FIELD_REVIEW,,,UI reads field not directly in final book or governed UI alias map; verify other projection
eod__macro_preferred_horizon,NO,YES,,NO,NO,NO,NOT_RECORDED,0,"FROZEN_EOD; Morning may compare, never silently overwrite",LEGACY_UI_FIELD_REVIEW,,,UI reads field not directly in final book or governed UI alias map; verify other projection
eod__options_research_permission,NO,YES,,NO,NO,NO,NOT_RECORDED,0,"FROZEN_EOD; Morning may compare, never silently overwrite",LEGACY_UI_FIELD_REVIEW,,,UI reads field not directly in final book or governed UI alias map; verify other projection
eod__options_research_route,NO,YES,,NO,NO,NO,NOT_RECORDED,0,"FROZEN_EOD; Morning may compare, never silently overwrite",LEGACY_UI_FIELD_REVIEW,,,UI reads field not directly in final book or governed UI alias map; verify other projection
eod__scenario_entry_trigger,NO,YES,,NO,NO,NO,NOT_RECORDED,0,"FROZEN_EOD; Morning may compare, never silently overwrite",LEGACY_UI_FIELD_REVIEW,,,UI reads field not directly in final book or governed UI alias map; verify other projection
eod__trigger_codes,NO,YES,,NO,NO,NO,NOT_RECORDED,0,"FROZEN_EOD; Morning may compare, never silently overwrite",LEGACY_UI_FIELD_REVIEW,,,UI reads field not directly in final book or governed UI alias map; verify other projection
eod__trigger_evidence,NO,YES,,NO,NO,NO,NOT_RECORDED,0,"FROZEN_EOD; Morning may compare, never silently overwrite",LEGACY_UI_FIELD_REVIEW,,,UI reads field not directly in final book or governed UI alias map; verify other projection
eod__trigger_price,NO,YES,,NO,NO,NO,NOT_RECORDED,0,"FROZEN_EOD; Morning may compare, never silently overwrite",LEGACY_UI_FIELD_REVIEW,,,UI reads field not directly in final book or governed UI alias map; verify other projection
eod__trigger_primary,NO,YES,,NO,NO,NO,NOT_RECORDED,0,"FROZEN_EOD; Morning may compare, never silently overwrite",LEGACY_UI_FIELD_REVIEW,,,UI reads field not directly in final book or governed UI alias map; verify other projection
eod__trigger_quality,NO,YES,,NO,NO,NO,NOT_RECORDED,0,"FROZEN_EOD; Morning may compare, never silently overwrite",LEGACY_UI_FIELD_REVIEW,,,UI reads field not directly in final book or governed UI alias map; verify other projection
eod__trigger_score,NO,YES,,NO,NO,NO,NOT_RECORDED,0,"FROZEN_EOD; Morning may compare, never silently overwrite",LEGACY_UI_FIELD_REVIEW,,,UI reads field not directly in final book or governed UI alias map; verify other projection
eod__wbs_phase_b_trigger,NO,YES,,NO,NO,NO,NOT_RECORDED,0,"FROZEN_EOD; Morning may compare, never silently overwrite",LEGACY_UI_FIELD_REVIEW,,,UI reads field not directly in final book or governed UI alias map; verify other projection
eod__wbs_phase_c_trigger,NO,YES,,NO,NO,NO,NOT_RECORDED,0,"FROZEN_EOD; Morning may compare, never silently overwrite",LEGACY_UI_FIELD_REVIEW,,,UI reads field not directly in final book or governed UI alias map; verify other projection
eod_candidate_status,YES,YES,,YES,YES,YES,morning_validated_trades (1550),1550,"FROZEN_EOD; Morning may compare, never silently overwrite",GOVERNED_FIELD_KEEP_UNTIL_CONSUMER_REVIEW,"first(sig, ""eod_candidate_status"", ""lab_execution_status"", ""candidate_status"")",eod_candidate_status | lab_execution_status | candidate_status,
eod_close,NO,YES,,NO,NO,NO,NOT_RECORDED,0,"FROZEN_EOD; Morning may compare, never silently overwrite",LEGACY_UI_FIELD_REVIEW,,,UI reads field not directly in final book or governed UI alias map; verify other projection
ev,NO,YES,,NO,NO,NO,NOT_RECORDED,0,REVIEW_FIELD_SEMANTICS; do not infer freshness from field name,LEGACY_UI_FIELD_REVIEW,,,UI reads field not directly in final book or governed UI alias map; verify other projection
ev2_decision_hint,NO,YES,,NO,NO,NO,NOT_RECORDED,0,REVIEW_FIELD_SEMANTICS; do not infer freshness from field name,LEGACY_UI_FIELD_REVIEW,,,UI reads field not directly in final book or governed UI alias map; verify other projection
ev2_quality_score,NO,YES,,NO,NO,NO,NOT_RECORDED,0,REVIEW_FIELD_SEMANTICS; do not infer freshness from field name,LEGACY_UI_FIELD_REVIEW,,,UI reads field not directly in final book or governed UI alias map; verify other projection
ev2_status,NO,YES,,NO,NO,NO,NOT_RECORDED,0,REVIEW_FIELD_SEMANTICS; do not infer freshness from field name,LEGACY_UI_FIELD_REVIEW,,,UI reads field not directly in final book or governed UI alias map; verify other projection
ev3_absolute_state,YES,YES,,YES,YES,YES,morning_validated_trades (1550),1550,DERIVED_OR_ADVISORY; retain calculation and evidence version,GOVERNED_FIELD_KEEP_UNTIL_CONSUMER_REVIEW,"sig.get(""ev3_absolute_state"", """")",ev3_absolute_state,
ev3_contract_symbol,YES,NO,,NO,NO,YES,governed_materializer:contract_economics_identity (1550),0,DERIVED_OR_ADVISORY; retain calculation and evidence version,GOVERNED_FIELD_KEEP_UNTIL_CONSUMER_REVIEW,"sig.get(""ev3_contract_symbol"", """")",ev3_contract_symbol,Published field empty for every row in sampled Morning run
ev3_data_state,YES,YES,,NO,NO,YES,governed_materializer (1550),1550,DERIVED_OR_ADVISORY; retain calculation and evidence version,GOVERNED_FIELD_KEEP_UNTIL_CONSUMER_REVIEW,"""AVAILABLE"" if ev3_status else ""MISSING_DATA_DEFECT""",,
ev3_ev_conservative_return,YES,YES,,NO,YES,YES,NOT_RECORDED,0,DERIVED_OR_ADVISORY; retain calculation and evidence version,GOVERNED_FIELD_KEEP_UNTIL_CONSUMER_REVIEW,"sig.get(""ev3_ev_conservative_return"", """")",ev3_ev_conservative_return,Published field empty for every row in sampled Morning run
ev3_ev_lower_bound_return,YES,NO,,NO,YES,YES,NOT_RECORDED,0,DERIVED_OR_ADVISORY; retain calculation and evidence version,GOVERNED_FIELD_KEEP_UNTIL_CONSUMER_REVIEW,"sig.get(""ev3_ev_lower_bound_return"", """")",ev3_ev_lower_bound_return,Published field empty for every row in sampled Morning run
ev3_evaluation_id,YES,NO,,NO,YES,YES,governed_materializer:contract_economics_identity (1550),0,DERIVED_OR_ADVISORY; retain calculation and evidence version,GOVERNED_FIELD_KEEP_UNTIL_CONSUMER_REVIEW,,,Published field empty for every row in sampled Morning run
ev3_n_effective,YES,NO,,NO,NO,YES,NOT_RECORDED,0,DERIVED_OR_ADVISORY; retain calculation and evidence version,GOVERNED_FIELD_KEEP_UNTIL_CONSUMER_REVIEW,"sig.get(""ev3_n_effective"", """")",ev3_n_effective,Published field empty for every row in sampled Morning run
ev3_p_stop,YES,NO,,NO,YES,YES,NOT_RECORDED,0,DERIVED_OR_ADVISORY; retain calculation and evidence version,GOVERNED_FIELD_KEEP_UNTIL_CONSUMER_REVIEW,"sig.get(""ev3_p_stop"", """")",ev3_p_stop,Published field empty for every row in sampled Morning run
ev3_p_target,YES,NO,,NO,YES,YES,NOT_RECORDED,0,DERIVED_OR_ADVISORY; retain calculation and evidence version,GOVERNED_FIELD_KEEP_UNTIL_CONSUMER_REVIEW,"sig.get(""ev3_p_target"", """")",ev3_p_target,Published field empty for every row in sampled Morning run
ev3_p_timeout,YES,NO,,NO,YES,YES,NOT_RECORDED,0,DERIVED_OR_ADVISORY; retain calculation and evidence version,GOVERNED_FIELD_KEEP_UNTIL_CONSUMER_REVIEW,"sig.get(""ev3_p_timeout"", """")",ev3_p_timeout,Published field empty for every row in sampled Morning run
ev3_reason_code,YES,NO,,YES,YES,YES,morning_validated_trades (1550),1550,DERIVED_OR_ADVISORY; retain calculation and evidence version,GOVERNED_FIELD_KEEP_UNTIL_CONSUMER_REVIEW,"sig.get(""ev3_reason_code"", """")",ev3_reason_code,
ev3_reason_detail,YES,NO,,YES,YES,YES,morning_validated_trades (1550),1550,DERIVED_OR_ADVISORY; retain calculation and evidence version,GOVERNED_FIELD_KEEP_UNTIL_CONSUMER_REVIEW,"sig.get(""ev3_reason_detail"", """")",ev3_reason_detail,
ev3_selected_contract_aligned,YES,YES,,NO,YES,YES,governed_materializer:contract_economics_identity (1550),1550,DERIVED_OR_ADVISORY; retain calculation and evidence version,GOVERNED_FIELD_KEEP_UNTIL_CONSUMER_REVIEW,"first(sig, ""ev3_selected_contract_aligned"")",,
ev3_shadow_only,YES,NO,,YES,YES,YES,morning_validated_trades (1550),1550,DERIVED_OR_ADVISORY; retain calculation and evidence version,GOVERNED_FIELD_KEEP_UNTIL_CONSUMER_REVIEW,"sig.get(""ev3_shadow_only"", """")",ev3_shadow_only,
ev3_state_match_type,YES,NO,,NO,NO,YES,NOT_RECORDED,0,DERIVED_OR_ADVISORY; retain calculation and evidence version,GOVERNED_FIELD_KEEP_UNTIL_CONSUMER_REVIEW,"sig.get(""ev3_state_match_type"", """")",ev3_state_match_type,Published field empty for every row in sampled Morning run
ev3_state_similarity,YES,NO,,NO,NO,YES,NOT_RECORDED,0,DERIVED_OR_ADVISORY; retain calculation and evidence version,GOVERNED_FIELD_KEEP_UNTIL_CONSUMER_REVIEW,"sig.get(""ev3_state_similarity"", """")",ev3_state_similarity,Published field empty for every row in sampled Morning run
ev3_status,YES,YES,,YES,YES,YES,morning_validated_trades (1550),1550,DERIVED_OR_ADVISORY; retain calculation and evidence version,GOVERNED_FIELD_KEEP_UNTIL_CONSUMER_REVIEW,ev3_status,ev3_status,
ev3_structure,YES,NO,,NO,NO,YES,NOT_RECORDED,0,DERIVED_OR_ADVISORY; retain calculation and evidence version,GOVERNED_FIELD_KEEP_UNTIL_CONSUMER_REVIEW,"sig.get(""ev3_structure"", """")",ev3_structure,Published field empty for every row in sampled Morning run
ev3_uncertainty_total_return,YES,NO,,NO,YES,YES,NOT_RECORDED,0,DERIVED_OR_ADVISORY; retain calculation and evidence version,GOVERNED_FIELD_KEEP_UNTIL_CONSUMER_REVIEW,"sig.get(""ev3_uncertainty_total_return"", """")",ev3_uncertainty_total_return,Published field empty for every row in sampled Morning run
ev_decision_hint,NO,YES,,NO,NO,NO,NOT_RECORDED,0,REVIEW_FIELD_SEMANTICS; do not infer freshness from field name,LEGACY_UI_FIELD_REVIEW,,,UI reads field not directly in final book or governed UI alias map; verify other projection
ev_predicted,YES,NO,,NO,YES,YES,execution_v3_5 (1550),0,REVIEW_FIELD_SEMANTICS; do not infer freshness from field name,GOVERNED_FIELD_KEEP_UNTIL_CONSUMER_REVIEW,"first(sig, ""ev3_ev_conservative_return"", ""ev_predicted"", ""ev2_ev_conf_adj"", ""eil_ev_net"", ""ev"")",ev3_ev_conservative_return | ev_predicted | ev2_ev_conf_adj | eil_ev_net | ev,Published field empty for every row in sampled Morning run
ev_status,NO,YES,,YES,YES,NO,NOT_RECORDED,0,REVIEW_FIELD_SEMANTICS; do not infer freshness from field name,LEGACY_UI_FIELD_REVIEW,,,UI reads field not directly in final book or governed UI alias map; verify other projection
evening_evidence_flags,YES,YES,,YES,YES,YES,morning_validated_trades (1550),1550,"FROZEN_EOD; Morning may compare, never silently overwrite",GOVERNED_FIELD_KEEP_UNTIL_CONSUMER_REVIEW,"first(sig, ""evening_evidence_flags"")",evening_evidence_flags,
evening_next_condition,YES,YES,,YES,YES,YES,morning_validated_trades (1550),1550,"FROZEN_EOD; Morning may compare, never silently overwrite",GOVERNED_FIELD_KEEP_UNTIL_CONSUMER_REVIEW,"first(sig, ""evening_next_condition"")",evening_next_condition,
evening_thesis_authority,YES,YES,,YES,YES,YES,morning_validated_trades (1550),1550,"FROZEN_EOD; Morning may compare, never silently overwrite",GOVERNED_FIELD_KEEP_UNTIL_CONSUMER_REVIEW,"first(sig, ""evening_thesis_authority"")",evening_thesis_authority,
evening_thesis_bucket,YES,YES,,YES,YES,YES,morning_validated_trades (1550),1550,"FROZEN_EOD; Morning may compare, never silently overwrite",GOVERNED_FIELD_KEEP_UNTIL_CONSUMER_REVIEW,"first(sig, ""evening_thesis_bucket"")",evening_thesis_bucket,
evening_thesis_candidate,YES,NO,,YES,YES,YES,morning_validated_trades (1550),1550,"FROZEN_EOD; Morning may compare, never silently overwrite",GOVERNED_FIELD_KEEP_UNTIL_CONSUMER_REVIEW,"first(sig, ""evening_thesis_candidate"")",evening_thesis_candidate,
evening_thesis_policy_version,YES,NO,,YES,YES,YES,morning_validated_trades (1550),1550,"FROZEN_EOD; Morning may compare, never silently overwrite",GOVERNED_FIELD_KEEP_UNTIL_CONSUMER_REVIEW,"first(sig, ""evening_thesis_policy_version"")",evening_thesis_policy_version,
evening_thesis_reason,YES,YES,,YES,YES,YES,morning_validated_trades (1550),1550,"FROZEN_EOD; Morning may compare, never silently overwrite",GOVERNED_FIELD_KEEP_UNTIL_CONSUMER_REVIEW,"first(sig, ""evening_thesis_reason"")",evening_thesis_reason,
evidence_session,NO,YES,,NO,NO,NO,NOT_RECORDED,0,REVIEW_FIELD_SEMANTICS; do not infer freshness from field name,LEGACY_UI_FIELD_REVIEW,,,UI reads field not directly in final book or governed UI alias map; verify other projection
evidence_session_date,YES,YES,,YES,YES,YES,morning_validated_trades (1379),1379,"FROZEN_EOD; Morning may compare, never silently overwrite",GOVERNED_FIELD_KEEP_UNTIL_CONSUMER_REVIEW,"first(sig, ""evidence_session_date"")",evidence_session_date,Morning CSV copies EOD field; copied column is not its semantic owner
exe__contract_dte,NO,YES,,NO,NO,NO,NOT_RECORDED,0,PRESENTATION_ALIAS; source field must be provenance-bound,LEGACY_UI_FIELD_REVIEW,,,UI reads field not directly in final book or governed UI alias map; verify other projection
exe__hold_label,NO,YES,,NO,NO,NO,NOT_RECORDED,0,PRESENTATION_ALIAS; source field must be provenance-bound,LEGACY_UI_FIELD_REVIEW,,,UI reads field not directly in final book or governed UI alias map; verify other projection
exe__horizon_action,NO,YES,,NO,NO,NO,NOT_RECORDED,0,PRESENTATION_ALIAS; source field must be provenance-bound,LEGACY_UI_FIELD_REVIEW,,,UI reads field not directly in final book or governed UI alias map; verify other projection
exe__horizon_bucket,NO,YES,,NO,NO,NO,NOT_RECORDED,0,PRESENTATION_ALIAS; source field must be provenance-bound,LEGACY_UI_FIELD_REVIEW,,,UI reads field not directly in final book or governed UI alias map; verify other projection
exe__horizon_pressure,NO,YES,,NO,NO,NO,NOT_RECORDED,0,PRESENTATION_ALIAS; source field must be provenance-bound,LEGACY_UI_FIELD_REVIEW,,,UI reads field not directly in final book or governed UI alias map; verify other projection
exe__horizon_source,NO,YES,,NO,NO,NO,NOT_RECORDED,0,PRESENTATION_ALIAS; source field must be provenance-bound,LEGACY_UI_FIELD_REVIEW,,,UI reads field not directly in final book or governed UI alias map; verify other projection
exe__layer2__preferred_horizon,NO,YES,,NO,NO,NO,NOT_RECORDED,0,PRESENTATION_ALIAS; source field must be provenance-bound,LEGACY_UI_FIELD_REVIEW,,,UI reads field not directly in final book or governed UI alias map; verify other projection
exe__macro_preferred_horizon,NO,YES,,NO,NO,NO,NOT_RECORDED,0,PRESENTATION_ALIAS; source field must be provenance-bound,LEGACY_UI_FIELD_REVIEW,,,UI reads field not directly in final book or governed UI alias map; verify other projection
executable_now,YES,YES,,YES,YES,YES,morning_validated_trades (1550),1550,REVIEW_FIELD_SEMANTICS; do not infer freshness from field name,GOVERNED_FIELD_KEEP_UNTIL_CONSUMER_REVIEW,"sig.get(""executable_now"", False)",,
execution_authority_ceiling,YES,NO,,NO,NO,YES,morning_validated_trades (1550),1550,MORNING_RECOMPUTE; no stale EOD decision fallback,GOVERNED_FIELD_KEEP_UNTIL_CONSUMER_REVIEW,"first(sig, ""execution_authority_ceiling"")",,
execution_authority_policy_version,YES,NO,,NO,YES,YES,morning_validated_trades (1550),1550,REVIEW_FIELD_SEMANTICS; do not infer freshness from field name,GOVERNED_FIELD_KEEP_UNTIL_CONSUMER_REVIEW,"first(sig, ""execution_authority_policy_version"")",,
execution_authority_source,YES,NO,,NO,NO,YES,morning_validated_trades (1550),1550,REVIEW_FIELD_SEMANTICS; do not infer freshness from field name,GOVERNED_FIELD_KEEP_UNTIL_CONSUMER_REVIEW,"first(sig, ""execution_authority_source"")",,
execution_authorized,YES,NO,,YES,YES,YES,morning_validated_trades (1550),1550,MORNING_RECOMPUTE; no stale EOD decision fallback,GOVERNED_FIELD_KEEP_UNTIL_CONSUMER_REVIEW,"first(sig, ""execution_authorized"")",,
execution_can_grant_capital,YES,NO,,NO,NO,YES,morning_validated_trades (1550),1550,REVIEW_FIELD_SEMANTICS; do not infer freshness from field name,GOVERNED_FIELD_KEEP_UNTIL_CONSUMER_REVIEW,"first(sig, ""execution_can_grant_capital"")",,
execution_category,YES,YES,,NO,NO,YES,morning_validated_trades (1550),1550,REVIEW_FIELD_SEMANTICS; do not infer freshness from field name,GOVERNED_FIELD_KEEP_UNTIL_CONSUMER_REVIEW,"first(sig, ""execution_category"", ""morning_execution_route"", ""morning_execution_lane"", ""morning_execution_permission"", ""execution_permission"", ""lab_verdict"")",,
execution_eligibility_state,YES,NO,,NO,NO,YES,morning_validated_trades (1550),1550,MORNING_RECOMPUTE; no stale EOD decision fallback,GOVERNED_FIELD_KEEP_UNTIL_CONSUMER_REVIEW,"first(sig, ""execution_eligibility_state"")",,
execution_lock_reason,YES,YES,,NO,NO,YES,morning_validated_trades (1191),1191,MORNING_RECOMPUTE; no stale EOD decision fallback,GOVERNED_FIELD_KEEP_UNTIL_CONSUMER_REVIEW,"sig.get(""execution_lock_reason"", """")",,
execution_mode,NO,YES,,YES,YES,NO,NOT_RECORDED,0,REVIEW_FIELD_SEMANTICS; do not infer freshness from field name,LEGACY_UI_FIELD_REVIEW,,,UI reads field not directly in final book or governed UI alias map; verify other projection
execution_requires_human_approval,YES,NO,,NO,NO,YES,morning_validated_trades (1550),1550,REVIEW_FIELD_SEMANTICS; do not infer freshness from field name,GOVERNED_FIELD_KEEP_UNTIL_CONSUMER_REVIEW,"first(sig, ""execution_requires_human_approval"")",,
execution_verdict,NO,YES,,NO,NO,NO,NOT_RECORDED,0,REVIEW_FIELD_SEMANTICS; do not infer freshness from field name,LEGACY_UI_FIELD_REVIEW,,,UI reads field not directly in final book or governed UI alias map; verify other projection
execution_viability_ask,YES,NO,,YES,YES,YES,morning_validated_trades (1368),1368,REVIEW_FIELD_SEMANTICS; do not infer freshness from field name,GOVERNED_FIELD_KEEP_UNTIL_CONSUMER_REVIEW,"first(sig, ""execution_viability_ask"")",,
execution_viability_bid,YES,NO,,YES,YES,YES,morning_validated_trades (1368),1368,REVIEW_FIELD_SEMANTICS; do not infer freshness from field name,GOVERNED_FIELD_KEEP_UNTIL_CONSUMER_REVIEW,"first(sig, ""execution_viability_bid"")",,
execution_viability_contract_symbol,YES,NO,,YES,YES,YES,morning_validated_trades (1368),1368,REVIEW_FIELD_SEMANTICS; do not infer freshness from field name,GOVERNED_FIELD_KEEP_UNTIL_CONSUMER_REVIEW,"first(sig, ""execution_viability_contract_symbol"")",,
execution_viability_eligible,YES,NO,,YES,YES,YES,morning_validated_trades (1550),1550,REVIEW_FIELD_SEMANTICS; do not infer freshness from field name,GOVERNED_FIELD_KEEP_UNTIL_CONSUMER_REVIEW,"first(sig, ""execution_viability_eligible"")",,
execution_viability_policy_version,YES,NO,,YES,YES,YES,morning_validated_trades (1550),1550,REVIEW_FIELD_SEMANTICS; do not infer freshness from field name,GOVERNED_FIELD_KEEP_UNTIL_CONSUMER_REVIEW,"first(sig, ""execution_viability_policy_version"")",,
execution_viability_reason,YES,NO,,YES,YES,YES,morning_validated_trades (1550),1550,REVIEW_FIELD_SEMANTICS; do not infer freshness from field name,GOVERNED_FIELD_KEEP_UNTIL_CONSUMER_REVIEW,"first(sig, ""execution_viability_reason"")",,
execution_viability_reviewable,YES,NO,,YES,YES,YES,morning_validated_trades (1550),1550,REVIEW_FIELD_SEMANTICS; do not infer freshness from field name,GOVERNED_FIELD_KEEP_UNTIL_CONSUMER_REVIEW,"first(sig, ""execution_viability_reviewable"")",,
execution_viability_spread_denominator,YES,NO,,YES,YES,YES,morning_validated_trades (1550),1550,REVIEW_FIELD_SEMANTICS; do not infer freshness from field name,GOVERNED_FIELD_KEEP_UNTIL_CONSUMER_REVIEW,"first(sig, ""execution_viability_spread_denominator"")",,
execution_viability_spread_pct,YES,NO,,YES,YES,YES,morning_validated_trades (1368),1368,REVIEW_FIELD_SEMANTICS; do not infer freshness from field name,GOVERNED_FIELD_KEEP_UNTIL_CONSUMER_REVIEW,"first(sig, ""execution_viability_spread_pct"")",,
execution_viability_state,YES,NO,,YES,YES,YES,morning_validated_trades (1550),1550,REVIEW_FIELD_SEMANTICS; do not infer freshness from field name,GOVERNED_FIELD_KEEP_UNTIL_CONSUMER_REVIEW,"first(sig, ""execution_viability_state"")",,
expected_holding_window,NO,YES,,YES,YES,NO,NOT_RECORDED,0,REVIEW_FIELD_SEMANTICS; do not infer freshness from field name,LEGACY_UI_FIELD_REVIEW,,,UI reads field not directly in final book or governed UI alias map; verify other projection
expiry,YES,NO,,YES,YES,YES,morning_validated_trades (1367),1367,REVIEW_FIELD_SEMANTICS; do not infer freshness from field name,GOVERNED_FIELD_KEEP_UNTIL_CONSUMER_REVIEW,"reselected_identity.get(""expiry"", """") if contract_reselected
            else first(sig, ""expiry"", ""contract_expiry"", ""opt__contract_expiry"") if contract_selected
            else """"",,
fd_ev_decision_hint,NO,YES,,NO,NO,NO,NOT_RECORDED,0,REVIEW_FIELD_SEMANTICS; do not infer freshness from field name,LEGACY_UI_FIELD_REVIEW,,,UI reads field not directly in final book or governed UI alias map; verify other projection
field_provenance_json,YES,NO,,NO,NO,YES,NOT_RECORDED,1550,REVIEW_FIELD_SEMANTICS; do not infer freshness from field name,GOVERNED_FIELD_KEEP_UNTIL_CONSUMER_REVIEW,_json_safe(provenance),,
final_action,YES,YES,,NO,NO,YES,morning_validated_trades (1550),1550,MORNING_RECOMPUTE; no stale EOD decision fallback,GOVERNED_FIELD_KEEP_UNTIL_CONSUMER_REVIEW,"first(sig, ""final_action"")",,
final_capital_permission,YES,NO,,NO,YES,YES,morning_validated_trades (1550),1550,REVIEW_FIELD_SEMANTICS; do not infer freshness from field name,GOVERNED_FIELD_KEEP_UNTIL_CONSUMER_REVIEW,"first(sig, ""final_capital_permission"")",,
final_direction,YES,YES,,YES,YES,YES,morning_validated_trades (1550),1550,"FROZEN_EOD; Morning may compare, never silently overwrite",GOVERNED_FIELD_KEEP_UNTIL_CONSUMER_REVIEW,"first(sig, ""final_direction"", ""canonical_direction"")",,Morning CSV copies EOD field; copied column is not its semantic owner
final_route,NO,YES,,YES,YES,NO,NOT_RECORDED,0,REVIEW_FIELD_SEMANTICS; do not infer freshness from field name,LEGACY_UI_FIELD_REVIEW,,,UI reads field not directly in final book or governed UI alias map; verify other projection
force_alignment_score,YES,NO,,YES,YES,YES,morning_validated_trades (1550),1550,REVIEW_FIELD_SEMANTICS; do not infer freshness from field name,GOVERNED_FIELD_KEEP_UNTIL_CONSUMER_REVIEW,"first(sig, ""force_alignment_score"", ""vg__force_alignment_score"")",,
gamma_flip,YES,NO,,NO,NO,YES,options_intelligence (1379),1379,REVIEW_FIELD_SEMANTICS; do not infer freshness from field name,GOVERNED_FIELD_KEEP_UNTIL_CONSUMER_REVIEW,"first(sig, ""gamma_flip"", ""opt__gamma_flip"")",gamma_flip | opt__gamma_flip,
gamma_island_distance_pct,YES,NO,,YES,YES,YES,morning_validated_trades (1550),1550,REVIEW_FIELD_SEMANTICS; do not infer freshness from field name,GOVERNED_FIELD_KEEP_UNTIL_CONSUMER_REVIEW,"first(sig, ""gamma_island_distance_pct"", ""opt__gamma_island_distance_pct"")",gamma_island_distance_pct | opt__gamma_island_distance_pct,
gamma_island_level,YES,NO,,YES,YES,YES,morning_validated_trades (1550),1550,REVIEW_FIELD_SEMANTICS; do not infer freshness from field name,GOVERNED_FIELD_KEEP_UNTIL_CONSUMER_REVIEW,"first(sig, ""gamma_island_level"", ""opt__gamma_island_level"")",gamma_island_level | opt__gamma_island_level,
gamma_island_on_path,YES,NO,,YES,YES,YES,morning_validated_trades (1550),1550,REVIEW_FIELD_SEMANTICS; do not infer freshness from field name,GOVERNED_FIELD_KEEP_UNTIL_CONSUMER_REVIEW,"first(sig, ""gamma_island_on_path"", ""opt__gamma_island_on_path"")",gamma_island_on_path | opt__gamma_island_on_path,
garch__l3_iv_tailwind_score,NO,YES,l3_iv_tailwind_score | garch_iv_tailwind_score,NO,NO,NO,NOT_RECORDED,0,PRESENTATION_ALIAS; source field must be provenance-bound,PRESENTATION_ALIAS_KEEP_UNTIL_PARITY,,,
garch__l3_jump_risk_flag,NO,YES,l3_jump_risk_flag | garch_jump_risk_flag,NO,NO,NO,NOT_RECORDED,0,PRESENTATION_ALIAS; source field must be provenance-bound,PRESENTATION_ALIAS_KEEP_UNTIL_PARITY,,,
garch_data_state,YES,NO,,NO,NO,YES,governed_materializer (1550),1550,DERIVED_OR_ADVISORY; retain calculation and evidence version,GOVERNED_FIELD_KEEP_UNTIL_CONSUMER_REVIEW,"""AVAILABLE"" if not _is_missing(garch_method) else ""MISSING_DATA_DEFECT""",,
garch_expected_move_11_20d,YES,NO,,YES,YES,YES,morning_validated_trades (1550),1550,DERIVED_OR_ADVISORY; retain calculation and evidence version,GOVERNED_FIELD_KEEP_UNTIL_CONSUMER_REVIEW,"first(sig, ""garch_expected_move_11_20d"", ""l3_expected_move_11_20d"", ""garch__l3_expected_move_11_20d"")",garch_expected_move_11_20d | l3_expected_move_11_20d,
garch_expected_move_1_5d,YES,NO,,YES,YES,YES,morning_validated_trades (1550),1550,DERIVED_OR_ADVISORY; retain calculation and evidence version,GOVERNED_FIELD_KEEP_UNTIL_CONSUMER_REVIEW,"first(sig, ""garch_expected_move_1_5d"", ""l3_expected_move_1_5d"", ""garch__l3_expected_move_1_5d"")",garch_expected_move_1_5d | l3_expected_move_1_5d,
garch_expected_move_6_10d,YES,NO,,YES,YES,YES,morning_validated_trades (1550),1550,DERIVED_OR_ADVISORY; retain calculation and evidence version,GOVERNED_FIELD_KEEP_UNTIL_CONSUMER_REVIEW,"first(sig, ""garch_expected_move_6_10d"", ""l3_expected_move_6_10d"", ""garch__l3_expected_move_6_10d"")",garch_expected_move_6_10d | l3_expected_move_6_10d,
garch_forecast_confidence,YES,NO,,NO,NO,YES,garch_forecasts (1550),1550,DERIVED_OR_ADVISORY; retain calculation and evidence version,GOVERNED_FIELD_KEEP_UNTIL_CONSUMER_REVIEW,"first(sig, ""garch_forecast_confidence"", ""l3_forecast_confidence"", ""garch__l3_forecast_confidence"")",garch_forecast_confidence | l3_vol_forecast_conf,
garch_forecast_vol,YES,NO,,NO,NO,YES,garch_forecasts (1550),1550,DERIVED_OR_ADVISORY; retain calculation and evidence version,GOVERNED_FIELD_KEEP_UNTIL_CONSUMER_REVIEW,"first(sig, ""garch_forecast_vol"", ""l3_vol_forecast"", ""garch__l3_vol_forecast"")",garch_forecast_vol | l3_forward_realised_vol,
garch_iv_tailwind_score,YES,YES,,NO,NO,YES,morning_validated_trades (1367),1367,DERIVED_OR_ADVISORY; retain calculation and evidence version,GOVERNED_FIELD_KEEP_UNTIL_CONSUMER_REVIEW,"first(sig, ""garch_iv_tailwind_score"", ""l3_iv_tailwind_score"", ""garch__l3_iv_tailwind_score"")",garch_iv_tailwind_score | l3_iv_tailwind_score,
garch_jump_risk_flag,YES,YES,,NO,NO,YES,morning_validated_trades (1550),1550,DERIVED_OR_ADVISORY; retain calculation and evidence version,GOVERNED_FIELD_KEEP_UNTIL_CONSUMER_REVIEW,"first(sig, ""garch_jump_risk_flag"", ""l3_jump_risk_flag"", ""garch__l3_jump_risk_flag"")",garch_jump_risk_flag | l3_jump_risk_flag,
garch_method,YES,NO,,NO,NO,YES,morning_validated_trades (1550),1550,DERIVED_OR_ADVISORY; retain calculation and evidence version,GOVERNED_FIELD_KEEP_UNTIL_CONSUMER_REVIEW,garch_method,garch_method | l3_method,
garch_price_bars_used,YES,NO,,NO,NO,YES,morning_validated_trades (1550),1550,DERIVED_OR_ADVISORY; retain calculation and evidence version,GOVERNED_FIELD_KEEP_UNTIL_CONSUMER_REVIEW,"first(sig, ""garch_price_bars_used"", ""l3_n_bars"", ""garch__l3_n_bars"")",garch_price_bars_used | l3_n_bars,
gate_reason,YES,NO,,NO,NO,YES,morning_validated_trades (1550),1550,MORNING_RECOMPUTE; no stale EOD decision fallback,GOVERNED_FIELD_KEEP_UNTIL_CONSUMER_REVIEW,"first(sig, ""gate_reason"")",,
gate_version,YES,NO,,NO,NO,YES,morning_validated_trades (1550),1550,REVIEW_FIELD_SEMANTICS; do not infer freshness from field name,GOVERNED_FIELD_KEEP_UNTIL_CONSUMER_REVIEW,"first(sig, ""gate_version"")",,
gate_warnings,YES,NO,,NO,NO,YES,morning_validated_trades (202),202,REVIEW_FIELD_SEMANTICS; do not infer freshness from field name,GOVERNED_FIELD_KEEP_UNTIL_CONSUMER_REVIEW,"first(sig, ""gate_warnings"")",,
gics_sector,YES,YES,,NO,NO,YES,morning_validated_trades (1365),1548,REVIEW_FIELD_SEMANTICS; do not infer freshness from field name,GOVERNED_FIELD_KEEP_UNTIL_CONSUMER_REVIEW,"first(sig, ""gics_sector"", ""gics_sector_norm"", ""sector"")",gics_sector | gics_sector_norm | sector,
gics_sector_norm,YES,YES,,NO,NO,YES,morning_validated_trades (1365),1548,REVIEW_FIELD_SEMANTICS; do not infer freshness from field name,GOVERNED_FIELD_KEEP_UNTIL_CONSUMER_REVIEW,"first(sig, ""gics_sector_norm"", ""gics_sector"", ""sector"")",gics_sector_norm | gics_sector | sector,
governed_direction,YES,YES,,YES,YES,YES,morning_validated_trades (1550),1550,"FROZEN_EOD; Morning may compare, never silently overwrite",GOVERNED_FIELD_KEEP_UNTIL_CONSUMER_REVIEW,"first(sig, ""governed_direction"")",,Morning CSV copies EOD field; copied column is not its semantic owner
governed_direction_authority,YES,NO,,YES,YES,YES,morning_validated_trades (1550),1550,"FROZEN_EOD; Morning may compare, never silently overwrite",GOVERNED_FIELD_KEEP_UNTIL_CONSUMER_REVIEW,"first(sig, ""governed_direction_authority"")",,
governed_direction_basis,YES,YES,,YES,YES,YES,morning_validated_trades (1550),1550,"FROZEN_EOD; Morning may compare, never silently overwrite",GOVERNED_FIELD_KEEP_UNTIL_CONSUMER_REVIEW,"first(sig, ""governed_direction_basis"")",,
governed_direction_record_json,YES,NO,,YES,YES,YES,morning_validated_trades (1550),1550,"FROZEN_EOD; Morning may compare, never silently overwrite",GOVERNED_FIELD_KEEP_UNTIL_CONSUMER_REVIEW,"first(sig, ""governed_direction_record_json"")",,
governed_direction_record_sha256,YES,NO,,YES,YES,YES,morning_validated_trades (1550),1550,"FROZEN_EOD; Morning may compare, never silently overwrite",GOVERNED_FIELD_KEEP_UNTIL_CONSUMER_REVIEW,"first(sig, ""governed_direction_record_sha256"")",,
hard_vetoes,YES,NO,,YES,YES,YES,morning_validated_trades (1550),1550,REVIEW_FIELD_SEMANTICS; do not infer freshness from field name,GOVERNED_FIELD_KEEP_UNTIL_CONSUMER_REVIEW,"first(sig, ""hard_vetoes"", ""options_hard_vetoes"", ""veto_flags"")",hard_vetoes | options_hard_vetoes,
has_eod_candidate_manifest_row,NO,YES,,NO,NO,NO,NOT_RECORDED,0,REVIEW_FIELD_SEMANTICS; do not infer freshness from field name,LEGACY_UI_FIELD_REVIEW,,,UI reads field not directly in final book or governed UI alias map; verify other projection
hidden_state_label,YES,YES,,YES,YES,YES,morning_validated_trades (1550),1550,REVIEW_FIELD_SEMANTICS; do not infer freshness from field name,GOVERNED_FIELD_KEEP_UNTIL_CONSUMER_REVIEW,"first(sig, ""hidden_state_label"", ""vg__hidden_state_label"")",,
hold_label,NO,YES,,NO,NO,NO,NOT_RECORDED,0,REVIEW_FIELD_SEMANTICS; do not infer freshness from field name,LEGACY_UI_FIELD_REVIEW,,,UI reads field not directly in final book or governed UI alias map; verify other projection
hold_period,YES,NO,,NO,NO,YES,morning_validated_trades (1550),1550,"FROZEN_EOD; Morning may compare, never silently overwrite",GOVERNED_FIELD_KEEP_UNTIL_CONSUMER_REVIEW,"first(sig, ""hold_period"", ""hold_days"", ""hold_label"", ""hold_window"", ""horizon_bucket"")",,
hold_urgency,YES,NO,,NO,NO,YES,execution_v3_5 (1367),1367,REVIEW_FIELD_SEMANTICS; do not infer freshness from field name,GOVERNED_FIELD_KEEP_UNTIL_CONSUMER_REVIEW,"first(sig, ""hold_urgency"", ""opt__hold_urgency"")",hold_urgency | opt__hold_urgency,
hold_window,YES,NO,,NO,NO,YES,morning_validated_trades (1550),1550,REVIEW_FIELD_SEMANTICS; do not infer freshness from field name,GOVERNED_FIELD_KEEP_UNTIL_CONSUMER_REVIEW,"first(sig, ""hold_window"", ""horizon_bucket"", ""hold_label"", ""opt__hold_label"")",,
horizon_action,NO,YES,,YES,YES,NO,NOT_RECORDED,0,REVIEW_FIELD_SEMANTICS; do not infer freshness from field name,LEGACY_UI_FIELD_REVIEW,,,UI reads field not directly in final book or governed UI alias map; verify other projection
horizon_bucket,NO,YES,,YES,YES,NO,NOT_RECORDED,0,"FROZEN_EOD; Morning may compare, never silently overwrite",LEGACY_UI_FIELD_REVIEW,,,UI reads field not directly in final book or governed UI alias map; verify other projection; Morning CSV copies EOD field; copied column is not its semantic owner
horizon_pressure,NO,YES,,YES,YES,NO,NOT_RECORDED,0,REVIEW_FIELD_SEMANTICS; do not infer freshness from field name,LEGACY_UI_FIELD_REVIEW,,,UI reads field not directly in final book or governed UI alias map; verify other projection
horizon_source,NO,YES,,NO,NO,NO,NOT_RECORDED,0,REVIEW_FIELD_SEMANTICS; do not infer freshness from field name,LEGACY_UI_FIELD_REVIEW,,,UI reads field not directly in final book or governed UI alias map; verify other projection
hv_30d,YES,NO,,YES,YES,YES,morning_validated_trades (1367),1367,REVIEW_FIELD_SEMANTICS; do not infer freshness from field name,GOVERNED_FIELD_KEEP_UNTIL_CONSUMER_REVIEW,"first(sig, ""hv_30d"", ""opt__hv_30d"")",hv_30d | opt__hv_30d,
includes,NO,YES,,NO,NO,NO,NOT_RECORDED,0,REVIEW_FIELD_SEMANTICS; do not infer freshness from field name,LEGACY_UI_FIELD_REVIEW,,,UI reads field not directly in final book or governed UI alias map; verify other projection
instrument,YES,YES,,YES,YES,YES,morning_validated_trades (1383),1383,REVIEW_FIELD_SEMANTICS; do not infer freshness from field name,GOVERNED_FIELD_KEEP_UNTIL_CONSUMER_REVIEW,aligned_instrument,,
intent,YES,YES,,YES,YES,YES,morning_validated_trades (1550),1550,REVIEW_FIELD_SEMANTICS; do not infer freshness from field name,GOVERNED_FIELD_KEEP_UNTIL_CONSUMER_REVIEW,"first(sig, ""intent"", ""precor_intent"", ""setup_intent"")",intent | precor_intent | setup_intent,
interpreter_agreement_conflict,NO,YES,,NO,NO,NO,NOT_RECORDED,0,OPTIONAL_ADVISORY; never execution authority,LEGACY_UI_FIELD_REVIEW,,,"UI reads field not directly in final book or governed UI alias map; verify other projection; OVERLAY_ALLOWLIST_2026-09-23: in the Lab overlay allow-list, but the accepted handoff book rows do not carry it, so the overlay rejection (source mapping 4a) does not explain this 0; separate producer gap"
interpreter_assessment_status,NO,YES,,NO,NO,NO,NOT_RECORDED,0,OPTIONAL_ADVISORY; never execution authority,LEGACY_UI_FIELD_REVIEW,,,"UI reads field not directly in final book or governed UI alias map; verify other projection; OVERLAY_ALLOWLIST_2026-09-23: in the Lab overlay allow-list, but the accepted handoff book rows do not carry it, so the overlay rejection (source mapping 4a) does not explain this 0; separate producer gap"
interpreter_authority_statement,NO,YES,,NO,NO,NO,NOT_RECORDED,0,OPTIONAL_ADVISORY; never execution authority,LEGACY_UI_FIELD_REVIEW,,,"UI reads field not directly in final book or governed UI alias map; verify other projection; OVERLAY_ALLOWLIST_2026-09-23: in the Lab overlay allow-list, but the accepted handoff book rows do not carry it, so the overlay rejection (source mapping 4a) does not explain this 0; separate producer gap"
interpreter_bundle_prepared_utc,NO,YES,,NO,NO,NO,NOT_RECORDED,0,OPTIONAL_ADVISORY; never execution authority,LEGACY_UI_FIELD_REVIEW,,,"UI reads field not directly in final book or governed UI alias map; verify other projection; OVERLAY_ALLOWLIST_2026-09-23: in the Lab overlay allow-list, but the accepted handoff book rows do not carry it, so the overlay rejection (source mapping 4a) does not explain this 0; separate producer gap"
interpreter_bundle_status,NO,YES,,NO,NO,NO,NOT_RECORDED,0,OPTIONAL_ADVISORY; never execution authority,LEGACY_UI_FIELD_REVIEW,,,"UI reads field not directly in final book or governed UI alias map; verify other projection; OVERLAY_ALLOWLIST_2026-09-23: in the Lab overlay allow-list, but the accepted handoff book rows do not carry it, so the overlay rejection (source mapping 4a) does not explain this 0; separate producer gap"
interpreter_created_utc,NO,YES,,NO,NO,NO,NOT_RECORDED,0,OPTIONAL_ADVISORY; never execution authority,LEGACY_UI_FIELD_REVIEW,,,"UI reads field not directly in final book or governed UI alias map; verify other projection; OVERLAY_ALLOWLIST_2026-09-23: in the Lab overlay allow-list, but the accepted handoff book rows do not carry it, so the overlay rejection (source mapping 4a) does not explain this 0; separate producer gap"
interpreter_data_gaps,NO,YES,,NO,NO,NO,NOT_RECORDED,0,OPTIONAL_ADVISORY; never execution authority,LEGACY_UI_FIELD_REVIEW,,,"UI reads field not directly in final book or governed UI alias map; verify other projection; OVERLAY_ALLOWLIST_2026-09-23: in the Lab overlay allow-list, but the accepted handoff book rows do not carry it, so the overlay rejection (source mapping 4a) does not explain this 0; separate producer gap"
interpreter_manual_checks,NO,YES,,NO,NO,NO,NOT_RECORDED,0,OPTIONAL_ADVISORY; never execution authority,LEGACY_UI_FIELD_REVIEW,,,"UI reads field not directly in final book or governed UI alias map; verify other projection; OVERLAY_ALLOWLIST_2026-09-23: in the Lab overlay allow-list, but the accepted handoff book rows do not carry it, so the overlay rejection (source mapping 4a) does not explain this 0; separate producer gap"
interpreter_plain_language_reason,NO,YES,,NO,NO,NO,NOT_RECORDED,0,OPTIONAL_ADVISORY; never execution authority,LEGACY_UI_FIELD_REVIEW,,,"UI reads field not directly in final book or governed UI alias map; verify other projection; OVERLAY_ALLOWLIST_2026-09-23: in the Lab overlay allow-list, but the accepted handoff book rows do not carry it, so the overlay rejection (source mapping 4a) does not explain this 0; separate producer gap"
interpreter_strengthening_weakening,NO,YES,,NO,NO,NO,NOT_RECORDED,0,OPTIONAL_ADVISORY; never execution authority,LEGACY_UI_FIELD_REVIEW,,,"UI reads field not directly in final book or governed UI alias map; verify other projection; OVERLAY_ALLOWLIST_2026-09-23: in the Lab overlay allow-list, but the accepted handoff book rows do not carry it, so the overlay rejection (source mapping 4a) does not explain this 0; separate producer gap"
invalidation_price,YES,YES,,NO,NO,YES,morning_validated_trades (1214),1214,REVIEW_FIELD_SEMANTICS; do not infer freshness from field name,GOVERNED_FIELD_KEEP_UNTIL_CONSUMER_REVIEW,book_invalidation,,INTERPRETER_CONSUMER_2026-09-24: read by pipeline_interpreter/confluence_evidence.py and interactive_desk.py EVIDENCE_FIELDS since ILA-003 slice 2b
invalidation_source,YES,NO,,YES,YES,YES,morning_validated_trades (1550),1550,REVIEW_FIELD_SEMANTICS; do not infer freshness from field name,GOVERNED_FIELD_KEEP_UNTIL_CONSUMER_REVIEW,"first(sig, ""invalidation_source"", ""ev3_invalidation_source"")",,
invalidation_spot,NO,YES,,YES,YES,NO,NOT_RECORDED,0,"FROZEN_EOD; Morning may compare, never silently overwrite",LEGACY_UI_FIELD_REVIEW,,,UI reads field not directly in final book or governed UI alias map; verify other projection; Morning CSV copies EOD field; copied column is not its semantic owner; INTERPRETER_CONSUMER_2026-09-23: pipeline_interpreter/confluence_evidence.py reads this name from the frozen final book where it is empty on every row; governed column is invalidation_price (source mapping 4a); ILA003_IMPLEMENTED_2026-09-24: Interpreter confluence and desk evidence fields now read invalidation_price; this alias is no longer read by the Interpreter
invalidation_state,YES,NO,,YES,YES,YES,morning_validated_trades (1550),1550,REVIEW_FIELD_SEMANTICS; do not infer freshness from field name,GOVERNED_FIELD_KEEP_UNTIL_CONSUMER_REVIEW,book_invalidation_state,,
is_stale,YES,NO,,YES,YES,YES,morning_validated_trades (1550),1550,REVIEW_FIELD_SEMANTICS; do not infer freshness from field name,GOVERNED_FIELD_KEEP_UNTIL_CONSUMER_REVIEW,"sig.get(""is_stale"", False)",,
issue_session,NO,YES,,NO,NO,NO,NOT_RECORDED,0,REVIEW_FIELD_SEMANTICS; do not infer freshness from field name,LEGACY_UI_FIELD_REVIEW,,,UI reads field not directly in final book or governed UI alias map; verify other projection
issued,NO,YES,,NO,NO,NO,NOT_RECORDED,0,REVIEW_FIELD_SEMANTICS; do not infer freshness from field name,LEGACY_UI_FIELD_REVIEW,,,UI reads field not directly in final book or governed UI alias map; verify other projection
iv_rank,YES,YES,,YES,YES,YES,morning_validated_trades (1379),1379,REVIEW_FIELD_SEMANTICS; do not infer freshness from field name,GOVERNED_FIELD_KEEP_UNTIL_CONSUMER_REVIEW,"first(sig, ""iv_rank"", ""ivp"", ""opt__iv_rank"")",iv_rank | ivp | opt__iv_rank,
iv_vs_hv,YES,NO,,NO,NO,YES,options_intelligence (1367),1367,REVIEW_FIELD_SEMANTICS; do not infer freshness from field name,GOVERNED_FIELD_KEEP_UNTIL_CONSUMER_REVIEW,"first(sig, ""iv_vs_hv"", ""opt__iv_vs_hv"")",iv_vs_hv | opt__iv_vs_hv,
ivp,NO,YES,,NO,NO,NO,NOT_RECORDED,0,REVIEW_FIELD_SEMANTICS; do not infer freshness from field name,LEGACY_UI_FIELD_REVIEW,,,UI reads field not directly in final book or governed UI alias map; verify other projection
ivp_label,YES,YES,,NO,NO,YES,options_intelligence (1379),1379,REVIEW_FIELD_SEMANTICS; do not infer freshness from field name,GOVERNED_FIELD_KEEP_UNTIL_CONSUMER_REVIEW,"first(sig, ""ivp_label"", ""iv_alignment"", ""opt__ivp_label"")",ivp_label | iv_alignment | opt__ivp_label,
lab_action_bucket_label,NO,YES,,NO,NO,NO,NOT_RECORDED,0,REVIEW_FIELD_SEMANTICS; do not infer freshness from field name,LEGACY_UI_FIELD_REVIEW,,,UI reads field not directly in final book or governed UI alias map; verify other projection
lab_actionable_handoff_member,YES,NO,,NO,NO,YES,NOT_RECORDED,0,REVIEW_FIELD_SEMANTICS; do not infer freshness from field name,GOVERNED_FIELD_KEEP_UNTIL_CONSUMER_REVIEW,,,"Published field empty for every row in sampled Morning run; OVERLAY_REJECTED_2026-09-23: empty because merge_all_opportunities rejects every accepted row (0 of 359 overlaid; source mapping 4a), not because the handoff is missing"
lab_coherence_flags,YES,NO,,NO,NO,YES,morning_validated_trades (490),490,REVIEW_FIELD_SEMANTICS; do not infer freshness from field name,GOVERNED_FIELD_KEEP_UNTIL_CONSUMER_REVIEW,lab_coherence_flags,,
lab_coherence_status,YES,YES,,NO,NO,YES,morning_validated_trades (193),193,REVIEW_FIELD_SEMANTICS; do not infer freshness from field name,GOVERNED_FIELD_KEEP_UNTIL_CONSUMER_REVIEW,lab_coherence_status,,
lab_execution_status,YES,YES,,NO,NO,YES,morning_validated_trades (1550),1550,MORNING_RECOMPUTE; no stale EOD decision fallback,GOVERNED_FIELD_KEEP_UNTIL_CONSUMER_REVIEW,"sig.get(""lab_execution_status"", """")",,
lab_hidden_by_default,NO,YES,,NO,NO,NO,NOT_RECORDED,0,REVIEW_FIELD_SEMANTICS; do not infer freshness from field name,LEGACY_UI_FIELD_REVIEW,,,UI reads field not directly in final book or governed UI alias map; verify other projection
lab_rank,YES,NO,,NO,NO,YES,governed_materializer (1550),1550,REVIEW_FIELD_SEMANTICS; do not infer freshness from field name,GOVERNED_FIELD_KEEP_UNTIL_CONSUMER_REVIEW,rank,,
lab_schema_version,YES,NO,,NO,NO,YES,governed_materializer (1550),1550,REVIEW_FIELD_SEMANTICS; do not infer freshness from field name,GOVERNED_FIELD_KEEP_UNTIL_CONSUMER_REVIEW,"""lab_signal_book_v2""",,
lab_status,YES,YES,,NO,NO,YES,governed_materializer (1550),1550,MORNING_RECOMPUTE; no stale EOD decision fallback,GOVERNED_FIELD_KEEP_UNTIL_CONSUMER_REVIEW,"sig.get(""lab_status"") or sig.get(""lab_verdict"", ""WAIT"")",,
lab_status_banner,NO,YES,,NO,NO,YES,NOT_RECORDED,0,MORNING_RECOMPUTE; no stale EOD decision fallback,GAP_VISIBLE_OR_REQUIRED,,,UI reads field not directly in final book or governed UI alias map; verify other projection
lab_tradeable,YES,YES,,NO,NO,YES,governed_materializer (1550),1550,MORNING_RECOMPUTE; no stale EOD decision fallback,GOVERNED_FIELD_KEEP_UNTIL_CONSUMER_REVIEW,"bool(sig.get(""lab_tradeable""))",,
lab_v4_authority,YES,NO,,NO,NO,YES,NOT_RECORDED,1550,REVIEW_FIELD_SEMANTICS; do not infer freshness from field name,GOVERNED_FIELD_KEEP_UNTIL_CONSUMER_REVIEW,,,
lab_v4_calculation_version,YES,NO,,NO,NO,YES,NOT_RECORDED,1550,REVIEW_FIELD_SEMANTICS; do not infer freshness from field name,GOVERNED_FIELD_KEEP_UNTIL_CONSUMER_REVIEW,,,
lab_v4_contract_state,YES,NO,,NO,NO,YES,NOT_RECORDED,1550,REVIEW_FIELD_SEMANTICS; do not infer freshness from field name,GOVERNED_FIELD_KEEP_UNTIL_CONSUMER_REVIEW,,,
lab_v4_execution_state,YES,NO,,NO,NO,YES,NOT_RECORDED,1550,REVIEW_FIELD_SEMANTICS; do not infer freshness from field name,GOVERNED_FIELD_KEEP_UNTIL_CONSUMER_REVIEW,,,
lab_v4_macro_alignment,YES,NO,,NO,NO,YES,NOT_RECORDED,1550,REVIEW_FIELD_SEMANTICS; do not infer freshness from field name,GOVERNED_FIELD_KEEP_UNTIL_CONSUMER_REVIEW,,,
lab_v4_macro_scenario,YES,NO,,NO,NO,YES,NOT_RECORDED,1550,REVIEW_FIELD_SEMANTICS; do not infer freshness from field name,GOVERNED_FIELD_KEEP_UNTIL_CONSUMER_REVIEW,,,
lab_v4_quote_freshness,YES,YES,,NO,NO,YES,NOT_RECORDED,1550,REVIEW_FIELD_SEMANTICS; do not infer freshness from field name,GOVERNED_FIELD_KEEP_UNTIL_CONSUMER_REVIEW,,,
lab_v4_quote_provider_timestamp_utc,YES,NO,,NO,NO,YES,NOT_RECORDED,1368,REVIEW_FIELD_SEMANTICS; do not infer freshness from field name,GOVERNED_FIELD_KEEP_UNTIL_CONSUMER_REVIEW,,,
lab_v4_ranking_score,YES,NO,,NO,NO,YES,NOT_RECORDED,300,REVIEW_FIELD_SEMANTICS; do not infer freshness from field name,GOVERNED_FIELD_KEEP_UNTIL_CONSUMER_REVIEW,,,
lab_v4_ranking_score_kind,YES,NO,,NO,NO,YES,NOT_RECORDED,1550,REVIEW_FIELD_SEMANTICS; do not infer freshness from field name,GOVERNED_FIELD_KEEP_UNTIL_CONSUMER_REVIEW,,,
lab_v4_reach_ratio,YES,NO,,NO,NO,YES,NOT_RECORDED,300,REVIEW_FIELD_SEMANTICS; do not infer freshness from field name,GOVERNED_FIELD_KEEP_UNTIL_CONSUMER_REVIEW,,,
lab_v4_structure_evidence_state,YES,NO,,NO,NO,YES,NOT_RECORDED,1550,REVIEW_FIELD_SEMANTICS; do not infer freshness from field name,GOVERNED_FIELD_KEEP_UNTIL_CONSUMER_REVIEW,,,
lab_v4_summary_reason,YES,NO,,NO,NO,YES,NOT_RECORDED,1550,REVIEW_FIELD_SEMANTICS; do not infer freshness from field name,GOVERNED_FIELD_KEEP_UNTIL_CONSUMER_REVIEW,,,
lab_v4_summary_state,YES,NO,,NO,NO,YES,NOT_RECORDED,1550,REVIEW_FIELD_SEMANTICS; do not infer freshness from field name,GOVERNED_FIELD_KEEP_UNTIL_CONSUMER_REVIEW,,,
lab_v4_thesis_state,YES,NO,,NO,NO,YES,NOT_RECORDED,1550,REVIEW_FIELD_SEMANTICS; do not infer freshness from field name,GOVERNED_FIELD_KEEP_UNTIL_CONSUMER_REVIEW,,,
lab_verdict,YES,YES,,NO,NO,YES,governed_materializer (1550),1550,MORNING_RECOMPUTE; no stale EOD decision fallback,GOVERNED_FIELD_KEEP_UNTIL_CONSUMER_REVIEW,"sig.get(""lab_verdict"", ""WAIT"")",,
layer2__adjusted_prob_target_hit,YES,NO,,YES,YES,YES,morning_validated_trades (1550),1550,PRESENTATION_ALIAS; source field must be provenance-bound,GOVERNED_FIELD_KEEP_UNTIL_CONSUMER_REVIEW,"first(sig, ""layer2__adjusted_prob_target_hit"", ""layer2__outcomes__adjusted_prob_target_hit"", ""vg__layer2__adjusted_prob_target_hit"")",layer2__adjusted_prob_target_hit | layer2__outcomes__adjusted_prob_target_hit | vg__layer2__adjusted_prob_target_hit,
layer2__outcomes__median_days_to_target,YES,NO,,NO,NO,YES,vanguard_signals_enriched (1550),1550,PRESENTATION_ALIAS; source field must be provenance-bound,GOVERNED_FIELD_KEEP_UNTIL_CONSUMER_REVIEW,"first(sig, ""layer2__outcomes__median_days_to_target"", ""layer2__median_days_to_target"", ""vg__layer2__outcomes__median_days_to_target"")",layer2__outcomes__median_days_to_target | layer2__median_days_to_target | vg__layer2__outcomes__median_days_to_target,
layer2__preferred_horizon,NO,YES,,YES,YES,NO,NOT_RECORDED,0,PRESENTATION_ALIAS; source field must be provenance-bound,LEGACY_UI_FIELD_REVIEW,,,UI reads field not directly in final book or governed UI alias map; verify other projection
layer2__raw_expected_time_to_target,YES,NO,,YES,YES,YES,morning_validated_trades (1550),1550,PRESENTATION_ALIAS; source field must be provenance-bound,GOVERNED_FIELD_KEEP_UNTIL_CONSUMER_REVIEW,"first(sig, ""layer2__raw_expected_time_to_target"", ""layer2__outcomes__raw_expected_time_to_target"", ""vg__layer2__raw_expected_time_to_target"")",layer2__raw_expected_time_to_target | layer2__outcomes__raw_expected_time_to_target | vg__layer2__raw_expected_time_to_target,
layer2__raw_prob_target_hit,YES,NO,,YES,YES,YES,morning_validated_trades (1550),1550,PRESENTATION_ALIAS; source field must be provenance-bound,GOVERNED_FIELD_KEEP_UNTIL_CONSUMER_REVIEW,"first(sig, ""layer2__raw_prob_target_hit"", ""layer2__outcomes__raw_prob_target_hit"", ""vg__layer2__raw_prob_target_hit"")",layer2__raw_prob_target_hit | layer2__outcomes__raw_prob_target_hit | vg__layer2__raw_prob_target_hit,
lifecycle_contract_version,YES,NO,,YES,YES,YES,morning_validated_trades (1176),1176,REVIEW_FIELD_SEMANTICS; do not infer freshness from field name,GOVERNED_FIELD_KEEP_UNTIL_CONSUMER_REVIEW,"first(sig, ""lifecycle_contract_version"")",,
liquidity_friction_score,YES,NO,,YES,YES,YES,morning_validated_trades (1550),1550,REVIEW_FIELD_SEMANTICS; do not infer freshness from field name,GOVERNED_FIELD_KEEP_UNTIL_CONSUMER_REVIEW,"first(sig, ""liquidity_friction_score"", ""vg__liquidity_friction_score"")",,
liquidity_persistence_status,YES,NO,,YES,YES,YES,morning_validated_trades (1550),1550,REVIEW_FIELD_SEMANTICS; do not infer freshness from field name,GOVERNED_FIELD_KEEP_UNTIL_CONSUMER_REVIEW,"first(sig, ""liquidity_persistence_status"")",,
liquidity_score,YES,NO,,NO,YES,YES,NOT_RECORDED,0,REVIEW_FIELD_SEMANTICS; do not infer freshness from field name,GOVERNED_FIELD_KEEP_UNTIL_CONSUMER_REVIEW,"first(sig, ""liquidity_score"", ""eil_liquidity_score"", ""opt__liquidity_score"") if quote_owned else """"",,Published field empty for every row in sampled Morning run
liquidity_state,YES,YES,,YES,YES,YES,morning_validated_trades (1550),1550,REVIEW_FIELD_SEMANTICS; do not infer freshness from field name,GOVERNED_FIELD_KEEP_UNTIL_CONSUMER_REVIEW,"first(sig, ""liquidity_state"")",,
liquidity_thesis_state,YES,NO,,YES,YES,YES,morning_validated_trades (1379),1379,REVIEW_FIELD_SEMANTICS; do not infer freshness from field name,GOVERNED_FIELD_KEEP_UNTIL_CONSUMER_REVIEW,"first(sig, ""liquidity_thesis_state"")",liquidity_thesis_state,
live_contract_mid,NO,YES,,NO,YES,NO,NOT_RECORDED,0,REVIEW_FIELD_SEMANTICS; do not infer freshness from field name,LEGACY_UI_FIELD_REVIEW,,,UI reads field not directly in final book or governed UI alias map; verify other projection
live_contract_symbol,NO,YES,,NO,YES,NO,NOT_RECORDED,0,REVIEW_FIELD_SEMANTICS; do not infer freshness from field name,LEGACY_UI_FIELD_REVIEW,,,UI reads field not directly in final book or governed UI alias map; verify other projection
live_options_resolution,NO,YES,,NO,YES,NO,NOT_RECORDED,0,REVIEW_FIELD_SEMANTICS; do not infer freshness from field name,LEGACY_UI_FIELD_REVIEW,,,UI reads field not directly in final book or governed UI alias map; verify other projection
live_price,YES,NO,,NO,YES,YES,morning_validated_trades (1550),1550,MORNING_OBSERVATION; provider and fetch time separate,GOVERNED_FIELD_KEEP_UNTIL_CONSUMER_REVIEW,"first(sig, ""live_price"")",,
live_validation_state,NO,YES,,NO,YES,NO,NOT_RECORDED,0,MORNING_OBSERVATION; provider and fetch time separate,GAP_VISIBLE_OR_REQUIRED,,,UI reads field not directly in final book or governed UI alias map; verify other projection
live_vwap,YES,YES,,NO,YES,YES,morning_validated_trades (1550),1550,MORNING_OBSERVATION; provider and fetch time separate,GOVERNED_FIELD_KEEP_UNTIL_CONSUMER_REVIEW,"first(sig, ""live_vwap"", ""mv__live_vwap"")",,
macro_active_themes,YES,YES,,NO,NO,YES,governed_materializer (1550),1550,REVIEW_FIELD_SEMANTICS; do not infer freshness from field name,GOVERNED_FIELD_KEEP_UNTIL_CONSUMER_REVIEW,"first(sig, ""macro_active_themes"")",,
macro_as_of_utc,YES,YES,,YES,YES,YES,governed_materializer (1550),1550,"FROZEN_EOD; Morning may compare, never silently overwrite",GOVERNED_FIELD_KEEP_UNTIL_CONSUMER_REVIEW,"first(sig, ""macro_as_of_utc"")",,
macro_auction_risk,YES,NO,,NO,NO,YES,governed_materializer (1550),1550,REVIEW_FIELD_SEMANTICS; do not infer freshness from field name,GOVERNED_FIELD_KEEP_UNTIL_CONSUMER_REVIEW,"first(sig, ""macro_auction_risk"")",,
macro_authority,YES,NO,,YES,YES,YES,governed_materializer (1550),1550,REVIEW_FIELD_SEMANTICS; do not infer freshness from field name,GOVERNED_FIELD_KEEP_UNTIL_CONSUMER_REVIEW,"first(sig, ""macro_authority"") or ""MACRO_ADVISORY_ONLY""",,
macro_bond_context,YES,NO,,NO,NO,YES,governed_materializer (1550),1550,REVIEW_FIELD_SEMANTICS; do not infer freshness from field name,GOVERNED_FIELD_KEEP_UNTIL_CONSUMER_REVIEW,"first(sig, ""macro_bond_context"")",,
macro_conflicts,YES,NO,,NO,NO,YES,governed_materializer (1550),1550,REVIEW_FIELD_SEMANTICS; do not infer freshness from field name,GOVERNED_FIELD_KEEP_UNTIL_CONSUMER_REVIEW,"first(sig, ""macro_conflicts"")",,
macro_context_state,YES,YES,,NO,NO,YES,governed_materializer (1550),1550,"FROZEN_EOD; Morning may compare, never silently overwrite",GOVERNED_FIELD_KEEP_UNTIL_CONSUMER_REVIEW,"first(sig, ""macro_context_state"")",,
macro_data_quality,YES,YES,,YES,YES,YES,governed_materializer (1550),1550,REVIEW_FIELD_SEMANTICS; do not infer freshness from field name,GOVERNED_FIELD_KEEP_UNTIL_CONSUMER_REVIEW,"first(sig, ""macro_data_quality"")",,
macro_data_role,YES,NO,,NO,NO,YES,governed_materializer (1550),1550,REVIEW_FIELD_SEMANTICS; do not infer freshness from field name,GOVERNED_FIELD_KEEP_UNTIL_CONSUMER_REVIEW,"""ADVISORY_ONLY""",,
macro_directional_pressure,YES,YES,,NO,NO,YES,governed_materializer (16),16,REVIEW_FIELD_SEMANTICS; do not infer freshness from field name,GOVERNED_FIELD_KEEP_UNTIL_CONSUMER_REVIEW,"first(sig, ""macro_directional_pressure"")",,
macro_event_guards,YES,YES,,NO,NO,YES,governed_materializer (1550),1550,REVIEW_FIELD_SEMANTICS; do not infer freshness from field name,GOVERNED_FIELD_KEEP_UNTIL_CONSUMER_REVIEW,"first(sig, ""macro_event_guards"")",,
macro_freshness,YES,YES,,NO,NO,YES,governed_materializer (1550),1550,"FROZEN_EOD; Morning may compare, never silently overwrite",GOVERNED_FIELD_KEEP_UNTIL_CONSUMER_REVIEW,"first(sig, ""macro_freshness"", ""macro_freshness_status"")",,
macro_liquidity_context,YES,NO,,NO,NO,YES,governed_materializer (1550),1550,REVIEW_FIELD_SEMANTICS; do not infer freshness from field name,GOVERNED_FIELD_KEEP_UNTIL_CONSUMER_REVIEW,"first(sig, ""macro_liquidity_context"")",,
macro_packet_id,YES,YES,,YES,YES,YES,governed_materializer (1550),1550,"FROZEN_EOD; Morning may compare, never silently overwrite",GOVERNED_FIELD_KEEP_UNTIL_CONSUMER_REVIEW,"first(sig, ""macro_packet_id"")",,
macro_packet_sha256,YES,NO,,YES,YES,YES,governed_materializer (1550),1550,"FROZEN_EOD; Morning may compare, never silently overwrite",GOVERNED_FIELD_KEEP_UNTIL_CONSUMER_REVIEW,"first(sig, ""macro_packet_sha256"")",,
macro_plain_language_advisory,YES,YES,,YES,YES,YES,governed_materializer (1550),1550,REVIEW_FIELD_SEMANTICS; do not infer freshness from field name,GOVERNED_FIELD_KEEP_UNTIL_CONSUMER_REVIEW,"first(sig, ""macro_plain_language_advisory"")",,
macro_preferred_horizon,NO,YES,,YES,YES,NO,NOT_RECORDED,0,REVIEW_FIELD_SEMANTICS; do not infer freshness from field name,LEGACY_UI_FIELD_REVIEW,,,UI reads field not directly in final book or governed UI alias map; verify other projection
macro_rates_context,YES,NO,,NO,NO,YES,governed_materializer (1550),1550,REVIEW_FIELD_SEMANTICS; do not infer freshness from field name,GOVERNED_FIELD_KEEP_UNTIL_CONSUMER_REVIEW,"first(sig, ""macro_rates_context"")",,
macro_regime,YES,NO,,NO,NO,YES,morning_validated_trades (1550),1550,REVIEW_FIELD_SEMANTICS; do not infer freshness from field name,GOVERNED_FIELD_KEEP_UNTIL_CONSUMER_REVIEW,"first(sig, ""macro_regime"", ""macro_regime_label"", ""vg__macro_regime"", ""vg__macro_regime_label"")",,
macro_sector_alignment,YES,YES,,NO,NO,YES,governed_materializer (1550),1550,"FROZEN_EOD; Morning may compare, never silently overwrite",GOVERNED_FIELD_KEEP_UNTIL_CONSUMER_REVIEW,"first(sig, ""macro_sector_alignment"")",,
macro_sector_bias,NO,YES,,NO,NO,NO,NOT_RECORDED,0,REVIEW_FIELD_SEMANTICS; do not infer freshness from field name,LEGACY_UI_FIELD_REVIEW,,,UI reads field not directly in final book or governed UI alias map; verify other projection
macro_session_date,YES,NO,,YES,YES,YES,governed_materializer (1550),1550,"FROZEN_EOD; Morning may compare, never silently overwrite",GOVERNED_FIELD_KEEP_UNTIL_CONSUMER_REVIEW,"first(sig, ""macro_session_date"")",,
macro_source_fingerprint,YES,NO,,YES,YES,YES,governed_materializer (1550),1550,"FROZEN_EOD; Morning may compare, never silently overwrite",GOVERNED_FIELD_KEEP_UNTIL_CONSUMER_REVIEW,"first(sig, ""macro_source_fingerprint"")",,
macro_ticker_alignment,YES,YES,,NO,NO,YES,governed_materializer (1550),1550,REVIEW_FIELD_SEMANTICS; do not infer freshness from field name,GOVERNED_FIELD_KEEP_UNTIL_CONSUMER_REVIEW,"first(sig, ""macro_ticker_alignment"")",,
macro_usd_context,YES,NO,,NO,NO,YES,governed_materializer (1550),1550,REVIEW_FIELD_SEMANTICS; do not infer freshness from field name,GOVERNED_FIELD_KEEP_UNTIL_CONSUMER_REVIEW,"first(sig, ""macro_usd_context"")",,
macro_volatility_context,YES,NO,,NO,NO,YES,governed_materializer (1550),1550,REVIEW_FIELD_SEMANTICS; do not infer freshness from field name,GOVERNED_FIELD_KEEP_UNTIL_CONSUMER_REVIEW,"first(sig, ""macro_volatility_context"")",,
market_energy_score,YES,NO,,YES,YES,YES,morning_validated_trades (1550),1550,REVIEW_FIELD_SEMANTICS; do not infer freshness from field name,GOVERNED_FIELD_KEEP_UNTIL_CONSUMER_REVIEW,"first(sig, ""market_energy_score"", ""vg__market_energy_score"")",,
market_profile_evidence_id,NO,YES,,NO,NO,NO,NOT_RECORDED,0,REVIEW_FIELD_SEMANTICS; do not infer freshness from field name,LEGACY_UI_FIELD_REVIEW,,,UI reads field not directly in final book or governed UI alias map; verify other projection
maturation_execution_authority,YES,NO,,YES,YES,YES,morning_validated_trades (1550),1550,REVIEW_FIELD_SEMANTICS; do not infer freshness from field name,GOVERNED_FIELD_KEEP_UNTIL_CONSUMER_REVIEW,"sig.get(""maturation_execution_authority"", False)",,
maturation_score_1d,YES,YES,,YES,YES,YES,morning_validated_trades (1550),1550,REVIEW_FIELD_SEMANTICS; do not infer freshness from field name,GOVERNED_FIELD_KEEP_UNTIL_CONSUMER_REVIEW,"first(sig, ""maturation_score_1d"")",,
maturation_score_2d,YES,YES,,YES,YES,YES,morning_validated_trades (1550),1550,REVIEW_FIELD_SEMANTICS; do not infer freshness from field name,GOVERNED_FIELD_KEEP_UNTIL_CONSUMER_REVIEW,"first(sig, ""maturation_score_2d"")",,
maturation_score_3d,YES,YES,,YES,YES,YES,morning_validated_trades (1550),1550,REVIEW_FIELD_SEMANTICS; do not infer freshness from field name,GOVERNED_FIELD_KEEP_UNTIL_CONSUMER_REVIEW,"first(sig, ""maturation_score_3d"")",,
maturation_score_is_probability,YES,NO,,YES,YES,YES,morning_validated_trades (1550),1550,REVIEW_FIELD_SEMANTICS; do not infer freshness from field name,GOVERNED_FIELD_KEEP_UNTIL_CONSUMER_REVIEW,"sig.get(""maturation_score_is_probability"", False)",,
maturation_state_1d,YES,NO,,YES,YES,YES,morning_validated_trades (1176),1176,REVIEW_FIELD_SEMANTICS; do not infer freshness from field name,GOVERNED_FIELD_KEEP_UNTIL_CONSUMER_REVIEW,"first(sig, ""maturation_state_1d"")",,
maturation_state_2d,YES,NO,,YES,YES,YES,morning_validated_trades (1176),1176,REVIEW_FIELD_SEMANTICS; do not infer freshness from field name,GOVERNED_FIELD_KEEP_UNTIL_CONSUMER_REVIEW,"first(sig, ""maturation_state_2d"")",,
maturation_state_3d,YES,NO,,YES,YES,YES,morning_validated_trades (1176),1176,REVIEW_FIELD_SEMANTICS; do not infer freshness from field name,GOVERNED_FIELD_KEEP_UNTIL_CONSUMER_REVIEW,"first(sig, ""maturation_state_3d"")",,
max_pain,YES,NO,,NO,NO,YES,options_intelligence (1379),1379,REVIEW_FIELD_SEMANTICS; do not infer freshness from field name,GOVERNED_FIELD_KEEP_UNTIL_CONSUMER_REVIEW,"first(sig, ""max_pain"", ""opt__max_pain"")",max_pain | opt__max_pain,
minimum_required_dte,YES,NO,,YES,YES,YES,morning_validated_trades (1176),1176,REVIEW_FIELD_SEMANTICS; do not infer freshness from field name,GOVERNED_FIELD_KEEP_UNTIL_CONSUMER_REVIEW,"first(sig, ""minimum_required_dte"")",,
monetisability_authority,YES,NO,,YES,YES,YES,morning_validated_trades (1550),1550,REVIEW_FIELD_SEMANTICS; do not infer freshness from field name,GOVERNED_FIELD_KEEP_UNTIL_CONSUMER_REVIEW,"first(
            sig, ""monetisability_authority"", default=MONETISABILITY_AUTHORITY
        )",,
monetisability_breakeven_spot,YES,NO,,YES,YES,YES,morning_validated_trades (1176),1176,REVIEW_FIELD_SEMANTICS; do not infer freshness from field name,GOVERNED_FIELD_KEEP_UNTIL_CONSUMER_REVIEW,"first(sig, ""monetisability_breakeven_spot"")",,
monetisability_calculation_version,YES,NO,,YES,YES,YES,morning_validated_trades (1550),1550,REVIEW_FIELD_SEMANTICS; do not infer freshness from field name,GOVERNED_FIELD_KEEP_UNTIL_CONSUMER_REVIEW,"first(
            sig,
            ""monetisability_calculation_version"",
            default=MONETISABILITY_CALCULATION_VERSION,
        )",,
monetisability_contract_symbol,YES,NO,,YES,YES,YES,governed_materializer:contract_economics_identity (1550),1368,REVIEW_FIELD_SEMANTICS; do not infer freshness from field name,GOVERNED_FIELD_KEEP_UNTIL_CONSUMER_REVIEW,"first(sig, ""monetisability_contract_symbol"")",,
monetisability_eligible,YES,NO,,YES,YES,YES,morning_validated_trades (1550),1550,REVIEW_FIELD_SEMANTICS; do not infer freshness from field name,GOVERNED_FIELD_KEEP_UNTIL_CONSUMER_REVIEW,"first(sig, ""monetisability_eligible"")",,
monetisability_entry_ask,YES,NO,,YES,YES,YES,morning_validated_trades (1176),1176,REVIEW_FIELD_SEMANTICS; do not infer freshness from field name,GOVERNED_FIELD_KEEP_UNTIL_CONSUMER_REVIEW,"first(sig, ""monetisability_entry_ask"")",,
monetisability_evaluation_id,YES,NO,,YES,YES,YES,governed_materializer:contract_economics_identity (1550),1368,REVIEW_FIELD_SEMANTICS; do not infer freshness from field name,GOVERNED_FIELD_KEEP_UNTIL_CONSUMER_REVIEW,"first(sig, ""monetisability_evaluation_id"")",,
monetisability_hard_execution_authority,YES,NO,,YES,YES,YES,NOT_RECORDED,0,REVIEW_FIELD_SEMANTICS; do not infer freshness from field name,GOVERNED_FIELD_KEEP_UNTIL_CONSUMER_REVIEW,,,Published field empty for every row in sampled Morning run
monetisability_minimum_profit_pct,YES,NO,,YES,YES,YES,morning_validated_trades (1368),1368,REVIEW_FIELD_SEMANTICS; do not infer freshness from field name,GOVERNED_FIELD_KEEP_UNTIL_CONSUMER_REVIEW,"first(sig, ""monetisability_minimum_profit_pct"")",,
monetisability_quote_snapshot_id,YES,NO,,YES,YES,YES,morning_validated_trades (1379),1379,REVIEW_FIELD_SEMANTICS; do not infer freshness from field name,GOVERNED_FIELD_KEEP_UNTIL_CONSUMER_REVIEW,"first(sig, ""monetisability_quote_snapshot_id"")",monetisability_quote_snapshot_id,
monetisability_reason,YES,YES,,YES,YES,YES,morning_validated_trades (1550),1550,REVIEW_FIELD_SEMANTICS; do not infer freshness from field name,GOVERNED_FIELD_KEEP_UNTIL_CONSUMER_REVIEW,"first(sig, ""monetisability_reason"")",,
monetisability_state,YES,YES,,YES,YES,YES,morning_validated_trades (1550),1550,REVIEW_FIELD_SEMANTICS; do not infer freshness from field name,GOVERNED_FIELD_KEEP_UNTIL_CONSUMER_REVIEW,"first(sig, ""monetisability_state"")",,
monetisability_state_timevalue,YES,NO,,YES,YES,YES,morning_validated_trades (1550),1550,REVIEW_FIELD_SEMANTICS; do not infer freshness from field name,GOVERNED_FIELD_KEEP_UNTIL_CONSUMER_REVIEW,"first(
            sig, ""monetisability_state_timevalue"", default=""NOT_EVALUATED""
        )",,
monetisability_status,YES,YES,,YES,YES,YES,morning_validated_trades (1550),1550,REVIEW_FIELD_SEMANTICS; do not infer freshness from field name,GOVERNED_FIELD_KEEP_UNTIL_CONSUMER_REVIEW,"first(sig, ""monetisability_status"")",,
monetisability_strike,YES,NO,,YES,YES,YES,morning_validated_trades (1176),1176,REVIEW_FIELD_SEMANTICS; do not infer freshness from field name,GOVERNED_FIELD_KEEP_UNTIL_CONSUMER_REVIEW,"first(sig, ""monetisability_strike"")",,
monetisability_structural_target_spot,YES,NO,,YES,YES,YES,morning_validated_trades (1176),1176,REVIEW_FIELD_SEMANTICS; do not infer freshness from field name,GOVERNED_FIELD_KEEP_UNTIL_CONSUMER_REVIEW,"first(sig, ""monetisability_structural_target_spot"")",,
monetisability_target_intrinsic_per_share,YES,NO,,YES,YES,YES,morning_validated_trades (1176),1176,REVIEW_FIELD_SEMANTICS; do not infer freshness from field name,GOVERNED_FIELD_KEEP_UNTIL_CONSUMER_REVIEW,"first(sig, ""monetisability_target_intrinsic_per_share"")",,
monetisability_target_profit_pct,YES,YES,,YES,YES,YES,morning_validated_trades (1176),1176,REVIEW_FIELD_SEMANTICS; do not infer freshness from field name,GOVERNED_FIELD_KEEP_UNTIL_CONSUMER_REVIEW,"first(sig, ""monetisability_target_profit_pct"")",,
monetisability_target_profit_per_share,YES,NO,,YES,YES,YES,morning_validated_trades (1176),1176,REVIEW_FIELD_SEMANTICS; do not infer freshness from field name,GOVERNED_FIELD_KEEP_UNTIL_CONSUMER_REVIEW,"first(sig, ""monetisability_target_profit_per_share"")",,
monetisability_timevalue_assumptions,YES,NO,,YES,YES,YES,morning_validated_trades (1550),1550,REVIEW_FIELD_SEMANTICS; do not infer freshness from field name,GOVERNED_FIELD_KEEP_UNTIL_CONSUMER_REVIEW,"first(
            sig, ""monetisability_timevalue_assumptions"",
            default=MONETISABILITY_TIMEVALUE_ASSUMPTIONS,
        )",,
monetisability_timevalue_authority,YES,NO,,YES,YES,YES,morning_validated_trades (1550),1550,REVIEW_FIELD_SEMANTICS; do not infer freshness from field name,GOVERNED_FIELD_KEEP_UNTIL_CONSUMER_REVIEW,"first(
            sig, ""monetisability_timevalue_authority"",
            default=MONETISABILITY_TIMEVALUE_AUTHORITY,
        )",,
monetisability_timevalue_model,YES,NO,,YES,YES,YES,morning_validated_trades (1550),1550,REVIEW_FIELD_SEMANTICS; do not infer freshness from field name,GOVERNED_FIELD_KEEP_UNTIL_CONSUMER_REVIEW,"first(
            sig, ""monetisability_timevalue_model"", default=MONETISABILITY_TIMEVALUE_MODEL
        )",,
monetisability_timevalue_profit_pct,YES,NO,,YES,YES,YES,morning_validated_trades (1176),1176,REVIEW_FIELD_SEMANTICS; do not infer freshness from field name,GOVERNED_FIELD_KEEP_UNTIL_CONSUMER_REVIEW,"first(
            sig, ""monetisability_timevalue_profit_pct""
        )",,
monetisability_timevalue_reason,YES,NO,,YES,YES,YES,morning_validated_trades (1176),1176,REVIEW_FIELD_SEMANTICS; do not infer freshness from field name,GOVERNED_FIELD_KEEP_UNTIL_CONSUMER_REVIEW,"first(sig, ""monetisability_timevalue_reason"")",,
monetisability_timevalue_value_per_share,YES,NO,,YES,YES,YES,morning_validated_trades (1176),1176,REVIEW_FIELD_SEMANTICS; do not infer freshness from field name,GOVERNED_FIELD_KEEP_UNTIL_CONSUMER_REVIEW,"first(
            sig, ""monetisability_timevalue_value_per_share""
        )",,
monetisability_valuation_basis,YES,NO,,YES,YES,YES,NOT_RECORDED,0,REVIEW_FIELD_SEMANTICS; do not infer freshness from field name,GOVERNED_FIELD_KEEP_UNTIL_CONSUMER_REVIEW,,,Published field empty for every row in sampled Morning run
moneyness_state,YES,YES,,YES,YES,YES,morning_validated_trades (1176),1176,REVIEW_FIELD_SEMANTICS; do not infer freshness from field name,GOVERNED_FIELD_KEEP_UNTIL_CONSUMER_REVIEW,"first(sig, ""moneyness_state"")",,
morning_authority_state,NO,NO,,NO,YES,NO,NOT_RECORDED,0,MORNING_OBSERVATION; provider and fetch time separate,SOURCE_OR_UI_ONLY_REVIEW,,,
morning_contract_ask,YES,NO,,NO,YES,YES,morning_validated_trades (1368),1368,MORNING_OBSERVATION; provider and fetch time separate,GOVERNED_FIELD_KEEP_UNTIL_CONSUMER_REVIEW,"first(sig, ""morning_contract_ask"")",,
morning_contract_ask_size,YES,NO,,NO,YES,YES,morning_validated_trades (1368),1368,MORNING_OBSERVATION; provider and fetch time separate,GOVERNED_FIELD_KEEP_UNTIL_CONSUMER_REVIEW,"first(sig, ""morning_contract_ask_size"")",,
morning_contract_bid,YES,NO,,NO,YES,YES,morning_validated_trades (1368),1368,MORNING_OBSERVATION; provider and fetch time separate,GOVERNED_FIELD_KEEP_UNTIL_CONSUMER_REVIEW,"first(sig, ""morning_contract_bid"")",,
morning_contract_bid_size,YES,NO,,NO,YES,YES,morning_validated_trades (1368),1368,MORNING_OBSERVATION; provider and fetch time separate,GOVERNED_FIELD_KEEP_UNTIL_CONSUMER_REVIEW,"first(sig, ""morning_contract_bid_size"")",,
morning_contract_mid,YES,NO,,NO,YES,YES,morning_validated_trades (1368),1368,MORNING_OBSERVATION; provider and fetch time separate,GOVERNED_FIELD_KEEP_UNTIL_CONSUMER_REVIEW,"first(sig, ""morning_contract_mid"")",,
morning_contract_spread_pct,YES,NO,,NO,YES,YES,NOT_RECORDED,0,MORNING_OBSERVATION; provider and fetch time separate,GOVERNED_FIELD_KEEP_UNTIL_CONSUMER_REVIEW,"first(sig, ""morning_contract_spread_pct"")",,Published field empty for every row in sampled Morning run
morning_data_state,YES,YES,,NO,NO,YES,governed_materializer (1550),1550,MORNING_OBSERVATION; provider and fetch time separate,GOVERNED_FIELD_KEEP_UNTIL_CONSUMER_REVIEW,"""AVAILABLE"" if not _is_missing(first(sig, ""morning_execution_permission"", ""mv__morning_execution_permission"")) else (""NOT_RUN_EOD"" if pipeline_mode in {""EOD"", ""LIVE_EOD"", ""INTRADAY_EOD""} else ""MISSING_DATA_DEFECT"")",,
morning_entry_action,YES,NO,,NO,YES,YES,morning_validated_trades (1550),1550,MORNING_RECOMPUTE; no stale EOD decision fallback,GOVERNED_FIELD_KEEP_UNTIL_CONSUMER_REVIEW,"first(sig, ""morning_entry_action"", ""mv__morning_entry_action"")",,
morning_execution_lane,YES,YES,,NO,YES,YES,morning_validated_trades (1550),1550,MORNING_RECOMPUTE; no stale EOD decision fallback,GOVERNED_FIELD_KEEP_UNTIL_CONSUMER_REVIEW,"first(sig, ""morning_execution_lane"", ""mv__morning_execution_lane"")",,
morning_execution_mode,NO,YES,,NO,YES,NO,NOT_RECORDED,0,MORNING_RECOMPUTE; no stale EOD decision fallback,GAP_VISIBLE_OR_REQUIRED,,,UI reads field not directly in final book or governed UI alias map; verify other projection
morning_execution_permission,YES,YES,,NO,YES,YES,morning_validated_trades (1550),1550,MORNING_RECOMPUTE; no stale EOD decision fallback,GOVERNED_FIELD_KEEP_UNTIL_CONSUMER_REVIEW,"first(
            sig,
            ""morning_execution_permission"",
            ""mv__morning_execution_permission"",
            ""mv_execution_permission"",
            ""mv__execution_permission"",
            ""execution_permission"",
        )",,
morning_execution_route,YES,YES,,NO,YES,YES,morning_validated_trades (1550),1550,MORNING_RECOMPUTE; no stale EOD decision fallback,GOVERNED_FIELD_KEEP_UNTIL_CONSUMER_REVIEW,"first(
            sig,
            ""morning_execution_route"",
            ""mv__morning_execution_route"",
            ""mv_morning_execution_route"",
            ""morning_execution_lane"",
            ""mv__morning_execution_lane"",
         ...",,
morning_gate_verdict,NO,YES,,NO,YES,NO,NOT_RECORDED,0,MORNING_OBSERVATION; provider and fetch time separate,GAP_VISIBLE_OR_REQUIRED,,,UI reads field not directly in final book or governed UI alias map; verify other projection
morning_lab_alignment_reason,YES,NO,,NO,NO,YES,morning_validated_trades (1550),1550,MORNING_RECOMPUTE; no stale EOD decision fallback,GOVERNED_FIELD_KEEP_UNTIL_CONSUMER_REVIEW,"sig.get(""morning_lab_alignment_reason"", """")",,
morning_lab_alignment_status,YES,YES,,NO,NO,YES,morning_validated_trades (1550),1550,MORNING_RECOMPUTE; no stale EOD decision fallback,GOVERNED_FIELD_KEEP_UNTIL_CONSUMER_REVIEW,"sig.get(""morning_lab_alignment_status"", """")",,
morning_liquidity_persistence_status,YES,NO,,NO,YES,YES,morning_validated_trades (1550),1550,REVIEW_FIELD_SEMANTICS; do not infer freshness from field name,GOVERNED_FIELD_KEEP_UNTIL_CONSUMER_REVIEW,"first(sig, ""morning_liquidity_persistence_status"")",,
morning_quote_dataset_id,YES,NO,,NO,YES,YES,morning_validated_trades (1368),1368,MORNING_OBSERVATION; provider and fetch time separate,GOVERNED_FIELD_KEEP_UNTIL_CONSUMER_REVIEW,"first(sig, ""morning_quote_dataset_id"")",,
morning_quote_timestamp_utc,YES,YES,,NO,YES,YES,morning_validated_trades (1368),1368,MORNING_OBSERVATION; provider and fetch time separate,GOVERNED_FIELD_KEEP_UNTIL_CONSUMER_REVIEW,"first(sig, ""morning_quote_timestamp_utc"")",,
morning_selected_contract_symbol,YES,YES,,NO,YES,YES,morning_validated_trades (1368),1368,REVIEW_FIELD_SEMANTICS; do not infer freshness from field name,GOVERNED_FIELD_KEEP_UNTIL_CONSUMER_REVIEW,"first(sig, ""morning_selected_contract_symbol"", ""live_selected_contract_symbol"")",,
morning_thesis_result,NO,NO,,NO,NO,NO,NOT_RECORDED,0,MORNING_OBSERVATION; provider and fetch time separate,GAP_VISIBLE_OR_REQUIRED,,,"INTERPRETER_CONSUMER_2026-09-23: read only by pipeline_interpreter/confluence_evidence.py and interactive_desk.py; exists in no producer, register or governed record; governed name is validation_transition (source mapping 4a); ILA003_IMPLEMENTED_2026-09-24: no longer read anywhere; retired name"
morning_transition_state,YES,YES,,YES,YES,YES,morning_validated_trades (1550),1550,MORNING_RECOMPUTE; no stale EOD decision fallback,GOVERNED_FIELD_KEEP_UNTIL_CONSUMER_REVIEW,"first(sig, ""morning_transition_state"")",,
morning_unlock_condition,YES,NO,,NO,YES,YES,morning_validated_trades (1550),1550,REVIEW_FIELD_SEMANTICS; do not infer freshness from field name,GOVERNED_FIELD_KEEP_UNTIL_CONSUMER_REVIEW,"first(sig, ""morning_unlock_condition"", ""mv__morning_unlock_condition"")",,
morning_validation_result,NO,NO,,NO,YES,NO,NOT_RECORDED,0,MORNING_OBSERVATION; provider and fetch time separate,SOURCE_OR_UI_ONLY_REVIEW,,,
ms_acceptance_closes,NO,YES,,NO,YES,NO,NOT_RECORDED,0,DERIVED_OR_ADVISORY; retain calculation and evidence version,LEGACY_UI_FIELD_REVIEW,,,"UI reads field not directly in final book or governed UI alias map; verify other projection; OVERLAY_ALLOWLIST_2026-09-23: in the Lab overlay allow-list, but the accepted handoff book rows do not carry it, so the overlay rejection (source mapping 4a) does not explain this 0; separate producer gap"
ms_acceptance_minutes,NO,YES,,NO,YES,NO,NOT_RECORDED,0,DERIVED_OR_ADVISORY; retain calculation and evidence version,LEGACY_UI_FIELD_REVIEW,,,"UI reads field not directly in final book or governed UI alias map; verify other projection; OVERLAY_ALLOWLIST_2026-09-23: in the Lab overlay allow-list, but the accepted handoff book rows do not carry it, so the overlay rejection (source mapping 4a) does not explain this 0; separate producer gap"
ms_developing_poc,YES,YES,,NO,YES,YES,morning_validated_trades (359),359,DERIVED_OR_ADVISORY; retain calculation and evidence version,GOVERNED_FIELD_KEEP_UNTIL_CONSUMER_REVIEW,"first(sig, ""ms_developing_poc"")",,
ms_direction_relationship,NO,YES,,NO,YES,NO,NOT_RECORDED,0,DERIVED_OR_ADVISORY; retain calculation and evidence version,LEGACY_UI_FIELD_REVIEW,,,"UI reads field not directly in final book or governed UI alias map; verify other projection; OVERLAY_ALLOWLIST_2026-09-23: in the Lab overlay allow-list, but the accepted handoff book rows do not carry it, so the overlay rejection (source mapping 4a) does not explain this 0; separate producer gap"
ms_final_poc,YES,YES,,NO,YES,YES,morning_validated_trades (359),359,DERIVED_OR_ADVISORY; retain calculation and evidence version,GOVERNED_FIELD_KEEP_UNTIL_CONSUMER_REVIEW,"first(sig, ""ms_final_poc"")",,
ms_lifecycle,YES,YES,,NO,YES,YES,morning_validated_trades (359),359,DERIVED_OR_ADVISORY; retain calculation and evidence version,GOVERNED_FIELD_KEEP_UNTIL_CONSUMER_REVIEW,"first(sig, ""ms_lifecycle"")",,
ms_profile_evidence_state,NO,YES,,NO,YES,NO,NOT_RECORDED,0,DERIVED_OR_ADVISORY; retain calculation and evidence version,LEGACY_UI_FIELD_REVIEW,,,UI reads field not directly in final book or governed UI alias map; verify other projection
ms_profile_type,YES,YES,,NO,YES,YES,morning_validated_trades (359),359,DERIVED_OR_ADVISORY; retain calculation and evidence version,GOVERNED_FIELD_KEEP_UNTIL_CONSUMER_REVIEW,"first(sig, ""ms_profile_type"")",,
ms_quality_class,YES,YES,,NO,YES,YES,morning_validated_trades (359),359,DERIVED_OR_ADVISORY; retain calculation and evidence version,GOVERNED_FIELD_KEEP_UNTIL_CONSUMER_REVIEW,"first(sig, ""ms_quality_class"")",,
ms_reason_code,YES,YES,,NO,YES,YES,morning_validated_trades (359),359,DERIVED_OR_ADVISORY; retain calculation and evidence version,GOVERNED_FIELD_KEEP_UNTIL_CONSUMER_REVIEW,"first(sig, ""ms_reason_code"")",,
ms_value_area_high,YES,NO,,NO,YES,YES,morning_validated_trades (359),359,DERIVED_OR_ADVISORY; retain calculation and evidence version,GOVERNED_FIELD_KEEP_UNTIL_CONSUMER_REVIEW,"first(sig, ""ms_value_area_high"")",,
ms_value_area_low,YES,NO,,NO,YES,YES,morning_validated_trades (359),359,DERIVED_OR_ADVISORY; retain calculation and evidence version,GOVERNED_FIELD_KEEP_UNTIL_CONSUMER_REVIEW,"first(sig, ""ms_value_area_low"")",,
mv__ask,NO,YES,,NO,NO,NO,NOT_RECORDED,0,PRESENTATION_ALIAS; source field must be provenance-bound,LEGACY_UI_FIELD_REVIEW,,,UI reads field not directly in final book or governed UI alias map; verify other projection
mv__bid,NO,YES,,NO,NO,NO,NOT_RECORDED,0,PRESENTATION_ALIAS; source field must be provenance-bound,LEGACY_UI_FIELD_REVIEW,,,UI reads field not directly in final book or governed UI alias map; verify other projection
mv__current_price,NO,YES,,NO,NO,NO,NOT_RECORDED,0,PRESENTATION_ALIAS; source field must be provenance-bound,LEGACY_UI_FIELD_REVIEW,,,UI reads field not directly in final book or governed UI alias map; verify other projection
mv__drift_pct,NO,YES,,NO,NO,NO,NOT_RECORDED,0,PRESENTATION_ALIAS; source field must be provenance-bound,LEGACY_UI_FIELD_REVIEW,,,UI reads field not directly in final book or governed UI alias map; verify other projection
mv__execution_permission,NO,YES,,NO,NO,NO,NOT_RECORDED,0,PRESENTATION_ALIAS; source field must be provenance-bound,LEGACY_UI_FIELD_REVIEW,,,UI reads field not directly in final book or governed UI alias map; verify other projection
mv__hard_rejects,NO,YES,,NO,NO,NO,NOT_RECORDED,0,PRESENTATION_ALIAS; source field must be provenance-bound,LEGACY_UI_FIELD_REVIEW,,,UI reads field not directly in final book or governed UI alias map; verify other projection
mv__iv_pct,NO,YES,,NO,NO,NO,NOT_RECORDED,0,PRESENTATION_ALIAS; source field must be provenance-bound,LEGACY_UI_FIELD_REVIEW,,,UI reads field not directly in final book or governed UI alias map; verify other projection
mv__ivp_label,NO,YES,,NO,NO,NO,NOT_RECORDED,0,PRESENTATION_ALIAS; source field must be provenance-bound,LEGACY_UI_FIELD_REVIEW,,,UI reads field not directly in final book or governed UI alias map; verify other projection
mv__live_validation_state,NO,YES,,NO,NO,NO,NOT_RECORDED,0,PRESENTATION_ALIAS; source field must be provenance-bound,LEGACY_UI_FIELD_REVIEW,,,UI reads field not directly in final book or governed UI alias map; verify other projection
mv__live_vwap,NO,YES,,NO,NO,NO,NOT_RECORDED,0,PRESENTATION_ALIAS; source field must be provenance-bound,LEGACY_UI_FIELD_REVIEW,,,UI reads field not directly in final book or governed UI alias map; verify other projection
mv__morning_execution_lane,NO,YES,,NO,NO,NO,NOT_RECORDED,0,PRESENTATION_ALIAS; source field must be provenance-bound,LEGACY_UI_FIELD_REVIEW,,,UI reads field not directly in final book or governed UI alias map; verify other projection
mv__morning_execution_permission,NO,YES,,NO,NO,NO,NOT_RECORDED,0,PRESENTATION_ALIAS; source field must be provenance-bound,LEGACY_UI_FIELD_REVIEW,,,UI reads field not directly in final book or governed UI alias map; verify other projection
mv__morning_execution_route,NO,YES,,NO,NO,NO,NOT_RECORDED,0,PRESENTATION_ALIAS; source field must be provenance-bound,LEGACY_UI_FIELD_REVIEW,,,UI reads field not directly in final book or governed UI alias map; verify other projection
mv__physics_transition_confirmed,NO,YES,,NO,NO,NO,NOT_RECORDED,0,PRESENTATION_ALIAS; source field must be provenance-bound,LEGACY_UI_FIELD_REVIEW,,,UI reads field not directly in final book or governed UI alias map; verify other projection
mv__position_size,NO,YES,,NO,NO,NO,NOT_RECORDED,0,PRESENTATION_ALIAS; source field must be provenance-bound,LEGACY_UI_FIELD_REVIEW,,,UI reads field not directly in final book or governed UI alias map; verify other projection
mv__rejection_reason,NO,YES,,NO,NO,NO,NOT_RECORDED,0,PRESENTATION_ALIAS; source field must be provenance-bound,LEGACY_UI_FIELD_REVIEW,,,UI reads field not directly in final book or governed UI alias map; verify other projection
mv__score,NO,YES,,NO,NO,NO,NOT_RECORDED,0,PRESENTATION_ALIAS; source field must be provenance-bound,LEGACY_UI_FIELD_REVIEW,,,UI reads field not directly in final book or governed UI alias map; verify other projection
mv__spread_confirmed,NO,YES,,NO,NO,NO,NOT_RECORDED,0,PRESENTATION_ALIAS; source field must be provenance-bound,LEGACY_UI_FIELD_REVIEW,,,UI reads field not directly in final book or governed UI alias map; verify other projection
mv__spread_pct,NO,YES,,NO,NO,NO,NOT_RECORDED,0,PRESENTATION_ALIAS; source field must be provenance-bound,LEGACY_UI_FIELD_REVIEW,,,UI reads field not directly in final book or governed UI alias map; verify other projection
mv__tce_confirmed_components,NO,YES,,NO,NO,NO,NOT_RECORDED,0,PRESENTATION_ALIAS; source field must be provenance-bound,LEGACY_UI_FIELD_REVIEW,,,UI reads field not directly in final book or governed UI alias map; verify other projection
mv__tce_data_quality_score,NO,YES,,NO,NO,NO,NOT_RECORDED,0,PRESENTATION_ALIAS; source field must be provenance-bound,LEGACY_UI_FIELD_REVIEW,,,UI reads field not directly in final book or governed UI alias map; verify other projection
mv__tce_entry_type,NO,YES,,NO,NO,NO,NOT_RECORDED,0,PRESENTATION_ALIAS; source field must be provenance-bound,LEGACY_UI_FIELD_REVIEW,,,UI reads field not directly in final book or governed UI alias map; verify other projection
mv__tce_possible_components,NO,YES,,NO,NO,NO,NOT_RECORDED,0,PRESENTATION_ALIAS; source field must be provenance-bound,LEGACY_UI_FIELD_REVIEW,,,UI reads field not directly in final book or governed UI alias map; verify other projection
mv__tce_summary_line,NO,YES,,NO,NO,NO,NOT_RECORDED,0,PRESENTATION_ALIAS; source field must be provenance-bound,LEGACY_UI_FIELD_REVIEW,,,UI reads field not directly in final book or governed UI alias map; verify other projection
mv__tce_trigger_reason,NO,YES,,NO,NO,NO,NOT_RECORDED,0,PRESENTATION_ALIAS; source field must be provenance-bound,LEGACY_UI_FIELD_REVIEW,,,UI reads field not directly in final book or governed UI alias map; verify other projection
mv__tce_trigger_score,NO,YES,,NO,NO,NO,NOT_RECORDED,0,PRESENTATION_ALIAS; source field must be provenance-bound,LEGACY_UI_FIELD_REVIEW,,,UI reads field not directly in final book or governed UI alias map; verify other projection
mv__tce_trigger_state,NO,YES,,NO,NO,NO,NOT_RECORDED,0,PRESENTATION_ALIAS; source field must be provenance-bound,LEGACY_UI_FIELD_REVIEW,,,UI reads field not directly in final book or governed UI alias map; verify other projection
mv__thesis_validity_state,NO,YES,,NO,NO,NO,NOT_RECORDED,0,PRESENTATION_ALIAS; source field must be provenance-bound,LEGACY_UI_FIELD_REVIEW,,,UI reads field not directly in final book or governed UI alias map; verify other projection
mv__time_stop_alert,NO,YES,,NO,NO,NO,NOT_RECORDED,0,PRESENTATION_ALIAS; source field must be provenance-bound,LEGACY_UI_FIELD_REVIEW,,,UI reads field not directly in final book or governed UI alias map; verify other projection
mv__validated_at,NO,YES,,NO,NO,NO,NOT_RECORDED,0,PRESENTATION_ALIAS; source field must be provenance-bound,LEGACY_UI_FIELD_REVIEW,,,UI reads field not directly in final book or governed UI alias map; verify other projection
mv__validation_score,NO,YES,,NO,NO,NO,NOT_RECORDED,0,PRESENTATION_ALIAS; source field must be provenance-bound,LEGACY_UI_FIELD_REVIEW,,,UI reads field not directly in final book or governed UI alias map; verify other projection
mv__validation_state,NO,YES,,NO,NO,NO,NOT_RECORDED,0,PRESENTATION_ALIAS; source field must be provenance-bound,LEGACY_UI_FIELD_REVIEW,,,UI reads field not directly in final book or governed UI alias map; verify other projection
mv__verdict,NO,YES,,NO,NO,NO,NOT_RECORDED,0,PRESENTATION_ALIAS; source field must be provenance-bound,LEGACY_UI_FIELD_REVIEW,,,UI reads field not directly in final book or governed UI alias map; verify other projection
mv__vwap_confirmed,NO,YES,,NO,NO,NO,NOT_RECORDED,0,PRESENTATION_ALIAS; source field must be provenance-bound,LEGACY_UI_FIELD_REVIEW,,,UI reads field not directly in final book or governed UI alias map; verify other projection
mv_drift_pct,NO,YES,,NO,NO,NO,NOT_RECORDED,0,REVIEW_FIELD_SEMANTICS; do not infer freshness from field name,LEGACY_UI_FIELD_REVIEW,,,UI reads field not directly in final book or governed UI alias map; verify other projection
mv_execution_permission,NO,YES,,NO,NO,NO,NOT_RECORDED,0,REVIEW_FIELD_SEMANTICS; do not infer freshness from field name,LEGACY_UI_FIELD_REVIEW,,,UI reads field not directly in final book or governed UI alias map; verify other projection
mv_hard_rejects,NO,YES,,NO,NO,NO,NOT_RECORDED,0,REVIEW_FIELD_SEMANTICS; do not infer freshness from field name,LEGACY_UI_FIELD_REVIEW,,,UI reads field not directly in final book or governed UI alias map; verify other projection
mv_live_validation_state,NO,YES,,NO,NO,NO,NOT_RECORDED,0,REVIEW_FIELD_SEMANTICS; do not infer freshness from field name,LEGACY_UI_FIELD_REVIEW,,,UI reads field not directly in final book or governed UI alias map; verify other projection
mv_morning_execution_permission,NO,YES,,NO,NO,NO,NOT_RECORDED,0,REVIEW_FIELD_SEMANTICS; do not infer freshness from field name,LEGACY_UI_FIELD_REVIEW,,,UI reads field not directly in final book or governed UI alias map; verify other projection
mv_morning_execution_route,NO,YES,,NO,NO,NO,NOT_RECORDED,0,REVIEW_FIELD_SEMANTICS; do not infer freshness from field name,LEGACY_UI_FIELD_REVIEW,,,UI reads field not directly in final book or governed UI alias map; verify other projection
mv_position_size,NO,YES,,NO,NO,NO,NOT_RECORDED,0,REVIEW_FIELD_SEMANTICS; do not infer freshness from field name,LEGACY_UI_FIELD_REVIEW,,,UI reads field not directly in final book or governed UI alias map; verify other projection
mv_score,NO,YES,,NO,NO,NO,NOT_RECORDED,0,REVIEW_FIELD_SEMANTICS; do not infer freshness from field name,LEGACY_UI_FIELD_REVIEW,,,UI reads field not directly in final book or governed UI alias map; verify other projection
mv_thesis_validity_state,NO,YES,,NO,NO,NO,NOT_RECORDED,0,REVIEW_FIELD_SEMANTICS; do not infer freshness from field name,LEGACY_UI_FIELD_REVIEW,,,UI reads field not directly in final book or governed UI alias map; verify other projection
mv_validation_score,NO,YES,,NO,NO,NO,NOT_RECORDED,0,REVIEW_FIELD_SEMANTICS; do not infer freshness from field name,LEGACY_UI_FIELD_REVIEW,,,UI reads field not directly in final book or governed UI alias map; verify other projection
n,NO,YES,,NO,NO,NO,NOT_RECORDED,0,REVIEW_FIELD_SEMANTICS; do not infer freshness from field name,LEGACY_UI_FIELD_REVIEW,,,UI reads field not directly in final book or governed UI alias map; verify other projection
negative_factors,YES,YES,,NO,NO,YES,options_intelligence (1550),1550,REVIEW_FIELD_SEMANTICS; do not infer freshness from field name,GOVERNED_FIELD_KEEP_UNTIL_CONSUMER_REVIEW,"first(sig, ""negative_factors"", ""opt__negative_factors"")",negative_factors | opt__negative_factors,
notes,YES,NO,,YES,YES,YES,morning_validated_trades (1550),1550,REVIEW_FIELD_SEMANTICS; do not infer freshness from field name,GOVERNED_FIELD_KEEP_UNTIL_CONSUMER_REVIEW,"first(sig, ""notes"", ""execution_lock_reason"", ""verdict_coherence_notes"", ""sb_verdict_reason"")",,
oi_positioning_state,YES,NO,,NO,NO,YES,execution_v3_5 (1367),1367,REVIEW_FIELD_SEMANTICS; do not infer freshness from field name,GOVERNED_FIELD_KEEP_UNTIL_CONSUMER_REVIEW,"first(sig, ""oi_positioning_state"", ""opt__oi_positioning_state"")",oi_positioning_state | opt__oi_positioning_state,
olm_guard_disposition,YES,NO,,NO,NO,YES,morning_validated_trades (1550),1550,REVIEW_FIELD_SEMANTICS; do not infer freshness from field name,GOVERNED_FIELD_KEEP_UNTIL_CONSUMER_REVIEW,"first(sig, ""olm_guard_disposition"")",,
olm_guard_pass,YES,NO,,NO,NO,YES,morning_validated_trades (1550),1550,REVIEW_FIELD_SEMANTICS; do not infer freshness from field name,GOVERNED_FIELD_KEEP_UNTIL_CONSUMER_REVIEW,"sig.get(""olm_guard_pass"", False)",,
olm_guard_reason,YES,NO,,NO,NO,YES,morning_validated_trades (1550),1550,REVIEW_FIELD_SEMANTICS; do not infer freshness from field name,GOVERNED_FIELD_KEEP_UNTIL_CONSUMER_REVIEW,"first(sig, ""olm_guard_reason"")",,
olm_guard_state_consistent,YES,NO,,NO,NO,YES,morning_validated_trades (1550),1550,REVIEW_FIELD_SEMANTICS; do not infer freshness from field name,GOVERNED_FIELD_KEEP_UNTIL_CONSUMER_REVIEW,"sig.get(""olm_guard_state_consistent"", False)",,
olm_guard_version,YES,NO,,NO,NO,YES,morning_validated_trades (1550),1550,REVIEW_FIELD_SEMANTICS; do not infer freshness from field name,GOVERNED_FIELD_KEEP_UNTIL_CONSUMER_REVIEW,"first(sig, ""olm_guard_version"")",,
opportunity_tier,YES,NO,,NO,NO,YES,NOT_RECORDED,1550,REVIEW_FIELD_SEMANTICS; do not infer freshness from field name,GOVERNED_FIELD_KEEP_UNTIL_CONSUMER_REVIEW,,,
opportunity_tier_authority,YES,NO,,NO,NO,YES,NOT_RECORDED,1550,REVIEW_FIELD_SEMANTICS; do not infer freshness from field name,GOVERNED_FIELD_KEEP_UNTIL_CONSUMER_REVIEW,,,
opportunity_tier_policy_version,YES,NO,,NO,NO,YES,NOT_RECORDED,1550,REVIEW_FIELD_SEMANTICS; do not infer freshness from field name,GOVERNED_FIELD_KEEP_UNTIL_CONSUMER_REVIEW,,,
opportunity_tier_reason,YES,NO,,NO,NO,YES,NOT_RECORDED,1550,REVIEW_FIELD_SEMANTICS; do not infer freshness from field name,GOVERNED_FIELD_KEEP_UNTIL_CONSUMER_REVIEW,,,
opt__contract_dte,NO,YES,dte,NO,NO,NO,NOT_RECORDED,0,PRESENTATION_ALIAS; source field must be provenance-bound,PRESENTATION_ALIAS_KEEP_UNTIL_PARITY,,,
opt__days_to_trigger,NO,YES,,NO,NO,NO,NOT_RECORDED,0,PRESENTATION_ALIAS; source field must be provenance-bound,LEGACY_UI_FIELD_REVIEW,,,UI reads field not directly in final book or governed UI alias map; verify other projection
opt__dte,NO,YES,,NO,NO,NO,NOT_RECORDED,0,PRESENTATION_ALIAS; source field must be provenance-bound,LEGACY_UI_FIELD_REVIEW,,,UI reads field not directly in final book or governed UI alias map; verify other projection
opt__execution_permission,NO,YES,,NO,NO,NO,NOT_RECORDED,0,PRESENTATION_ALIAS; source field must be provenance-bound,LEGACY_UI_FIELD_REVIEW,,,UI reads field not directly in final book or governed UI alias map; verify other projection
opt__final_route,NO,YES,,NO,NO,NO,NOT_RECORDED,0,PRESENTATION_ALIAS; source field must be provenance-bound,LEGACY_UI_FIELD_REVIEW,,,UI reads field not directly in final book or governed UI alias map; verify other projection
opt__hold_label,NO,YES,hold_period | hold_window | time_horizon,NO,NO,NO,NOT_RECORDED,0,PRESENTATION_ALIAS; source field must be provenance-bound,PRESENTATION_ALIAS_KEEP_UNTIL_PARITY,,,
opt__horizon_bucket,NO,YES,,NO,NO,NO,NOT_RECORDED,0,PRESENTATION_ALIAS; source field must be provenance-bound,LEGACY_UI_FIELD_REVIEW,,,UI reads field not directly in final book or governed UI alias map; verify other projection
opt__horizon_pressure,NO,YES,,NO,NO,NO,NOT_RECORDED,0,PRESENTATION_ALIAS; source field must be provenance-bound,LEGACY_UI_FIELD_REVIEW,,,UI reads field not directly in final book or governed UI alias map; verify other projection
opt__layer2__preferred_horizon,NO,YES,,NO,NO,NO,NOT_RECORDED,0,PRESENTATION_ALIAS; source field must be provenance-bound,LEGACY_UI_FIELD_REVIEW,,,UI reads field not directly in final book or governed UI alias map; verify other projection
opt__macro_preferred_horizon,NO,YES,,NO,NO,NO,NOT_RECORDED,0,PRESENTATION_ALIAS; source field must be provenance-bound,LEGACY_UI_FIELD_REVIEW,,,UI reads field not directly in final book or governed UI alias map; verify other projection
opt__options_direction,NO,YES,,NO,NO,NO,NOT_RECORDED,0,PRESENTATION_ALIAS; source field must be provenance-bound,LEGACY_UI_FIELD_REVIEW,,,UI reads field not directly in final book or governed UI alias map; verify other projection
opt__options_strategy,NO,YES,instrument,NO,NO,NO,NOT_RECORDED,0,PRESENTATION_ALIAS; source field must be provenance-bound,PRESENTATION_ALIAS_KEEP_UNTIL_PARITY,,,
opt__premium,NO,YES,,NO,NO,NO,NOT_RECORDED,0,PRESENTATION_ALIAS; source field must be provenance-bound,LEGACY_UI_FIELD_REVIEW,,,UI reads field not directly in final book or governed UI alias map; verify other projection
opt__premium_mid,NO,YES,premium_mid | contract_mid,NO,NO,NO,NOT_RECORDED,0,PRESENTATION_ALIAS; source field must be provenance-bound,PRESENTATION_ALIAS_KEEP_UNTIL_PARITY,,,
opt__recommended_contract,NO,YES,contract_symbol,NO,NO,NO,NOT_RECORDED,0,PRESENTATION_ALIAS; source field must be provenance-bound,PRESENTATION_ALIAS_KEEP_UNTIL_PARITY,,,
opt__structural_target,NO,YES,structural_target | target_price,NO,NO,NO,NOT_RECORDED,0,PRESENTATION_ALIAS; source field must be provenance-bound,PRESENTATION_ALIAS_KEEP_UNTIL_PARITY,,,
opt__trigger_codes,NO,YES,,NO,NO,NO,NOT_RECORDED,0,PRESENTATION_ALIAS; source field must be provenance-bound,LEGACY_UI_FIELD_REVIEW,,,UI reads field not directly in final book or governed UI alias map; verify other projection
opt__trigger_days,NO,YES,,NO,NO,NO,NOT_RECORDED,0,PRESENTATION_ALIAS; source field must be provenance-bound,LEGACY_UI_FIELD_REVIEW,,,UI reads field not directly in final book or governed UI alias map; verify other projection
opt__trigger_evidence,NO,YES,,NO,NO,NO,NOT_RECORDED,0,PRESENTATION_ALIAS; source field must be provenance-bound,LEGACY_UI_FIELD_REVIEW,,,UI reads field not directly in final book or governed UI alias map; verify other projection
opt__trigger_price,NO,YES,,NO,NO,NO,NOT_RECORDED,0,PRESENTATION_ALIAS; source field must be provenance-bound,LEGACY_UI_FIELD_REVIEW,,,UI reads field not directly in final book or governed UI alias map; verify other projection
opt__trigger_primary,NO,YES,,NO,NO,NO,NOT_RECORDED,0,PRESENTATION_ALIAS; source field must be provenance-bound,LEGACY_UI_FIELD_REVIEW,,,UI reads field not directly in final book or governed UI alias map; verify other projection
opt__trigger_quality,NO,YES,,NO,NO,NO,NOT_RECORDED,0,PRESENTATION_ALIAS; source field must be provenance-bound,LEGACY_UI_FIELD_REVIEW,,,UI reads field not directly in final book or governed UI alias map; verify other projection
opt__trigger_score,NO,YES,,NO,NO,NO,NOT_RECORDED,0,PRESENTATION_ALIAS; source field must be provenance-bound,LEGACY_UI_FIELD_REVIEW,,,UI reads field not directly in final book or governed UI alias map; verify other projection
option_activity_state,YES,NO,,NO,NO,YES,execution_v3_5 (1367),1367,REVIEW_FIELD_SEMANTICS; do not infer freshness from field name,GOVERNED_FIELD_KEEP_UNTIL_CONSUMER_REVIEW,"first(sig, ""option_activity_state"", ""opt__option_activity_state"")",option_activity_state | opt__option_activity_state,
option_chain_dataset_id,YES,YES,,YES,YES,YES,morning_validated_trades (1379),1379,REVIEW_FIELD_SEMANTICS; do not infer freshness from field name,GOVERNED_FIELD_KEEP_UNTIL_CONSUMER_REVIEW,"first(sig, ""option_chain_dataset_id"")",,
option_chain_provider,YES,YES,,YES,YES,YES,morning_validated_trades (1379),1379,REVIEW_FIELD_SEMANTICS; do not infer freshness from field name,GOVERNED_FIELD_KEEP_UNTIL_CONSUMER_REVIEW,"first(sig, ""option_chain_provider"")",,
option_chain_resolution,YES,YES,,YES,YES,YES,morning_validated_trades (1379),1379,REVIEW_FIELD_SEMANTICS; do not infer freshness from field name,GOVERNED_FIELD_KEEP_UNTIL_CONSUMER_REVIEW,"first(sig, ""option_chain_resolution"")",,
option_gain_at_target,YES,NO,,NO,YES,YES,morning_validated_trades (1153),1167,REVIEW_FIELD_SEMANTICS; do not infer freshness from field name,GOVERNED_FIELD_KEEP_UNTIL_CONSUMER_REVIEW,"first(sig, ""option_gain_at_target"", ""opt__option_gain_at_target"") if quote_not_borrowed else """"",option_gain_at_target | opt__option_gain_at_target,
options_direction,NO,YES,,YES,YES,NO,NOT_RECORDED,0,REVIEW_FIELD_SEMANTICS; do not infer freshness from field name,LEGACY_UI_FIELD_REVIEW,,,UI reads field not directly in final book or governed UI alias map; verify other projection
options_hard_vetoes,YES,NO,,YES,YES,YES,morning_validated_trades (1538),1538,REVIEW_FIELD_SEMANTICS; do not infer freshness from field name,GOVERNED_FIELD_KEEP_UNTIL_CONSUMER_REVIEW,"first(sig, ""options_hard_vetoes"", ""hard_vetoes"")",options_hard_vetoes | hard_vetoes,
options_research_permission,YES,YES,,YES,YES,YES,morning_validated_trades (1550),1550,REVIEW_FIELD_SEMANTICS; do not infer freshness from field name,GOVERNED_FIELD_KEEP_UNTIL_CONSUMER_REVIEW,"first(sig, ""options_research_permission"", ""execution_permission"")",options_research_permission | execution_permission,
options_research_route,YES,YES,,YES,YES,YES,morning_validated_trades (1550),1550,REVIEW_FIELD_SEMANTICS; do not infer freshness from field name,GOVERNED_FIELD_KEEP_UNTIL_CONSUMER_REVIEW,"first(sig, ""options_research_route"", ""final_route"", ""options_route_verdict"")",options_research_route | final_route | options_route_verdict,
options_score,YES,NO,,YES,YES,YES,morning_validated_trades (1550),1550,REVIEW_FIELD_SEMANTICS; do not infer freshness from field name,GOVERNED_FIELD_KEEP_UNTIL_CONSUMER_REVIEW,"first(sig, ""options_score"", ""options_research_score"", ""opt__options_score"")",options_score | options_research_score | opt__options_score,
options_verdict,NO,YES,,NO,NO,NO,NOT_RECORDED,0,REVIEW_FIELD_SEMANTICS; do not infer freshness from field name,LEGACY_UI_FIELD_REVIEW,,,UI reads field not directly in final book or governed UI alias map; verify other projection
overnight_gap_pct,NO,YES,,NO,NO,NO,NOT_RECORDED,0,MORNING_OBSERVATION; provider and fetch time separate,GAP_VISIBLE_OR_REQUIRED,,,"UI reads field not directly in final book or governed UI alias map; verify other projection; OVERLAY_ALLOWLIST_2026-09-23: in the Lab overlay allow-list, but the accepted handoff book rows do not carry it, so the overlay rejection (source mapping 4a) does not explain this 0; separate producer gap"
pcr_confidence_weight,YES,NO,,NO,NO,YES,NOT_RECORDED,0,REVIEW_FIELD_SEMANTICS; do not infer freshness from field name,GOVERNED_FIELD_KEEP_UNTIL_CONSUMER_REVIEW,"first(sig, ""pcr_confidence_weight"")",,Published field empty for every row in sampled Morning run
pcr_direction_conflict_reason,YES,NO,,YES,YES,YES,morning_validated_trades (1550),1550,REVIEW_FIELD_SEMANTICS; do not infer freshness from field name,GOVERNED_FIELD_KEEP_UNTIL_CONSUMER_REVIEW,"first(sig, ""pcr_direction_conflict_reason"")",,
pcr_direction_conflict_status,YES,NO,,YES,YES,YES,morning_validated_trades (1550),1550,REVIEW_FIELD_SEMANTICS; do not infer freshness from field name,GOVERNED_FIELD_KEEP_UNTIL_CONSUMER_REVIEW,"first(sig, ""pcr_direction_conflict_status"")",,
pcr_signal,YES,NO,,NO,NO,YES,options_intelligence (1379),1379,REVIEW_FIELD_SEMANTICS; do not infer freshness from field name,GOVERNED_FIELD_KEEP_UNTIL_CONSUMER_REVIEW,"first(sig, ""pcr_signal"", ""opt__pcr_signal"")",pcr_signal | opt__pcr_signal,
pcr_vol,YES,NO,,NO,NO,YES,options_intelligence (1308),1308,REVIEW_FIELD_SEMANTICS; do not infer freshness from field name,GOVERNED_FIELD_KEEP_UNTIL_CONSUMER_REVIEW,"first(sig, ""pcr_vol"", ""opt__pcr_vol"")",pcr_vol | opt__pcr_vol,
pcr_vol_missing_reason,YES,NO,,YES,YES,YES,morning_validated_trades (242),242,REVIEW_FIELD_SEMANTICS; do not infer freshness from field name,GOVERNED_FIELD_KEEP_UNTIL_CONSUMER_REVIEW,"first(sig, ""pcr_vol_missing_reason"", ""opt__pcr_vol_missing_reason"")",pcr_vol_missing_reason | opt__pcr_vol_missing_reason,
pcr_vol_status,YES,NO,,YES,YES,YES,morning_validated_trades (1550),1550,REVIEW_FIELD_SEMANTICS; do not infer freshness from field name,GOVERNED_FIELD_KEEP_UNTIL_CONSUMER_REVIEW,"first(sig, ""pcr_vol_status"", ""opt__pcr_vol_status"")",pcr_vol_status | opt__pcr_vol_status,
phase,YES,YES,,YES,YES,YES,morning_validated_trades (1550),1550,REVIEW_FIELD_SEMANTICS; do not infer freshness from field name,GOVERNED_FIELD_KEEP_UNTIL_CONSUMER_REVIEW,"first(sig, ""phase"", ""phase_best"", ""wyckoff_phase"")",phase | phase_best | wyckoff_phase,
phase_transition_probability,YES,YES,,YES,YES,YES,morning_validated_trades (1550),1550,REVIEW_FIELD_SEMANTICS; do not infer freshness from field name,GOVERNED_FIELD_KEEP_UNTIL_CONSUMER_REVIEW,"first(sig, ""phase_transition_probability"", ""vg__phase_transition_probability"")",,
physics_state_id,YES,YES,,YES,YES,YES,morning_validated_trades (1550),1550,REVIEW_FIELD_SEMANTICS; do not infer freshness from field name,GOVERNED_FIELD_KEEP_UNTIL_CONSUMER_REVIEW,"first(sig, ""physics_state_id"", ""vg__physics_state_id"")",,
physics_verdict,YES,NO,,NO,NO,YES,NOT_RECORDED,0,REVIEW_FIELD_SEMANTICS; do not infer freshness from field name,GOVERNED_FIELD_KEEP_UNTIL_CONSUMER_REVIEW,"first(sig, ""physics_verdict"")",,Published field empty for every row in sampled Morning run
pipeline_mode,YES,NO,,NO,NO,YES,governed_materializer (1550),1550,MORNING_RECOMPUTE; no stale EOD decision fallback,GOVERNED_FIELD_KEEP_UNTIL_CONSUMER_REVIEW,pipeline_mode,,
planned_hold_sessions,YES,YES,,YES,YES,YES,morning_validated_trades (1550),1550,"FROZEN_EOD; Morning may compare, never silently overwrite",GOVERNED_FIELD_KEEP_UNTIL_CONSUMER_REVIEW,,,Morning CSV copies EOD field; copied column is not its semantic owner
planned_hold_source,YES,NO,,YES,YES,YES,morning_validated_trades (1550),1550,REVIEW_FIELD_SEMANTICS; do not infer freshness from field name,GOVERNED_FIELD_KEEP_UNTIL_CONSUMER_REVIEW,,,
position_size_display,YES,YES,,NO,NO,YES,morning_validated_trades (1550),1550,REVIEW_FIELD_SEMANTICS; do not infer freshness from field name,GOVERNED_FIELD_KEEP_UNTIL_CONSUMER_REVIEW,"first(sig, ""position_size_display"", ""sb_position_size_display"")",,
positive_factors,YES,YES,,NO,NO,YES,options_intelligence (1176),1176,REVIEW_FIELD_SEMANTICS; do not infer freshness from field name,GOVERNED_FIELD_KEEP_UNTIL_CONSUMER_REVIEW,"first(sig, ""positive_factors"", ""opt__positive_factors"")",positive_factors | opt__positive_factors,
precor_intent,NO,YES,,NO,NO,NO,NOT_RECORDED,0,REVIEW_FIELD_SEMANTICS; do not infer freshness from field name,LEGACY_UI_FIELD_REVIEW,,,UI reads field not directly in final book or governed UI alias map; verify other projection
premium,NO,YES,,NO,YES,NO,NOT_RECORDED,0,REVIEW_FIELD_SEMANTICS; do not infer freshness from field name,LEGACY_UI_FIELD_REVIEW,,,UI reads field not directly in final book or governed UI alias map; verify other projection
premium_is_synthetic,NO,YES,,NO,NO,NO,NOT_RECORDED,0,REVIEW_FIELD_SEMANTICS; do not infer freshness from field name,LEGACY_UI_FIELD_REVIEW,,,UI reads field not directly in final book or governed UI alias map; verify other projection
premium_label,NO,YES,,NO,NO,NO,NOT_RECORDED,0,REVIEW_FIELD_SEMANTICS; do not infer freshness from field name,LEGACY_UI_FIELD_REVIEW,,,UI reads field not directly in final book or governed UI alias map; verify other projection
premium_mid,YES,YES,,NO,YES,YES,morning_validated_trades (1368),1368,REVIEW_FIELD_SEMANTICS; do not infer freshness from field name,GOVERNED_FIELD_KEEP_UNTIL_CONSUMER_REVIEW,"first(sig, ""premium_mid"", ""contract_mid"", ""premium_eod"", ""premium"", ""entry_premium"", ""contract_premium"", ""opt__premium_mid"", ""opt__contract_premium"") if quote_owned else """"",,
prep_permission,YES,NO,,NO,NO,YES,NOT_RECORDED,0,REVIEW_FIELD_SEMANTICS; do not infer freshness from field name,GOVERNED_FIELD_KEEP_UNTIL_CONSUMER_REVIEW,"first(sig, ""prep_permission"", ""run_prep_permission"", ""eod_prep_permission"")",,Published field empty for every row in sampled Morning run
pretrade_contract_evidence_state,YES,YES,,YES,YES,YES,morning_validated_trades (1550),1550,"FROZEN_EOD; Morning may compare, never silently overwrite",GOVERNED_FIELD_KEEP_UNTIL_CONSUMER_REVIEW,"first(sig, ""pretrade_contract_evidence_state"")",pretrade_contract_evidence_state,
pretrade_entry_quote_state,YES,YES,,YES,YES,YES,morning_validated_trades (1550),1550,"FROZEN_EOD; Morning may compare, never silently overwrite",GOVERNED_FIELD_KEEP_UNTIL_CONSUMER_REVIEW,"first(sig, ""pretrade_entry_quote_state"")",pretrade_entry_quote_state,
pretrade_focus_authority,YES,NO,,YES,YES,YES,morning_validated_trades (1550),1550,"FROZEN_EOD; Morning may compare, never silently overwrite",GOVERNED_FIELD_KEEP_UNTIL_CONSUMER_REVIEW,"first(sig, ""pretrade_focus_authority"")",pretrade_focus_authority,
pretrade_focus_candidate,YES,NO,,YES,YES,YES,morning_validated_trades (1550),1550,"FROZEN_EOD; Morning may compare, never silently overwrite",GOVERNED_FIELD_KEEP_UNTIL_CONSUMER_REVIEW,"first(sig, ""pretrade_focus_candidate"")",pretrade_focus_candidate,
pretrade_focus_lane,YES,YES,,YES,YES,YES,morning_validated_trades (1550),1550,"FROZEN_EOD; Morning may compare, never silently overwrite",GOVERNED_FIELD_KEEP_UNTIL_CONSUMER_REVIEW,"first(sig, ""pretrade_focus_lane"")",pretrade_focus_lane,
pretrade_focus_policy_version,YES,NO,,YES,YES,YES,morning_validated_trades (1550),1550,"FROZEN_EOD; Morning may compare, never silently overwrite",GOVERNED_FIELD_KEEP_UNTIL_CONSUMER_REVIEW,"first(sig, ""pretrade_focus_policy_version"")",pretrade_focus_policy_version,
pretrade_focus_priority,YES,NO,,YES,YES,YES,morning_validated_trades (1550),1550,"FROZEN_EOD; Morning may compare, never silently overwrite",GOVERNED_FIELD_KEEP_UNTIL_CONSUMER_REVIEW,"first(sig, ""pretrade_focus_priority"")",pretrade_focus_priority,
pretrade_focus_reason,YES,YES,,YES,YES,YES,morning_validated_trades (1550),1550,"FROZEN_EOD; Morning may compare, never silently overwrite",GOVERNED_FIELD_KEEP_UNTIL_CONSUMER_REVIEW,"first(sig, ""pretrade_focus_reason"")",pretrade_focus_reason,
pretrade_thesis_state,YES,YES,,YES,YES,YES,morning_validated_trades (1550),1550,"FROZEN_EOD; Morning may compare, never silently overwrite",GOVERNED_FIELD_KEEP_UNTIL_CONSUMER_REVIEW,"first(sig, ""pretrade_thesis_state"")",pretrade_thesis_state,
previous_contract_symbol,YES,NO,,YES,YES,YES,morning_validated_trades (413),413,REVIEW_FIELD_SEMANTICS; do not infer freshness from field name,GOVERNED_FIELD_KEEP_UNTIL_CONSUMER_REVIEW,"first(sig, ""previous_contract_symbol"", ""contract_symbol_original"", ""morning_repaired_from_contract"")",,
priority_rank,YES,YES,,NO,NO,YES,governed_materializer (1550),1550,REVIEW_FIELD_SEMANTICS; do not infer freshness from field name,GOVERNED_FIELD_KEEP_UNTIL_CONSUMER_REVIEW,rank,,
priority_score,YES,YES,,NO,NO,YES,morning_validated_trades (1550),1550,REVIEW_FIELD_SEMANTICS; do not infer freshness from field name,GOVERNED_FIELD_KEEP_UNTIL_CONSUMER_REVIEW,"first(sig, ""priority_score"", ""research_priority_score"", ""options_research_score"", ""options_research_confidence"")",priority_score | research_priority_score | options_research_score | options_research_confidence,
pse_execution_mode,NO,YES,,YES,YES,NO,NOT_RECORDED,0,REVIEW_FIELD_SEMANTICS; do not infer freshness from field name,LEGACY_UI_FIELD_REVIEW,,,UI reads field not directly in final book or governed UI alias map; verify other projection
put_wall,YES,NO,,NO,NO,YES,options_intelligence (1379),1379,REVIEW_FIELD_SEMANTICS; do not infer freshness from field name,GOVERNED_FIELD_KEEP_UNTIL_CONSUMER_REVIEW,"first(sig, ""put_wall"", ""opt__put_wall"")",put_wall | opt__put_wall,
qomega_gate,NO,YES,,NO,NO,NO,NOT_RECORDED,0,REVIEW_FIELD_SEMANTICS; do not infer freshness from field name,LEGACY_UI_FIELD_REVIEW,,,UI reads field not directly in final book or governed UI alias map; verify other projection
qomega_gate_reason,NO,YES,,NO,NO,NO,NOT_RECORDED,0,REVIEW_FIELD_SEMANTICS; do not infer freshness from field name,LEGACY_UI_FIELD_REVIEW,,,UI reads field not directly in final book or governed UI alias map; verify other projection
quote_as_of,YES,NO,,YES,YES,YES,morning_validated_trades (1368),1368,REVIEW_FIELD_SEMANTICS; do not infer freshness from field name,GOVERNED_FIELD_KEEP_UNTIL_CONSUMER_REVIEW,"first(
            sig,
            ""quote_as_of"",
            ""selected_quote_timestamp_utc"",
            ""contract_quote_timestamp_utc"",
            ""quote_timestamp_utc"",
            ""contract_quote_timestamp"",
        )",,
quote_freshness,YES,YES,,YES,YES,YES,morning_validated_trades (1065),1065,REVIEW_FIELD_SEMANTICS; do not infer freshness from field name,GOVERNED_FIELD_KEEP_UNTIL_CONSUMER_REVIEW,"first(sig, ""quote_freshness"", ""contract_quote_freshness"")",,
quote_timestamp_utc,YES,YES,,NO,NO,YES,NOT_RECORDED,0,MORNING_OBSERVATION; provider and fetch time separate,GAP_VISIBLE_OR_REQUIRED,"first(sig, ""quote_timestamp_utc"")",,"Published field empty for every row in sampled Morning run; OVERLAY_REJECTED_2026-09-23: accepted handoff overlay rejected on every row (identity mismatch on selected_contract_symbol, source mapping 4a); measured: 0 of 1550 as published, 359 of 1550 once identity reconciles"
ranked,NO,YES,,NO,NO,NO,NOT_RECORDED,0,REVIEW_FIELD_SEMANTICS; do not infer freshness from field name,LEGACY_UI_FIELD_REVIEW,,,UI reads field not directly in final book or governed UI alias map; verify other projection
readiness_enter_now,YES,NO,,NO,NO,YES,governed_materializer (1550),1550,REVIEW_FIELD_SEMANTICS; do not infer freshness from field name,GOVERNED_FIELD_KEEP_UNTIL_CONSUMER_REVIEW,False,,
readiness_label,YES,NO,,NO,NO,YES,governed_materializer (1550),1550,MORNING_RECOMPUTE; no stale EOD decision fallback,GOVERNED_FIELD_KEEP_UNTIL_CONSUMER_REVIEW,"""""",,
readiness_stage,YES,NO,,NO,NO,YES,governed_materializer (1550),1550,MORNING_RECOMPUTE; no stale EOD decision fallback,GOVERNED_FIELD_KEEP_UNTIL_CONSUMER_REVIEW,"""""",,
recommended_contract,NO,YES,,YES,YES,NO,NOT_RECORDED,0,REVIEW_FIELD_SEMANTICS; do not infer freshness from field name,LEGACY_UI_FIELD_REVIEW,,,UI reads field not directly in final book or governed UI alias map; verify other projection
recovery_disposition,YES,NO,,YES,YES,YES,morning_validated_trades (1550),1550,REVIEW_FIELD_SEMANTICS; do not infer freshness from field name,GOVERNED_FIELD_KEEP_UNTIL_CONSUMER_REVIEW,"first(sig, ""recovery_disposition"")",,
regime,YES,YES,,NO,NO,YES,morning_validated_trades (1550),1550,REVIEW_FIELD_SEMANTICS; do not infer freshness from field name,GOVERNED_FIELD_KEEP_UNTIL_CONSUMER_REVIEW,"first(sig, ""regime"", ""macro_regime_label"", ""macro_regime"")",regime | macro_regime_label | macro_regime,
regime_drift_status,YES,NO,,YES,YES,YES,morning_validated_trades (1550),1550,REVIEW_FIELD_SEMANTICS; do not infer freshness from field name,GOVERNED_FIELD_KEEP_UNTIL_CONSUMER_REVIEW,"first(sig, ""regime_drift_status"", ""vg__regime_drift_status"")",,
rejections,NO,YES,,NO,NO,NO,NOT_RECORDED,0,REVIEW_FIELD_SEMANTICS; do not infer freshness from field name,LEGACY_UI_FIELD_REVIEW,,,UI reads field not directly in final book or governed UI alias map; verify other projection
remaining_runway_pct,YES,YES,,YES,YES,YES,morning_validated_trades (1176),1176,MORNING_OBSERVATION; provider and fetch time separate,GOVERNED_FIELD_KEEP_UNTIL_CONSUMER_REVIEW,"first(sig, ""remaining_runway_pct"")",,
remaining_runway_state,YES,YES,,YES,YES,YES,morning_validated_trades (1176),1176,REVIEW_FIELD_SEMANTICS; do not infer freshness from field name,GOVERNED_FIELD_KEEP_UNTIL_CONSUMER_REVIEW,"first(sig, ""remaining_runway_state"")",,
replace,NO,YES,,NO,NO,NO,NOT_RECORDED,0,REVIEW_FIELD_SEMANTICS; do not infer freshness from field name,LEGACY_UI_FIELD_REVIEW,,,UI reads field not directly in final book or governed UI alias map; verify other projection
requires_live_validation,YES,YES,,NO,NO,YES,morning_validated_trades (1550),1550,MORNING_RECOMPUTE; no stale EOD decision fallback,GOVERNED_FIELD_KEEP_UNTIL_CONSUMER_REVIEW,"bool(sig.get(""requires_live_validation""))",,
rr_calculation_version,YES,NO,,NO,YES,NO,morning_validated_trades (1153),0,REVIEW_FIELD_SEMANTICS; do not infer freshness from field name,GOVERNED_FIELD_KEEP_UNTIL_CONSUMER_REVIEW,"first(sig, ""rr_calculation_version"")",,Published field empty for every row in sampled Morning run
rr_contract_symbol,YES,NO,,NO,YES,NO,governed_materializer (1153),0,REVIEW_FIELD_SEMANTICS; do not infer freshness from field name,GOVERNED_FIELD_KEEP_UNTIL_CONSUMER_REVIEW,governed_rr_contract,,Published field empty for every row in sampled Morning run
rr_entry_debit_per_share,YES,NO,,NO,YES,NO,morning_validated_trades (1153),0,REVIEW_FIELD_SEMANTICS; do not infer freshness from field name,GOVERNED_FIELD_KEEP_UNTIL_CONSUMER_REVIEW,"first(sig, ""rr_entry_debit_per_share"")",,Published field empty for every row in sampled Morning run
rr_evaluation_id,YES,NO,,NO,YES,NO,NOT_RECORDED,0,REVIEW_FIELD_SEMANTICS; do not infer freshness from field name,GOVERNED_FIELD_KEEP_UNTIL_CONSUMER_REVIEW,,,Published field empty for every row in sampled Morning run
rr_predicted,YES,NO,,NO,YES,NO,morning_validated_trades (1153),0,REVIEW_FIELD_SEMANTICS; do not infer freshness from field name,GOVERNED_FIELD_KEEP_UNTIL_CONSUMER_REVIEW,"rr_value if quote_owned else """"",rr_premium_expected | rr_options | option_rr,Published field empty for every row in sampled Morning run
rr_premium_expected,YES,NO,,YES,YES,NO,morning_validated_trades (1153),0,REVIEW_FIELD_SEMANTICS; do not infer freshness from field name,GOVERNED_FIELD_KEEP_UNTIL_CONSUMER_REVIEW,"rr_value if quote_owned else """"",rr_premium_expected | rr_options | option_rr,Published field empty for every row in sampled Morning run
rr_recompute_reason,YES,NO,,NO,YES,NO,morning_validated_trades (215),0,REVIEW_FIELD_SEMANTICS; do not infer freshness from field name,GOVERNED_FIELD_KEEP_UNTIL_CONSUMER_REVIEW,"first(sig, ""rr_recompute_reason"")",,Published field empty for every row in sampled Morning run
rr_recompute_status,YES,NO,,NO,YES,NO,morning_validated_trades (1368),0,REVIEW_FIELD_SEMANTICS; do not infer freshness from field name,GOVERNED_FIELD_KEEP_UNTIL_CONSUMER_REVIEW,"first(sig, ""rr_recompute_status"")",,Published field empty for every row in sampled Morning run
rr_target_value_per_share,YES,NO,,NO,YES,NO,morning_validated_trades (1153),0,REVIEW_FIELD_SEMANTICS; do not infer freshness from field name,GOVERNED_FIELD_KEEP_UNTIL_CONSUMER_REVIEW,"first(sig, ""rr_target_value_per_share"")",,Published field empty for every row in sampled Morning run
rr_underlying,YES,NO,,YES,YES,NO,morning_validated_trades (1550),0,REVIEW_FIELD_SEMANTICS; do not infer freshness from field name,GOVERNED_FIELD_KEEP_UNTIL_CONSUMER_REVIEW,"first(sig, ""rr_underlying"", ""rr"")",rr_underlying | rr,Published field empty for every row in sampled Morning run
run_id,YES,NO,,YES,YES,YES,governed_materializer (1550),1550,"FROZEN_EOD; Morning may compare, never silently overwrite",GOVERNED_FIELD_KEEP_UNTIL_CONSUMER_REVIEW,run_id,,Morning CSV copies EOD field; copied column is not its semantic owner
runway_to_target,YES,NO,,YES,YES,YES,morning_validated_trades (1550),1550,REVIEW_FIELD_SEMANTICS; do not infer freshness from field name,GOVERNED_FIELD_KEEP_UNTIL_CONSUMER_REVIEW,"first(sig, ""runway_to_target"", ""runway_to_wall"", ""runway_to_wall_pct"")",runway_to_target | runway_to_wall | runway_to_wall_pct,
runway_to_wall_pct,YES,NO,,YES,YES,YES,morning_validated_trades (1550),1550,REVIEW_FIELD_SEMANTICS; do not infer freshness from field name,GOVERNED_FIELD_KEEP_UNTIL_CONSUMER_REVIEW,"first(sig, ""runway_to_wall_pct"", ""runway_to_wall"", ""runway_to_target"")",runway_to_wall_pct | runway_to_wall | runway_to_target,
sb_alert_stages,NO,YES,,NO,NO,NO,NOT_RECORDED,0,REVIEW_FIELD_SEMANTICS; do not infer freshness from field name,LEGACY_UI_FIELD_REVIEW,,,UI reads field not directly in final book or governed UI alias map; verify other projection
sb_campaign,NO,YES,,YES,YES,NO,NOT_RECORDED,0,REVIEW_FIELD_SEMANTICS; do not infer freshness from field name,LEGACY_UI_FIELD_REVIEW,,,UI reads field not directly in final book or governed UI alias map; verify other projection
sb_checkpoint_rule,NO,YES,wbs_wall_stall_rule | ts_checkpoint_rule,YES,YES,NO,NOT_RECORDED,0,PRESENTATION_ALIAS; source field must be provenance-bound,PRESENTATION_ALIAS_KEEP_UNTIL_PARITY,,,
sb_conv_detail,NO,YES,,NO,NO,NO,NOT_RECORDED,0,REVIEW_FIELD_SEMANTICS; do not infer freshness from field name,LEGACY_UI_FIELD_REVIEW,,,UI reads field not directly in final book or governed UI alias map; verify other projection
sb_conv_score,NO,YES,convexity_score,YES,YES,NO,NOT_RECORDED,0,PRESENTATION_ALIAS; source field must be provenance-bound,PRESENTATION_ALIAS_KEEP_UNTIL_PARITY,,,
sb_current_stage,NO,YES,readiness_stage,NO,NO,NO,NOT_RECORDED,0,PRESENTATION_ALIAS; source field must be provenance-bound,PRESENTATION_ALIAS_KEEP_UNTIL_PARITY,,,
sb_enter_now_stages,NO,YES,,NO,NO,NO,NOT_RECORDED,0,REVIEW_FIELD_SEMANTICS; do not infer freshness from field name,LEGACY_UI_FIELD_REVIEW,,,UI reads field not directly in final book or governed UI alias map; verify other projection
sb_execution_mode,NO,YES,,NO,NO,NO,NOT_RECORDED,0,REVIEW_FIELD_SEMANTICS; do not infer freshness from field name,LEGACY_UI_FIELD_REVIEW,,,UI reads field not directly in final book or governed UI alias map; verify other projection
sb_final_verdict,NO,YES,,NO,NO,NO,NOT_RECORDED,0,REVIEW_FIELD_SEMANTICS; do not infer freshness from field name,LEGACY_UI_FIELD_REVIEW,,,UI reads field not directly in final book or governed UI alias map; verify other projection
sb_instrument_now,NO,YES,instrument,NO,NO,NO,NOT_RECORDED,0,PRESENTATION_ALIAS; source field must be provenance-bound,PRESENTATION_ALIAS_KEEP_UNTIL_PARITY,,,
sb_ladder_summary,NO,YES,readiness_label,YES,YES,NO,NOT_RECORDED,0,PRESENTATION_ALIAS; source field must be provenance-bound,PRESENTATION_ALIAS_KEEP_UNTIL_PARITY,,,
sb_position_size_display,NO,YES,,NO,NO,NO,NOT_RECORDED,0,REVIEW_FIELD_SEMANTICS; do not infer freshness from field name,LEGACY_UI_FIELD_REVIEW,,,UI reads field not directly in final book or governed UI alias map; verify other projection
sb_position_size_pct,NO,YES,,YES,YES,NO,NOT_RECORDED,0,REVIEW_FIELD_SEMANTICS; do not infer freshness from field name,LEGACY_UI_FIELD_REVIEW,,,UI reads field not directly in final book or governed UI alias map; verify other projection
sb_schema_ok,NO,YES,,NO,NO,NO,NOT_RECORDED,0,REVIEW_FIELD_SEMANTICS; do not infer freshness from field name,LEGACY_UI_FIELD_REVIEW,,,UI reads field not directly in final book or governed UI alias map; verify other projection
sb_stages_missed,NO,YES,,NO,NO,NO,NOT_RECORDED,0,REVIEW_FIELD_SEMANTICS; do not infer freshness from field name,LEGACY_UI_FIELD_REVIEW,,,UI reads field not directly in final book or governed UI alias map; verify other projection
sb_time_stop_date,NO,YES,ts_expiry_date | expiry,YES,YES,NO,NOT_RECORDED,0,PRESENTATION_ALIAS; source field must be provenance-bound,PRESENTATION_ALIAS_KEEP_UNTIL_PARITY,,,
sb_verdict_reason,NO,YES,entry_reason,NO,NO,NO,NOT_RECORDED,0,PRESENTATION_ALIAS; source field must be provenance-bound,PRESENTATION_ALIAS_KEEP_UNTIL_PARITY,,,
sb_vetoes,NO,YES,,NO,NO,NO,NOT_RECORDED,0,REVIEW_FIELD_SEMANTICS; do not infer freshness from field name,LEGACY_UI_FIELD_REVIEW,,,UI reads field not directly in final book or governed UI alias map; verify other projection
sb_vetoes_count,NO,YES,,NO,NO,NO,NOT_RECORDED,0,REVIEW_FIELD_SEMANTICS; do not infer freshness from field name,LEGACY_UI_FIELD_REVIEW,,,UI reads field not directly in final book or governed UI alias map; verify other projection
scanner_price,YES,NO,,YES,YES,YES,morning_validated_trades (1550),1550,REVIEW_FIELD_SEMANTICS; do not infer freshness from field name,GOVERNED_FIELD_KEEP_UNTIL_CONSUMER_REVIEW,"first_price(sig, ""scanner_price"", ""signal_price"", ""underlying_price"", ""opt__underlying_price"")",scanner_price | signal_price | underlying_price | opt__underlying_price,
scenario_dte_target,YES,NO,,NO,NO,YES,execution_v3_5 (1550),1550,REVIEW_FIELD_SEMANTICS; do not infer freshness from field name,GOVERNED_FIELD_KEEP_UNTIL_CONSUMER_REVIEW,"first(sig, ""scenario_dte_target"", ""opt__scenario_dte_target"")",scenario_dte_target | opt__scenario_dte_target,
scenario_entry_trigger,NO,YES,,NO,NO,NO,NOT_RECORDED,0,REVIEW_FIELD_SEMANTICS; do not infer freshness from field name,LEGACY_UI_FIELD_REVIEW,,,UI reads field not directly in final book or governed UI alias map; verify other projection
screenshot_confirmation_status,NO,YES,,NO,NO,NO,NOT_RECORDED,0,OPTIONAL_ADVISORY; never execution authority,LEGACY_UI_FIELD_REVIEW,,,"UI reads field not directly in final book or governed UI alias map; verify other projection; OVERLAY_ALLOWLIST_2026-09-23: in the Lab overlay allow-list, but the accepted handoff book rows do not carry it, so the overlay rejection (source mapping 4a) does not explain this 0; separate producer gap"
sector,YES,YES,,YES,YES,YES,morning_validated_trades (1365),1548,REVIEW_FIELD_SEMANTICS; do not infer freshness from field name,GOVERNED_FIELD_KEEP_UNTIL_CONSUMER_REVIEW,"first(sig, ""sector"", ""gics_sector"", ""gics_sector_norm"", ""sector_name"")",sector | gics_sector | gics_sector_norm | sector_name,
sector_code,NO,YES,,NO,NO,NO,NOT_RECORDED,0,REVIEW_FIELD_SEMANTICS; do not infer freshness from field name,LEGACY_UI_FIELD_REVIEW,,,UI reads field not directly in final book or governed UI alias map; verify other projection
sector_etf,YES,YES,,YES,YES,YES,morning_validated_trades (1549),1549,REVIEW_FIELD_SEMANTICS; do not infer freshness from field name,GOVERNED_FIELD_KEEP_UNTIL_CONSUMER_REVIEW,"first(sig, ""sector_etf"", ""sector_etf_mapped"", ""sector_proxy"")",sector_etf | sector_etf_mapped | sector_proxy,
sector_name,NO,YES,,NO,NO,NO,NOT_RECORDED,0,REVIEW_FIELD_SEMANTICS; do not infer freshness from field name,LEGACY_UI_FIELD_REVIEW,,,UI reads field not directly in final book or governed UI alias map; verify other projection
sector_proxy,NO,YES,,NO,NO,NO,NOT_RECORDED,0,REVIEW_FIELD_SEMANTICS; do not infer freshness from field name,LEGACY_UI_FIELD_REVIEW,,,UI reads field not directly in final book or governed UI alias map; verify other projection
sector_short,NO,YES,,NO,NO,NO,NOT_RECORDED,0,REVIEW_FIELD_SEMANTICS; do not infer freshness from field name,LEGACY_UI_FIELD_REVIEW,,,UI reads field not directly in final book or governed UI alias map; verify other projection
sector_tilt,YES,YES,,NO,NO,YES,morning_validated_trades (1550),1550,REVIEW_FIELD_SEMANTICS; do not infer freshness from field name,GOVERNED_FIELD_KEEP_UNTIL_CONSUMER_REVIEW,"first(sig, ""sector_tilt"", ""sector_rotation_state"", ""ticker_sector_alignment"", ""vg__sector_tilt"", ""vg__sector_rotation_state"", ""vg__ticker_sector_alignment"")",,
selected_contract_economics_ready,YES,NO,,NO,YES,YES,morning_validated_trades (1368),1368,REVIEW_FIELD_SEMANTICS; do not infer freshness from field name,GOVERNED_FIELD_KEEP_UNTIL_CONSUMER_REVIEW,"first(sig, ""selected_contract_economics_ready"")",,
selected_contract_identity_state,YES,NO,,NO,NO,NO,NOT_RECORDED (pre-fix book),0,"FROZEN_EOD; Morning may compare, never silently overwrite",GOVERNED_FIELD_PUBLISHED_ILA003,_economics_identity: SINGLE | NOT_SELECTED | MULTI_LEG from selected_contract_symbols,,"ILA003_IMPLEMENTED_2026-09-24: typed absence for the singular contract identity (R1); replay of 20260922_223221 gives SINGLE 1368, NOT_SELECTED 182, MULTI_LEG 0"
selected_contract_symbol,YES,YES,,NO,YES,YES,NOT_RECORDED,0,REVIEW_FIELD_SEMANTICS; do not infer freshness from field name,GOVERNED_FIELD_PUBLISHED_ILA003,"_economics_identity: selected_contract_symbols[0] when exactly one governed symbol, else empty",,"UI reads field not directly in final book or governed UI alias map; verify other projection; OVERLAY_REJECTED_2026-09-23: not a UI alias; materializer synthesises it on every handoff bundle and merge_all_opportunities requires it on the book row, so all 359 accepted rows are rejected (source mapping 4a); decide single owner before any alias migration; ILA003_IMPLEMENTED_2026-09-24: published by contracts/lab_control.py _economics_identity with provenance economics_identity:selected_contract_symbols; populated count above is the pre-fix stored run; books written after the fix carry it (1368 of 1550 on replay of 20260922_223221)"
selected_contract_symbols,YES,NO,,NO,YES,YES,governed_materializer:contract_economics_identity (1550),1550,REVIEW_FIELD_SEMANTICS; do not infer freshness from field name,GOVERNED_FIELD_KEEP_UNTIL_CONSUMER_REVIEW,,,
selected_legs_json,YES,NO,,NO,YES,YES,morning_validated_trades (1368),1368,REVIEW_FIELD_SEMANTICS; do not infer freshness from field name,GOVERNED_FIELD_KEEP_UNTIL_CONSUMER_REVIEW,"first(sig, ""selected_legs_json"")",,
selected_quote_dataset_id,YES,YES,,YES,YES,YES,morning_validated_trades (1368),1368,REVIEW_FIELD_SEMANTICS; do not infer freshness from field name,GOVERNED_FIELD_KEEP_UNTIL_CONSUMER_REVIEW,"first(sig, ""selected_quote_dataset_id"")",,
selected_quote_snapshot_id,YES,NO,,NO,YES,YES,morning_validated_trades (1368),1368,REVIEW_FIELD_SEMANTICS; do not infer freshness from field name,GOVERNED_FIELD_KEEP_UNTIL_CONSUMER_REVIEW,"first(sig, ""selected_quote_snapshot_id"")",,
selected_quote_timestamp_utc,YES,YES,,YES,YES,YES,morning_validated_trades (1368),1368,REVIEW_FIELD_SEMANTICS; do not infer freshness from field name,GOVERNED_FIELD_KEEP_UNTIL_CONSUMER_REVIEW,"first(
            sig,
            ""selected_quote_timestamp_utc"",
            ""contract_quote_timestamp_utc"",
            ""quote_timestamp_utc"",
            ""contract_quote_timestamp"",
        )",,
selected_structure,YES,YES,,NO,YES,YES,morning_validated_trades (1368),1368,REVIEW_FIELD_SEMANTICS; do not infer freshness from field name,GOVERNED_FIELD_KEEP_UNTIL_CONSUMER_REVIEW,"first(sig, ""selected_structure"")",,
selected_structure_hydration_reason,YES,NO,,NO,YES,YES,NOT_RECORDED,0,REVIEW_FIELD_SEMANTICS; do not infer freshness from field name,GOVERNED_FIELD_KEEP_UNTIL_CONSUMER_REVIEW,"first(sig, ""selected_structure_hydration_reason"")",,Published field empty for every row in sampled Morning run
selected_structure_hydration_schema_version,YES,NO,,NO,YES,YES,morning_validated_trades (1368),1368,REVIEW_FIELD_SEMANTICS; do not infer freshness from field name,GOVERNED_FIELD_KEEP_UNTIL_CONSUMER_REVIEW,"first(sig, ""selected_structure_hydration_schema_version"")",,
selected_structure_hydration_status,YES,YES,,NO,YES,YES,morning_validated_trades (1368),1368,REVIEW_FIELD_SEMANTICS; do not infer freshness from field name,GOVERNED_FIELD_KEEP_UNTIL_CONSUMER_REVIEW,"first(sig, ""selected_structure_hydration_status"")",,
selected_structure_id,YES,NO,,NO,YES,YES,governed_materializer:contract_economics_identity (1550),1368,REVIEW_FIELD_SEMANTICS; do not infer freshness from field name,GOVERNED_FIELD_KEEP_UNTIL_CONSUMER_REVIEW,,,
session_state,NO,YES,,NO,NO,NO,NOT_RECORDED,0,MORNING_OBSERVATION; provider and fetch time separate,GAP_VISIBLE_OR_REQUIRED,,,"UI reads field not directly in final book or governed UI alias map; verify other projection; OVERLAY_ALLOWLIST_2026-09-23: in the Lab overlay allow-list, but the accepted handoff book rows do not carry it, so the overlay rejection (source mapping 4a) does not explain this 0; separate producer gap"
signal_price,YES,YES,,YES,YES,YES,morning_validated_trades (1550),1550,"FROZEN_EOD; Morning may compare, never silently overwrite",GOVERNED_FIELD_KEEP_UNTIL_CONSUMER_REVIEW,"first_price(sig, ""signal_price"", ""scanner_price"", ""underlying_price"", ""opt__underlying_price"")",signal_price | scanner_price | underlying_price | opt__underlying_price,Morning CSV copies EOD field; copied column is not its semantic owner
source_payload_json,YES,NO,,NO,NO,YES,NOT_RECORDED,1550,REVIEW_FIELD_SEMANTICS; do not infer freshness from field name,GOVERNED_FIELD_KEEP_UNTIL_CONSUMER_REVIEW,_json_safe(sig),,
spot_price,NO,YES,,NO,NO,NO,NOT_RECORDED,0,REVIEW_FIELD_SEMANTICS; do not infer freshness from field name,LEGACY_UI_FIELD_REVIEW,,,UI reads field not directly in final book or governed UI alias map; verify other projection
spread_above_limit,YES,NO,,NO,NO,YES,NOT_RECORDED,0,REVIEW_FIELD_SEMANTICS; do not infer freshness from field name,GOVERNED_FIELD_KEEP_UNTIL_CONSUMER_REVIEW,,,Published field empty for every row in sampled Morning run
spread_fraction_mid,YES,NO,,NO,YES,YES,morning_validated_trades (1367),1367,REVIEW_FIELD_SEMANTICS; do not infer freshness from field name,GOVERNED_FIELD_KEEP_UNTIL_CONSUMER_REVIEW,"spread_observation.spread_fraction_mid if quote_owned else """"",,
spread_pct,YES,NO,,NO,YES,YES,morning_validated_trades (1368),1368,REVIEW_FIELD_SEMANTICS; do not infer freshness from field name,GOVERNED_FIELD_KEEP_UNTIL_CONSUMER_REVIEW,"spread_observation.spread_pct_of_mid if quote_owned else """"",spread_pct | contract_spread_pct | final_option_spread_pct | opt__contract_spread_pct | opt__spread_pct_mid | opt__spread_pct,
spread_pct_of_mid,YES,NO,,NO,YES,YES,morning_validated_trades (1367),1367,REVIEW_FIELD_SEMANTICS; do not infer freshness from field name,GOVERNED_FIELD_KEEP_UNTIL_CONSUMER_REVIEW,"spread_observation.spread_pct_of_mid if quote_owned else """"",,
spread_unit,YES,NO,,NO,YES,YES,morning_validated_trades (1367),1367,REVIEW_FIELD_SEMANTICS; do not infer freshness from field name,GOVERNED_FIELD_KEEP_UNTIL_CONSUMER_REVIEW,"""PCT_OF_MID"" if quote_owned and spread_observation.spread_pct_of_mid is not None else """"",,
state_transition_label,YES,YES,,YES,YES,YES,morning_validated_trades (1550),1550,REVIEW_FIELD_SEMANTICS; do not infer freshness from field name,GOVERNED_FIELD_KEEP_UNTIL_CONSUMER_REVIEW,"first(sig, ""state_transition_label"", ""vg__state_transition_label"")",,
strike,YES,YES,,YES,YES,YES,morning_validated_trades (1368),1368,REVIEW_FIELD_SEMANTICS; do not infer freshness from field name,GOVERNED_FIELD_KEEP_UNTIL_CONSUMER_REVIEW,"reselected_identity.get(""strike"", """") if contract_reselected
            else first(sig, ""strike"", ""live_contract_strike"", ""contract_strike"", ""opt__contract_strike"") if contract_selected
            else """"",,
structural_invalidation,NO,YES,,NO,NO,NO,NOT_RECORDED,0,"FROZEN_EOD; Morning may compare, never silently overwrite",LEGACY_UI_FIELD_REVIEW,,,UI reads field not directly in final book or governed UI alias map; verify other projection
structural_target,YES,YES,,NO,NO,YES,morning_validated_trades (1176),1244,"FROZEN_EOD; Morning may compare, never silently overwrite",GOVERNED_FIELD_KEEP_UNTIL_CONSUMER_REVIEW,"first_price(sig, ""structural_target"", ""opt__structural_target"", ""wbs__wall_price"", ""target_price"", ""target_spot"")",structural_target | opt__structural_target | target_price | wbs__wall_price,
structure_detail_state,YES,NO,,NO,NO,YES,morning_validated_trades (1550),1550,REVIEW_FIELD_SEMANTICS; do not infer freshness from field name,GOVERNED_FIELD_KEEP_UNTIL_CONSUMER_REVIEW,,,
structure_evidence_authority,YES,NO,,NO,NO,YES,NOT_RECORDED,1550,REVIEW_FIELD_SEMANTICS; do not infer freshness from field name,GOVERNED_FIELD_KEEP_UNTIL_CONSUMER_REVIEW,,,
structure_evidence_inputs,YES,NO,,NO,NO,YES,NOT_RECORDED,1550,REVIEW_FIELD_SEMANTICS; do not infer freshness from field name,GOVERNED_FIELD_KEEP_UNTIL_CONSUMER_REVIEW,,,
structure_evidence_reason,YES,NO,,NO,NO,YES,NOT_RECORDED,1550,REVIEW_FIELD_SEMANTICS; do not infer freshness from field name,GOVERNED_FIELD_KEEP_UNTIL_CONSUMER_REVIEW,,,
structure_evidence_state,YES,NO,,NO,NO,YES,NOT_RECORDED,1550,REVIEW_FIELD_SEMANTICS; do not infer freshness from field name,GOVERNED_FIELD_KEEP_UNTIL_CONSUMER_REVIEW,,,
structure_evidence_version,YES,NO,,NO,NO,YES,NOT_RECORDED,1550,REVIEW_FIELD_SEMANTICS; do not infer freshness from field name,GOVERNED_FIELD_KEEP_UNTIL_CONSUMER_REVIEW,,,
target_in_play,YES,NO,,NO,NO,YES,execution_v3_5 (1367),1367,REVIEW_FIELD_SEMANTICS; do not infer freshness from field name,GOVERNED_FIELD_KEEP_UNTIL_CONSUMER_REVIEW,"first(sig, ""target_in_play"", ""opt__target_in_play"")",target_in_play | opt__target_in_play,
target_price,YES,YES,,YES,YES,YES,morning_validated_trades (1176),1176,REVIEW_FIELD_SEMANTICS; do not infer freshness from field name,GOVERNED_FIELD_KEEP_UNTIL_CONSUMER_REVIEW,"first_price(sig, ""target_price"", ""wbs__wall_price"", ""structural_target"", ""opt__structural_target"", ""target_spot"")",,
target_price_source,YES,YES,,YES,YES,YES,morning_validated_trades (1550),1550,REVIEW_FIELD_SEMANTICS; do not infer freshness from field name,GOVERNED_FIELD_KEEP_UNTIL_CONSUMER_REVIEW,"first(sig, ""target_price_source"", ""structural_target_state"", ""opt__structural_target_state"")",target_price_source | structural_target_state | opt__structural_target_state,
target_spot,NO,YES,,NO,NO,NO,NOT_RECORDED,0,"FROZEN_EOD; Morning may compare, never silently overwrite",LEGACY_UI_FIELD_REVIEW,,,UI reads field not directly in final book or governed UI alias map; verify other projection
target_state,YES,NO,,YES,YES,YES,morning_validated_trades (1550),1550,REVIEW_FIELD_SEMANTICS; do not infer freshness from field name,GOVERNED_FIELD_KEEP_UNTIL_CONSUMER_REVIEW,"first(sig, ""target_state"")",,
target_unresolved_reason,YES,NO,,YES,YES,YES,morning_validated_trades (374),374,REVIEW_FIELD_SEMANTICS; do not infer freshness from field name,GOVERNED_FIELD_KEEP_UNTIL_CONSUMER_REVIEW,"first(sig, ""target_unresolved_reason"")",,
target_zone,YES,NO,,YES,YES,YES,morning_validated_trades (1211),1211,REVIEW_FIELD_SEMANTICS; do not infer freshness from field name,GOVERNED_FIELD_KEEP_UNTIL_CONSUMER_REVIEW,"first(sig, ""target_zone"", ""wbs__target_zone"")",target_zone | wbs__target_zone,
tce_entry_type,NO,YES,,NO,NO,NO,NOT_RECORDED,0,REVIEW_FIELD_SEMANTICS; do not infer freshness from field name,LEGACY_UI_FIELD_REVIEW,,,UI reads field not directly in final book or governed UI alias map; verify other projection
tce_trigger_reason,NO,YES,,NO,NO,NO,NOT_RECORDED,0,REVIEW_FIELD_SEMANTICS; do not infer freshness from field name,LEGACY_UI_FIELD_REVIEW,,,UI reads field not directly in final book or governed UI alias map; verify other projection
tce_trigger_score,NO,YES,,NO,NO,NO,NOT_RECORDED,0,REVIEW_FIELD_SEMANTICS; do not infer freshness from field name,LEGACY_UI_FIELD_REVIEW,,,UI reads field not directly in final book or governed UI alias map; verify other projection
tce_trigger_state,NO,YES,,NO,NO,NO,NOT_RECORDED,0,REVIEW_FIELD_SEMANTICS; do not infer freshness from field name,LEGACY_UI_FIELD_REVIEW,,,UI reads field not directly in final book or governed UI alias map; verify other projection
term_structure,YES,NO,,NO,NO,YES,options_intelligence (1367),1367,REVIEW_FIELD_SEMANTICS; do not infer freshness from field name,GOVERNED_FIELD_KEEP_UNTIL_CONSUMER_REVIEW,"first(sig, ""term_structure"", ""opt__term_structure"")",term_structure | opt__term_structure,
thesis_geometry_review_reason,YES,NO,,NO,NO,YES,NOT_RECORDED,0,REVIEW_FIELD_SEMANTICS; do not infer freshness from field name,GOVERNED_FIELD_KEEP_UNTIL_CONSUMER_REVIEW,,,Published field empty for every row in sampled Morning run
thesis_geometry_review_state,YES,NO,,NO,NO,YES,NOT_RECORDED,0,REVIEW_FIELD_SEMANTICS; do not infer freshness from field name,GOVERNED_FIELD_KEEP_UNTIL_CONSUMER_REVIEW,,,Published field empty for every row in sampled Morning run
thesis_id,YES,NO,,YES,YES,YES,morning_validated_trades (1550),1550,"FROZEN_EOD; Morning may compare, never silently overwrite",GOVERNED_FIELD_KEEP_UNTIL_CONSUMER_REVIEW,"first(sig, ""thesis_id"")",,Morning CSV copies EOD field; copied column is not its semantic owner
thesis_session_date,NO,YES,,NO,NO,NO,NOT_RECORDED,0,"FROZEN_EOD; Morning may compare, never silently overwrite",LEGACY_UI_FIELD_REVIEW,,,UI reads field not directly in final book or governed UI alias map; verify other projection
thesis_state,YES,NO,,YES,YES,YES,morning_validated_trades (1550),1550,REVIEW_FIELD_SEMANTICS; do not infer freshness from field name,GOVERNED_FIELD_KEEP_UNTIL_CONSUMER_REVIEW,"first(sig, ""thesis_state"")",,
thesis_validity_state,NO,YES,,NO,NO,NO,NOT_RECORDED,0,REVIEW_FIELD_SEMANTICS; do not infer freshness from field name,LEGACY_UI_FIELD_REVIEW,,,UI reads field not directly in final book or governed UI alias map; verify other projection
theta_constrained,YES,NO,,NO,NO,YES,options_intelligence (954),954,REVIEW_FIELD_SEMANTICS; do not infer freshness from field name,GOVERNED_FIELD_KEEP_UNTIL_CONSUMER_REVIEW,"first(sig, ""theta_constrained"", ""opt__theta_constrained"")",theta_constrained | opt__theta_constrained,
theta_drag_pct,YES,NO,,NO,YES,YES,options_intelligence (804),804,REVIEW_FIELD_SEMANTICS; do not infer freshness from field name,GOVERNED_FIELD_KEEP_UNTIL_CONSUMER_REVIEW,"first(sig, ""theta_drag_pct"", ""opt__theta_drag_pct"")",theta_drag_pct | opt__theta_drag_pct,
ticker,YES,YES,,YES,YES,YES,morning_validated_trades (1550),1550,"FROZEN_EOD; Morning may compare, never silently overwrite",GOVERNED_FIELD_KEEP_UNTIL_CONSUMER_REVIEW,"_s(sig.get(""ticker"")).upper()",,Morning CSV copies EOD field; copied column is not its semantic owner
ticker_sector_alignment,NO,YES,,YES,YES,NO,NOT_RECORDED,0,REVIEW_FIELD_SEMANTICS; do not infer freshness from field name,LEGACY_UI_FIELD_REVIEW,,,UI reads field not directly in final book or governed UI alias map; verify other projection
tier,YES,YES,,NO,NO,YES,morning_validated_trades (1550),1550,REVIEW_FIELD_SEMANTICS; do not infer freshness from field name,GOVERNED_FIELD_KEEP_UNTIL_CONSUMER_REVIEW,"first(sig, ""tier"", ""tier_label"", ""structural_tier"")",tier | tier_label | structural_tier,
time_horizon,YES,NO,,YES,YES,YES,morning_validated_trades (1550),1550,REVIEW_FIELD_SEMANTICS; do not infer freshness from field name,GOVERNED_FIELD_KEEP_UNTIL_CONSUMER_REVIEW,"first(sig, ""horizon_bucket"", ""hold_window"", ""hold_label"", ""opt__hold_label"")",,
trade_idea_id,YES,YES,,NO,YES,YES,governed_materializer (1550),1550,"FROZEN_EOD; Morning may compare, never silently overwrite",GOVERNED_FIELD_KEEP_UNTIL_CONSUMER_REVIEW,"sig.get(""trade_idea_id"") or _trade_idea_id(sig, run_id)",,Morning CSV copies EOD field; copied column is not its semantic owner
trade_trigger_price,NO,YES,,NO,NO,NO,NOT_RECORDED,0,REVIEW_FIELD_SEMANTICS; do not infer freshness from field name,LEGACY_UI_FIELD_REVIEW,,,UI reads field not directly in final book or governed UI alias map; verify other projection
trend_inertia,YES,NO,,YES,YES,YES,morning_validated_trades (1550),1550,REVIEW_FIELD_SEMANTICS; do not infer freshness from field name,GOVERNED_FIELD_KEEP_UNTIL_CONSUMER_REVIEW,"first(sig, ""trend_inertia"", ""vg__trend_inertia"")",,
trigger_codes,YES,YES,,YES,YES,YES,morning_validated_trades (860),1550,REVIEW_FIELD_SEMANTICS; do not infer freshness from field name,GOVERNED_FIELD_KEEP_UNTIL_CONSUMER_REVIEW,"first_trigger_category(
            sig, ""trigger_codes"", ""trigger_primary"", ""scenario_entry_trigger""
        )",trigger_codes | trigger_primary,
trigger_data_state,YES,NO,,NO,NO,YES,governed_materializer (1550),1550,REVIEW_FIELD_SEMANTICS; do not infer freshness from field name,GOVERNED_FIELD_KEEP_UNTIL_CONSUMER_REVIEW,"""AVAILABLE"" if trigger_present else ""NOT_AVAILABLE""",,
trigger_days,NO,YES,,NO,NO,NO,NOT_RECORDED,0,REVIEW_FIELD_SEMANTICS; do not infer freshness from field name,LEGACY_UI_FIELD_REVIEW,,,UI reads field not directly in final book or governed UI alias map; verify other projection
trigger_evidence,YES,YES,,NO,NO,YES,morning_validated_trades (860),860,REVIEW_FIELD_SEMANTICS; do not infer freshness from field name,GOVERNED_FIELD_KEEP_UNTIL_CONSUMER_REVIEW,_trigger_evidence(sig),,
trigger_price,YES,YES,,YES,YES,YES,morning_validated_trades (1211),1211,REVIEW_FIELD_SEMANTICS; do not infer freshness from field name,GOVERNED_FIELD_KEEP_UNTIL_CONSUMER_REVIEW,_trigger_price(sig),,
trigger_price_source,YES,YES,,YES,YES,YES,morning_validated_trades (1211),1211,REVIEW_FIELD_SEMANTICS; do not infer freshness from field name,GOVERNED_FIELD_KEEP_UNTIL_CONSUMER_REVIEW,"first(sig, ""trigger_price_source"")",,
trigger_primary,YES,YES,,YES,YES,YES,morning_validated_trades (860),1550,REVIEW_FIELD_SEMANTICS; do not infer freshness from field name,GOVERNED_FIELD_KEEP_UNTIL_CONSUMER_REVIEW,"first_trigger_category(
            sig, ""trigger_primary"", ""trigger_codes"", ""scenario_entry_trigger""
        )",trigger_primary,
trigger_quality,YES,YES,,YES,YES,YES,morning_validated_trades (860),1550,REVIEW_FIELD_SEMANTICS; do not infer freshness from field name,GOVERNED_FIELD_KEEP_UNTIL_CONSUMER_REVIEW,"first_trigger_category(sig, ""trigger_quality"")",trigger_quality,
trigger_score,YES,YES,,YES,YES,YES,morning_validated_trades (1550),1550,REVIEW_FIELD_SEMANTICS; do not infer freshness from field name,GOVERNED_FIELD_KEEP_UNTIL_CONSUMER_REVIEW,"first(sig, ""trigger_score"", ""trigger_count"")",trigger_score | trigger_count,
ts_checkpoint_date,YES,NO,,NO,NO,YES,execution_v3_5 (1367),1367,REVIEW_FIELD_SEMANTICS; do not infer freshness from field name,GOVERNED_FIELD_KEEP_UNTIL_CONSUMER_REVIEW,"first(sig, ""ts_checkpoint_date"", ""opt__ts_checkpoint_date"")",ts_checkpoint_date | opt__ts_checkpoint_date,
ts_checkpoint_rule,YES,NO,,NO,NO,YES,execution_v3_5 (1367),1367,REVIEW_FIELD_SEMANTICS; do not infer freshness from field name,GOVERNED_FIELD_KEEP_UNTIL_CONSUMER_REVIEW,"first(sig, ""ts_checkpoint_rule"", ""opt__ts_checkpoint_rule"")",ts_checkpoint_rule | opt__ts_checkpoint_rule,
ts_dte_remaining_at_stop,YES,NO,,NO,NO,YES,execution_v3_5 (954),954,REVIEW_FIELD_SEMANTICS; do not infer freshness from field name,GOVERNED_FIELD_KEEP_UNTIL_CONSUMER_REVIEW,"first(sig, ""ts_dte_remaining_at_stop"", ""opt__ts_dte_remaining_at_stop"")",ts_dte_remaining_at_stop | opt__ts_dte_remaining_at_stop,
ts_dte_used,YES,NO,,NO,NO,YES,execution_v3_5 (954),954,REVIEW_FIELD_SEMANTICS; do not infer freshness from field name,GOVERNED_FIELD_KEEP_UNTIL_CONSUMER_REVIEW,"first(sig, ""ts_dte_used"", ""opt__ts_dte_used"")",ts_dte_used | opt__ts_dte_used,
ts_expiry_date,YES,NO,,NO,NO,YES,execution_v3_5 (954),954,REVIEW_FIELD_SEMANTICS; do not infer freshness from field name,GOVERNED_FIELD_KEEP_UNTIL_CONSUMER_REVIEW,"first(sig, ""ts_expiry_date"", ""opt__ts_expiry_date"")",ts_expiry_date | opt__ts_expiry_date,
underlying_last,NO,YES,,NO,NO,NO,NOT_RECORDED,0,MORNING_OBSERVATION; provider and fetch time separate,GAP_VISIBLE_OR_REQUIRED,,,"UI reads field not directly in final book or governed UI alias map; verify other projection; OVERLAY_ALLOWLIST_2026-09-23: in the Lab overlay allow-list, but the accepted handoff book rows do not carry it, so the overlay rejection (source mapping 4a) does not explain this 0; separate producer gap"
underlying_nbbo_ask,YES,YES,,NO,NO,YES,NOT_RECORDED,0,MORNING_OBSERVATION; provider and fetch time separate,GOVERNED_FIELD_KEEP_UNTIL_CONSUMER_REVIEW,"first(sig, ""underlying_nbbo_ask"", ""underlying_ask"")",,"Published field empty for every row in sampled Morning run; OVERLAY_ALLOWLIST_2026-09-23: in the Lab overlay allow-list, but the accepted handoff book rows do not carry it, so the overlay rejection (source mapping 4a) does not explain this 0; separate producer gap"
underlying_nbbo_ask_size,YES,YES,,NO,NO,YES,NOT_RECORDED,0,MORNING_OBSERVATION; provider and fetch time separate,GOVERNED_FIELD_KEEP_UNTIL_CONSUMER_REVIEW,"first(sig, ""underlying_nbbo_ask_size"", ""underlying_ask_size"")",,"Published field empty for every row in sampled Morning run; OVERLAY_ALLOWLIST_2026-09-23: in the Lab overlay allow-list, but the accepted handoff book rows do not carry it, so the overlay rejection (source mapping 4a) does not explain this 0; separate producer gap"
underlying_nbbo_bid,YES,YES,,NO,NO,YES,NOT_RECORDED,0,MORNING_OBSERVATION; provider and fetch time separate,GOVERNED_FIELD_KEEP_UNTIL_CONSUMER_REVIEW,"first(sig, ""underlying_nbbo_bid"", ""underlying_bid"")",,"Published field empty for every row in sampled Morning run; OVERLAY_ALLOWLIST_2026-09-23: in the Lab overlay allow-list, but the accepted handoff book rows do not carry it, so the overlay rejection (source mapping 4a) does not explain this 0; separate producer gap"
underlying_nbbo_bid_size,YES,YES,,NO,NO,YES,NOT_RECORDED,0,MORNING_OBSERVATION; provider and fetch time separate,GOVERNED_FIELD_KEEP_UNTIL_CONSUMER_REVIEW,"first(sig, ""underlying_nbbo_bid_size"", ""underlying_bid_size"")",,"Published field empty for every row in sampled Morning run; OVERLAY_ALLOWLIST_2026-09-23: in the Lab overlay allow-list, but the accepted handoff book rows do not carry it, so the overlay rejection (source mapping 4a) does not explain this 0; separate producer gap"
underlying_nbbo_dataset_id,YES,NO,,NO,NO,YES,NOT_RECORDED,0,MORNING_OBSERVATION; provider and fetch time separate,GOVERNED_FIELD_KEEP_UNTIL_CONSUMER_REVIEW,"first(sig, ""underlying_nbbo_dataset_id"", ""msi_underlying_quote_dataset_id"")",,Published field empty for every row in sampled Morning run
underlying_nbbo_mid,YES,YES,,NO,NO,YES,NOT_RECORDED,0,MORNING_OBSERVATION; provider and fetch time separate,GAP_VISIBLE_OR_REQUIRED,"first(sig, ""underlying_nbbo_mid"", ""underlying_mid"")",,"Published field empty for every row in sampled Morning run; OVERLAY_ALLOWLIST_2026-09-23: in the Lab overlay allow-list, but the accepted handoff book rows do not carry it, so the overlay rejection (source mapping 4a) does not explain this 0; separate producer gap"
underlying_nbbo_quality,YES,NO,,NO,NO,YES,NOT_RECORDED,0,MORNING_OBSERVATION; provider and fetch time separate,GOVERNED_FIELD_KEEP_UNTIL_CONSUMER_REVIEW,"first(sig, ""underlying_nbbo_quality"", ""underlying_depth_level"")",,Published field empty for every row in sampled Morning run
underlying_nbbo_source,YES,NO,,NO,NO,YES,NOT_RECORDED,0,MORNING_OBSERVATION; provider and fetch time separate,GOVERNED_FIELD_KEEP_UNTIL_CONSUMER_REVIEW,"first(sig, ""underlying_nbbo_source"")",,Published field empty for every row in sampled Morning run
underlying_nbbo_timestamp_utc,YES,YES,,NO,NO,YES,NOT_RECORDED,0,MORNING_OBSERVATION; provider and fetch time separate,GOVERNED_FIELD_KEEP_UNTIL_CONSUMER_REVIEW,"first(sig, ""underlying_nbbo_timestamp_utc"", ""underlying_quote_updated"")",,"Published field empty for every row in sampled Morning run; OVERLAY_ALLOWLIST_2026-09-23: in the Lab overlay allow-list, but the accepted handoff book rows do not carry it, so the overlay rejection (source mapping 4a) does not explain this 0; separate producer gap"
underlying_price,YES,YES,,NO,NO,YES,morning_validated_trades (1550),1550,REVIEW_FIELD_SEMANTICS; do not infer freshness from field name,GOVERNED_FIELD_KEEP_UNTIL_CONSUMER_REVIEW,"first_price(sig, ""underlying_price"", ""opt__underlying_price"", ""live_underlying_price"", ""current_price"", ""last_price"", ""scanner_price"", ""signal_price"")",underlying_price | opt__underlying_price | live_underlying_price | scanner_price | signal_price,
underlying_vwap_canonical,NO,YES,,NO,NO,NO,NOT_RECORDED,0,MORNING_OBSERVATION; provider and fetch time separate,GAP_VISIBLE_OR_REQUIRED,,,"UI reads field not directly in final book or governed UI alias map; verify other projection; OVERLAY_ALLOWLIST_2026-09-23: in the Lab overlay allow-list, but the accepted handoff book rows do not carry it, so the overlay rejection (source mapping 4a) does not explain this 0; separate producer gap"
underlying_vwap_relationship,NO,YES,,NO,NO,NO,NOT_RECORDED,0,MORNING_OBSERVATION; provider and fetch time separate,LEGACY_UI_FIELD_REVIEW,,,"UI reads field not directly in final book or governed UI alias map; verify other projection; OVERLAY_ALLOWLIST_2026-09-23: in the Lab overlay allow-list, but the accepted handoff book rows do not carry it, so the overlay rejection (source mapping 4a) does not explain this 0; separate producer gap"
usmi_alignment_priority,YES,YES,,NO,NO,YES,NOT_RECORDED,0,DERIVED_OR_ADVISORY; retain calculation and evidence version,GOVERNED_FIELD_KEEP_UNTIL_CONSUMER_REVIEW,"first(sig, ""usmi_alignment_priority"")",,Published field empty for every row in sampled Morning run
usmi_alignment_reason,YES,NO,,NO,NO,YES,morning_validated_trades (1550),1550,DERIVED_OR_ADVISORY; retain calculation and evidence version,GOVERNED_FIELD_KEEP_UNTIL_CONSUMER_REVIEW,"first(sig, ""usmi_alignment_reason"")",,
usmi_authority,YES,NO,,NO,NO,YES,morning_validated_trades (1550),1550,DERIVED_OR_ADVISORY; retain calculation and evidence version,GOVERNED_FIELD_KEEP_UNTIL_CONSUMER_REVIEW,"first(sig, ""usmi_authority"") or ""ADVISORY_ONLY""",,
usmi_calculation_version,YES,NO,,NO,NO,YES,NOT_RECORDED,1550,DERIVED_OR_ADVISORY; retain calculation and evidence version,GOVERNED_FIELD_KEEP_UNTIL_CONSUMER_REVIEW,,,
usmi_packet_id,YES,NO,,YES,YES,YES,morning_validated_trades (1550),1550,DERIVED_OR_ADVISORY; retain calculation and evidence version,GOVERNED_FIELD_KEEP_UNTIL_CONSUMER_REVIEW,"first(sig, ""usmi_packet_id"")",,
usmi_packet_sha256,YES,NO,,YES,YES,YES,morning_validated_trades (1550),1550,DERIVED_OR_ADVISORY; retain calculation and evidence version,GOVERNED_FIELD_KEEP_UNTIL_CONSUMER_REVIEW,"first(sig, ""usmi_packet_sha256"")",,
usmi_quality_status,YES,YES,,YES,YES,YES,morning_validated_trades (1550),1550,DERIVED_OR_ADVISORY; retain calculation and evidence version,GOVERNED_FIELD_KEEP_UNTIL_CONSUMER_REVIEW,"first(sig, ""usmi_quality_status"") or ""UNAVAILABLE""",,
usmi_routing_key,YES,NO,,NO,NO,YES,NOT_RECORDED,1550,DERIVED_OR_ADVISORY; retain calculation and evidence version,GOVERNED_FIELD_KEEP_UNTIL_CONSUMER_REVIEW,,,
usmi_scenario,YES,YES,,NO,NO,YES,morning_validated_trades (1550),1550,DERIVED_OR_ADVISORY; retain calculation and evidence version,GOVERNED_FIELD_KEEP_UNTIL_CONSUMER_REVIEW,"first(sig, ""usmi_scenario"") or ""UNRESOLVED""",,
usmi_scenario_failed_clause,YES,NO,,NO,NO,YES,NOT_RECORDED,1550,DERIVED_OR_ADVISORY; retain calculation and evidence version,GOVERNED_FIELD_KEEP_UNTIL_CONSUMER_REVIEW,,,
usmi_sector_alignment,YES,YES,,NO,NO,YES,morning_validated_trades (1550),1550,DERIVED_OR_ADVISORY; retain calculation and evidence version,GOVERNED_FIELD_KEEP_UNTIL_CONSUMER_REVIEW,"first(sig, ""usmi_sector_alignment"") or ""UNAVAILABLE""",,
usmi_state,YES,YES,,YES,YES,YES,morning_validated_trades (1550),1550,DERIVED_OR_ADVISORY; retain calculation and evidence version,GOVERNED_FIELD_KEEP_UNTIL_CONSUMER_REVIEW,"first(sig, ""usmi_state"")",,
validation_current_price,NO,YES,,NO,NO,YES,NOT_RECORDED,0,MORNING_OBSERVATION; provider and fetch time separate,GAP_VISIBLE_OR_REQUIRED,,,UI reads field not directly in final book or governed UI alias map; verify other projection; INTERPRETER_CONSUMER_2026-09-24: Interpreter Morning link current_price now reads this governed name
validation_data_status,NO,YES,,NO,NO,YES,NOT_RECORDED,0,MORNING_OBSERVATION; provider and fetch time separate,GAP_VISIBLE_OR_REQUIRED,,,UI reads field not directly in final book or governed UI alias map; verify other projection
validation_event_id,NO,YES,,NO,NO,YES,NOT_RECORDED,0,MORNING_OBSERVATION; provider and fetch time separate,GAP_VISIBLE_OR_REQUIRED,,,UI reads field not directly in final book or governed UI alias map; verify other projection
validation_evidence_cutoff_utc,NO,YES,,NO,NO,YES,NOT_RECORDED,0,MORNING_OBSERVATION; provider and fetch time separate,GAP_VISIBLE_OR_REQUIRED,,,UI reads field not directly in final book or governed UI alias map; verify other projection
validation_gap_pct,NO,NO,,NO,NO,YES,NOT_RECORDED,0,MORNING_OBSERVATION; provider and fetch time separate,SOURCE_OR_UI_ONLY_REVIEW,,,
validation_profile_evidence_state,NO,YES,,NO,NO,YES,NOT_RECORDED,0,MORNING_OBSERVATION; provider and fetch time separate,GAP_VISIBLE_OR_REQUIRED,,,UI reads field not directly in final book or governed UI alias map; verify other projection
validation_reason,NO,YES,,NO,NO,YES,NOT_RECORDED,0,MORNING_OBSERVATION; provider and fetch time separate,GAP_VISIBLE_OR_REQUIRED,,,UI reads field not directly in final book or governed UI alias map; verify other projection
validation_state,NO,YES,,NO,NO,NO,NOT_RECORDED,0,MORNING_OBSERVATION; provider and fetch time separate,LEGACY_UI_FIELD_REVIEW,,,UI reads field not directly in final book or governed UI alias map; verify other projection
validation_transition,NO,YES,,NO,NO,YES,NOT_RECORDED,0,MORNING_OBSERVATION; provider and fetch time separate,GAP_VISIBLE_OR_REQUIRED,,,"UI reads field not directly in final book or governed UI alias map; verify other projection; INTERPRETER_CONSUMER_2026-09-23: the Interpreter confluence builder reads morning_thesis_result instead of this governed name, so every desk report is told Morning not run (source mapping 4a); uncommitted working tree now projects this field into the Lab API from validation_events at load time, book on disk still lacks it; ILA003_IMPLEMENTED_2026-09-24: Interpreter Morning link now reads this governed name (THESIS_CONFIRMED is the supportive status; PENDING_TRIGGER etc. require a counter-case)"
vega_risk_pct,YES,NO,,NO,YES,YES,options_intelligence (804),804,REVIEW_FIELD_SEMANTICS; do not infer freshness from field name,GOVERNED_FIELD_KEEP_UNTIL_CONSUMER_REVIEW,"first(sig, ""vega_risk_pct"", ""opt__vega_risk_pct"")",vega_risk_pct | opt__vega_risk_pct,
verdict,NO,YES,,NO,YES,NO,NOT_RECORDED,0,REVIEW_FIELD_SEMANTICS; do not infer freshness from field name,LEGACY_UI_FIELD_REVIEW,,,UI reads field not directly in final book or governed UI alias map; verify other projection
veto_flags,NO,YES,,NO,NO,NO,NOT_RECORDED,0,REVIEW_FIELD_SEMANTICS; do not infer freshness from field name,LEGACY_UI_FIELD_REVIEW,,,UI reads field not directly in final book or governed UI alias map; verify other projection
vg__catalyst_event_status,NO,YES,,NO,NO,NO,NOT_RECORDED,0,PRESENTATION_ALIAS; source field must be provenance-bound,LEGACY_UI_FIELD_REVIEW,,,UI reads field not directly in final book or governed UI alias map; verify other projection
vg__catalyst_truth_score,NO,YES,,NO,NO,NO,NOT_RECORDED,0,PRESENTATION_ALIAS; source field must be provenance-bound,LEGACY_UI_FIELD_REVIEW,,,UI reads field not directly in final book or governed UI alias map; verify other projection
vg__catalyst_type,NO,YES,,NO,NO,NO,NOT_RECORDED,0,PRESENTATION_ALIAS; source field must be provenance-bound,LEGACY_UI_FIELD_REVIEW,,,UI reads field not directly in final book or governed UI alias map; verify other projection
vg__dte,NO,YES,,NO,NO,NO,NOT_RECORDED,0,PRESENTATION_ALIAS; source field must be provenance-bound,LEGACY_UI_FIELD_REVIEW,,,UI reads field not directly in final book or governed UI alias map; verify other projection
vg__hidden_state_label,NO,YES,,NO,NO,NO,NOT_RECORDED,0,PRESENTATION_ALIAS; source field must be provenance-bound,LEGACY_UI_FIELD_REVIEW,,,UI reads field not directly in final book or governed UI alias map; verify other projection
vg__hold_label,NO,YES,,NO,NO,NO,NOT_RECORDED,0,PRESENTATION_ALIAS; source field must be provenance-bound,LEGACY_UI_FIELD_REVIEW,,,UI reads field not directly in final book or governed UI alias map; verify other projection
vg__horizon_action,NO,YES,,NO,NO,NO,NOT_RECORDED,0,PRESENTATION_ALIAS; source field must be provenance-bound,LEGACY_UI_FIELD_REVIEW,,,UI reads field not directly in final book or governed UI alias map; verify other projection
vg__horizon_bucket,NO,YES,,NO,NO,NO,NOT_RECORDED,0,PRESENTATION_ALIAS; source field must be provenance-bound,LEGACY_UI_FIELD_REVIEW,,,UI reads field not directly in final book or governed UI alias map; verify other projection
vg__horizon_pressure,NO,YES,,NO,NO,NO,NOT_RECORDED,0,PRESENTATION_ALIAS; source field must be provenance-bound,LEGACY_UI_FIELD_REVIEW,,,UI reads field not directly in final book or governed UI alias map; verify other projection
vg__horizon_source,NO,YES,,NO,NO,NO,NOT_RECORDED,0,PRESENTATION_ALIAS; source field must be provenance-bound,LEGACY_UI_FIELD_REVIEW,,,UI reads field not directly in final book or governed UI alias map; verify other projection
vg__layer2__preferred_horizon,NO,YES,,NO,NO,NO,NOT_RECORDED,0,PRESENTATION_ALIAS; source field must be provenance-bound,LEGACY_UI_FIELD_REVIEW,,,UI reads field not directly in final book or governed UI alias map; verify other projection
vg__macro_preferred_horizon,NO,YES,,NO,NO,NO,NOT_RECORDED,0,PRESENTATION_ALIAS; source field must be provenance-bound,LEGACY_UI_FIELD_REVIEW,,,UI reads field not directly in final book or governed UI alias map; verify other projection
vg__phase_transition_probability,NO,YES,,NO,NO,NO,NOT_RECORDED,0,PRESENTATION_ALIAS; source field must be provenance-bound,LEGACY_UI_FIELD_REVIEW,,,UI reads field not directly in final book or governed UI alias map; verify other projection
vg__physics_state_id,NO,YES,,NO,NO,NO,NOT_RECORDED,0,PRESENTATION_ALIAS; source field must be provenance-bound,LEGACY_UI_FIELD_REVIEW,,,UI reads field not directly in final book or governed UI alias map; verify other projection
vg__scenario_entry_trigger,NO,YES,,NO,NO,NO,NOT_RECORDED,0,PRESENTATION_ALIAS; source field must be provenance-bound,LEGACY_UI_FIELD_REVIEW,,,UI reads field not directly in final book or governed UI alias map; verify other projection
vg__state_transition_label,NO,YES,,NO,NO,NO,NOT_RECORDED,0,PRESENTATION_ALIAS; source field must be provenance-bound,LEGACY_UI_FIELD_REVIEW,,,UI reads field not directly in final book or governed UI alias map; verify other projection
vg__trigger_codes,NO,YES,,NO,NO,NO,NOT_RECORDED,0,PRESENTATION_ALIAS; source field must be provenance-bound,LEGACY_UI_FIELD_REVIEW,,,UI reads field not directly in final book or governed UI alias map; verify other projection
vg__trigger_evidence,NO,YES,,NO,NO,NO,NOT_RECORDED,0,PRESENTATION_ALIAS; source field must be provenance-bound,LEGACY_UI_FIELD_REVIEW,,,UI reads field not directly in final book or governed UI alias map; verify other projection
vg__trigger_price,NO,YES,,NO,NO,NO,NOT_RECORDED,0,PRESENTATION_ALIAS; source field must be provenance-bound,LEGACY_UI_FIELD_REVIEW,,,UI reads field not directly in final book or governed UI alias map; verify other projection
vg__trigger_primary,NO,YES,,NO,NO,NO,NOT_RECORDED,0,PRESENTATION_ALIAS; source field must be provenance-bound,LEGACY_UI_FIELD_REVIEW,,,UI reads field not directly in final book or governed UI alias map; verify other projection
vg__trigger_quality,NO,YES,,NO,NO,NO,NOT_RECORDED,0,PRESENTATION_ALIAS; source field must be provenance-bound,LEGACY_UI_FIELD_REVIEW,,,UI reads field not directly in final book or governed UI alias map; verify other projection
vg__trigger_score,NO,YES,,NO,NO,NO,NOT_RECORDED,0,PRESENTATION_ALIAS; source field must be provenance-bound,LEGACY_UI_FIELD_REVIEW,,,UI reads field not directly in final book or governed UI alias map; verify other projection
vg__wbs_phase_b_trigger,NO,YES,,NO,NO,NO,NOT_RECORDED,0,PRESENTATION_ALIAS; source field must be provenance-bound,LEGACY_UI_FIELD_REVIEW,,,UI reads field not directly in final book or governed UI alias map; verify other projection
vg__wbs_phase_c_trigger,NO,YES,,NO,NO,NO,NOT_RECORDED,0,PRESENTATION_ALIAS; source field must be provenance-bound,LEGACY_UI_FIELD_REVIEW,,,UI reads field not directly in final book or governed UI alias map; verify other projection
volume_activity_state,YES,NO,,NO,NO,YES,execution_v3_5 (1308),1308,REVIEW_FIELD_SEMANTICS; do not infer freshness from field name,GOVERNED_FIELD_KEEP_UNTIL_CONSUMER_REVIEW,"first(sig, ""volume_activity_state"", ""opt__volume_activity_state"")",volume_activity_state | opt__volume_activity_state,
wbs,YES,YES,,NO,NO,YES,wall_break_scores (1211),1211,REVIEW_FIELD_SEMANTICS; do not infer freshness from field name,GOVERNED_FIELD_KEEP_UNTIL_CONSUMER_REVIEW,"first(sig, ""wbs"", ""wbs_score"")",wbs | wbs_score,
wbs__break_direction,NO,YES,wbs_break_direction,NO,NO,NO,NOT_RECORDED,0,PRESENTATION_ALIAS; source field must be provenance-bound,PRESENTATION_ALIAS_KEEP_UNTIL_PARITY,,,
wbs__direction,NO,YES,,NO,NO,NO,NOT_RECORDED,0,PRESENTATION_ALIAS; source field must be provenance-bound,LEGACY_UI_FIELD_REVIEW,,,UI reads field not directly in final book or governed UI alias map; verify other projection
wbs__dist_pct,NO,YES,,NO,NO,NO,NOT_RECORDED,0,PRESENTATION_ALIAS; source field must be provenance-bound,LEGACY_UI_FIELD_REVIEW,,,UI reads field not directly in final book or governed UI alias map; verify other projection
wbs__distance_to_wall_pct,NO,YES,wbs_wall_dist_pct,NO,NO,NO,NOT_RECORDED,0,PRESENTATION_ALIAS; source field must be provenance-bound,PRESENTATION_ALIAS_KEEP_UNTIL_PARITY,,,
wbs__grade,NO,YES,,NO,NO,NO,NOT_RECORDED,0,PRESENTATION_ALIAS; source field must be provenance-bound,LEGACY_UI_FIELD_REVIEW,,,UI reads field not directly in final book or governed UI alias map; verify other projection
wbs__horizon_bucket,NO,YES,,NO,NO,NO,NOT_RECORDED,0,PRESENTATION_ALIAS; source field must be provenance-bound,LEGACY_UI_FIELD_REVIEW,,,UI reads field not directly in final book or governed UI alias map; verify other projection
wbs__momentum_alignment_state,NO,YES,wbs_momentum_alignment_state,NO,NO,NO,NOT_RECORDED,0,PRESENTATION_ALIAS; source field must be provenance-bound,PRESENTATION_ALIAS_KEEP_UNTIL_PARITY,,,
wbs__nearest_wall,NO,YES,,NO,NO,NO,NOT_RECORDED,0,PRESENTATION_ALIAS; source field must be provenance-bound,LEGACY_UI_FIELD_REVIEW,,,UI reads field not directly in final book or governed UI alias map; verify other projection
wbs__score,NO,YES,,NO,NO,NO,NOT_RECORDED,0,PRESENTATION_ALIAS; source field must be provenance-bound,LEGACY_UI_FIELD_REVIEW,,,UI reads field not directly in final book or governed UI alias map; verify other projection
wbs__wall_price,NO,YES,wbs_wall_price,NO,NO,NO,NOT_RECORDED,0,PRESENTATION_ALIAS; source field must be provenance-bound,PRESENTATION_ALIAS_KEEP_UNTIL_PARITY,,,
wbs__wbs,NO,YES,wbs,NO,NO,NO,NOT_RECORDED,0,PRESENTATION_ALIAS; source field must be provenance-bound,PRESENTATION_ALIAS_KEEP_UNTIL_PARITY,,,
wbs__wbs_grade,NO,YES,wbs_grade,NO,NO,NO,NOT_RECORDED,0,PRESENTATION_ALIAS; source field must be provenance-bound,PRESENTATION_ALIAS_KEEP_UNTIL_PARITY,,,
wbs__wbs_score,NO,YES,wbs,NO,NO,NO,NOT_RECORDED,0,PRESENTATION_ALIAS; source field must be provenance-bound,PRESENTATION_ALIAS_KEEP_UNTIL_PARITY,,,
wbs__wbs_wall_dist_pct,NO,YES,wbs_wall_dist_pct,NO,NO,NO,NOT_RECORDED,0,PRESENTATION_ALIAS; source field must be provenance-bound,PRESENTATION_ALIAS_KEEP_UNTIL_PARITY,,,
wbs__wbs_wall_price,NO,YES,wbs_wall_price,NO,NO,NO,NOT_RECORDED,0,PRESENTATION_ALIAS; source field must be provenance-bound,PRESENTATION_ALIAS_KEEP_UNTIL_PARITY,,,
wbs_break_direction,YES,NO,,NO,NO,YES,governed_materializer (1211),1211,DERIVED_OR_ADVISORY; retain calculation and evidence version,GOVERNED_FIELD_KEEP_UNTIL_CONSUMER_REVIEW,"first(sig, ""wbs_break_direction"", ""break_direction"")",,
wbs_data_state,YES,YES,,NO,NO,YES,governed_materializer (1550),1550,DERIVED_OR_ADVISORY; retain calculation and evidence version,GOVERNED_FIELD_KEEP_UNTIL_CONSUMER_REVIEW,"""AVAILABLE"" if not _is_missing(first(sig, ""wbs_grade"", ""wbs"")) else ""NOT_APPLICABLE_NOT_SCORED""",,
wbs_entry_guidance,YES,NO,,YES,YES,YES,wall_break_scores (1211),1211,DERIVED_OR_ADVISORY; retain calculation and evidence version,GOVERNED_FIELD_KEEP_UNTIL_CONSUMER_REVIEW,"first(sig, ""wbs_entry_guidance"")",wbs_entry_guidance,
wbs_f5_momentum,YES,NO,,NO,NO,YES,wall_break_scores (1211),1211,DERIVED_OR_ADVISORY; retain calculation and evidence version,GOVERNED_FIELD_KEEP_UNTIL_CONSUMER_REVIEW,"first(sig, ""wbs_f5_momentum"")",wbs_f5_momentum,
wbs_grade,YES,YES,,YES,YES,YES,wall_break_scores (1211),1211,DERIVED_OR_ADVISORY; retain calculation and evidence version,GOVERNED_FIELD_KEEP_UNTIL_CONSUMER_REVIEW,"first(sig, ""wbs_grade"")",wbs_grade,
wbs_momentum_alignment_state,YES,NO,,NO,NO,YES,governed_materializer (1211),1211,DERIVED_OR_ADVISORY; retain calculation and evidence version,GOVERNED_FIELD_KEEP_UNTIL_CONSUMER_REVIEW,"first(sig, ""wbs_momentum_alignment_state"", ""momentum_alignment_state"")",,
wbs_notes,YES,NO,,NO,NO,YES,wall_break_scores (1211),1211,DERIVED_OR_ADVISORY; retain calculation and evidence version,GOVERNED_FIELD_KEEP_UNTIL_CONSUMER_REVIEW,"first(sig, ""wbs_notes"")",wbs_notes,
wbs_pcr_volume_state,YES,NO,,NO,NO,YES,wall_break_scores (1211),1211,DERIVED_OR_ADVISORY; retain calculation and evidence version,GOVERNED_FIELD_KEEP_UNTIL_CONSUMER_REVIEW,"first(sig, ""wbs_pcr_volume_state"")",wbs_pcr_volume_state,
wbs_phase_b_trigger,YES,YES,,NO,NO,YES,wall_break_scores (1211),1211,DERIVED_OR_ADVISORY; retain calculation and evidence version,GOVERNED_FIELD_KEEP_UNTIL_CONSUMER_REVIEW,"first(sig, ""wbs_phase_b_trigger"")",wbs_phase_b_trigger,
wbs_phase_c_trigger,YES,YES,,NO,NO,YES,wall_break_scores (1211),1211,DERIVED_OR_ADVISORY; retain calculation and evidence version,GOVERNED_FIELD_KEEP_UNTIL_CONSUMER_REVIEW,"first(sig, ""wbs_phase_c_trigger"")",wbs_phase_c_trigger,
wbs_size_guidance,YES,NO,,NO,NO,YES,wall_break_scores (1211),1211,DERIVED_OR_ADVISORY; retain calculation and evidence version,GOVERNED_FIELD_KEEP_UNTIL_CONSUMER_REVIEW,"first(sig, ""wbs_size_guidance"")",wbs_size_guidance,
wbs_wall_dist_pct,YES,NO,,NO,NO,YES,wall_break_scores (1211),1211,DERIVED_OR_ADVISORY; retain calculation and evidence version,GOVERNED_FIELD_KEEP_UNTIL_CONSUMER_REVIEW,"first(sig, ""wbs_wall_dist_pct"")",wbs_wall_dist_pct,
wbs_wall_price,YES,NO,,NO,NO,YES,wall_break_scores (1211),1211,DERIVED_OR_ADVISORY; retain calculation and evidence version,GOVERNED_FIELD_KEEP_UNTIL_CONSUMER_REVIEW,"first(sig, ""wbs_wall_price"")",wbs_wall_price,
wbs_wall_stall_rule,YES,NO,,NO,NO,YES,wall_break_scores (1211),1211,DERIVED_OR_ADVISORY; retain calculation and evidence version,GOVERNED_FIELD_KEEP_UNTIL_CONSUMER_REVIEW,"first(sig, ""wbs_wall_stall_rule"")",wbs_wall_stall_rule,
win_prob_predicted,YES,NO,,NO,NO,YES,morning_validated_trades (1550),1550,REVIEW_FIELD_SEMANTICS; do not infer freshness from field name,GOVERNED_FIELD_KEEP_UNTIL_CONSUMER_REVIEW,"first(sig, ""win_prob_predicted"", ""ev2_p_win_blended"", ""win_rate_20d"", ""win_rate_10d"")",,
win_rate,NO,YES,,NO,NO,NO,NOT_RECORDED,0,REVIEW_FIELD_SEMANTICS; do not infer freshness from field name,LEGACY_UI_FIELD_REVIEW,,,UI reads field not directly in final book or governed UI alias map; verify other projection
win_rate_20d,NO,YES,,NO,NO,NO,NOT_RECORDED,0,REVIEW_FIELD_SEMANTICS; do not infer freshness from field name,LEGACY_UI_FIELD_REVIEW,,,UI reads field not directly in final book or governed UI alias map; verify other projection
win_rate_source,YES,YES,,NO,NO,YES,governed_materializer (1550),1550,REVIEW_FIELD_SEMANTICS; do not infer freshness from field name,GOVERNED_FIELD_KEEP_UNTIL_CONSUMER_REVIEW,"first(sig, ""win_rate_source"")",,
wyckoff_entry_trigger,YES,NO,,YES,YES,YES,morning_validated_trades (1550),1550,REVIEW_FIELD_SEMANTICS; do not infer freshness from field name,GOVERNED_FIELD_KEEP_UNTIL_CONSUMER_REVIEW,,,
wyckoff_execution_bias,YES,NO,,YES,YES,YES,morning_validated_trades (1550),1550,REVIEW_FIELD_SEMANTICS; do not infer freshness from field name,GOVERNED_FIELD_KEEP_UNTIL_CONSUMER_REVIEW,,,
wyckoff_mode,YES,NO,,NO,NO,YES,morning_validated_trades (1550),1550,REVIEW_FIELD_SEMANTICS; do not infer freshness from field name,GOVERNED_FIELD_KEEP_UNTIL_CONSUMER_REVIEW,,,
wyckoff_phase_bucket,YES,NO,,NO,NO,YES,morning_validated_trades (1550),1550,REVIEW_FIELD_SEMANTICS; do not infer freshness from field name,GOVERNED_FIELD_KEEP_UNTIL_CONSUMER_REVIEW,,,
wyckoff_phase_granular,YES,NO,,NO,NO,YES,morning_validated_trades (1550),1550,REVIEW_FIELD_SEMANTICS; do not infer freshness from field name,GOVERNED_FIELD_KEEP_UNTIL_CONSUMER_REVIEW,,,
wyckoff_score,YES,NO,,NO,NO,YES,morning_validated_trades (1550),1550,REVIEW_FIELD_SEMANTICS; do not infer freshness from field name,GOVERNED_FIELD_KEEP_UNTIL_CONSUMER_REVIEW,,,
wyckoff_setup_quality,YES,NO,,NO,NO,YES,morning_validated_trades (1550),1550,REVIEW_FIELD_SEMANTICS; do not infer freshness from field name,GOVERNED_FIELD_KEEP_UNTIL_CONSUMER_REVIEW,,,
wyckoff_transition_conf,YES,NO,,NO,NO,YES,morning_validated_trades (1550),1550,REVIEW_FIELD_SEMANTICS; do not infer freshness from field name,GOVERNED_FIELD_KEEP_UNTIL_CONSUMER_REVIEW,,,
wyckoff_transition_to,YES,NO,,NO,NO,YES,morning_validated_trades (1550),1550,REVIEW_FIELD_SEMANTICS; do not infer freshness from field name,GOVERNED_FIELD_KEEP_UNTIL_CONSUMER_REVIEW,,,
wyckoff_validation_alternative_phase,YES,NO,,NO,NO,YES,morning_validated_trades (1394),1394,REVIEW_FIELD_SEMANTICS; do not infer freshness from field name,GOVERNED_FIELD_KEEP_UNTIL_CONSUMER_REVIEW,,,
wyckoff_validation_alternative_phase_probability,YES,NO,,NO,NO,YES,morning_validated_trades (1550),1550,REVIEW_FIELD_SEMANTICS; do not infer freshness from field name,GOVERNED_FIELD_KEEP_UNTIL_CONSUMER_REVIEW,,,
wyckoff_validation_completed_phase_events,YES,NO,,NO,NO,YES,morning_validated_trades (1550),1550,REVIEW_FIELD_SEMANTICS; do not infer freshness from field name,GOVERNED_FIELD_KEEP_UNTIL_CONSUMER_REVIEW,,,
wyckoff_validation_contradicting_evidence,YES,NO,,NO,NO,YES,morning_validated_trades (1550),1550,REVIEW_FIELD_SEMANTICS; do not infer freshness from field name,GOVERNED_FIELD_KEEP_UNTIL_CONSUMER_REVIEW,,,
wyckoff_validation_event_sequence_valid,YES,NO,,NO,NO,YES,morning_validated_trades (1550),1550,REVIEW_FIELD_SEMANTICS; do not infer freshness from field name,GOVERNED_FIELD_KEEP_UNTIL_CONSUMER_REVIEW,,,
wyckoff_validation_expected_bars_remaining,YES,NO,,NO,NO,YES,morning_validated_trades (1550),1550,REVIEW_FIELD_SEMANTICS; do not infer freshness from field name,GOVERNED_FIELD_KEEP_UNTIL_CONSUMER_REVIEW,,,
wyckoff_validation_last_confirmed_event,YES,NO,,NO,NO,YES,morning_validated_trades (1550),1550,REVIEW_FIELD_SEMANTICS; do not infer freshness from field name,GOVERNED_FIELD_KEEP_UNTIL_CONSUMER_REVIEW,,,
wyckoff_validation_missing_phase_events,YES,NO,,NO,NO,YES,morning_validated_trades (1550),1550,REVIEW_FIELD_SEMANTICS; do not infer freshness from field name,GOVERNED_FIELD_KEEP_UNTIL_CONSUMER_REVIEW,,,
wyckoff_validation_next_expected_event,YES,NO,,NO,NO,YES,morning_validated_trades (1550),1550,REVIEW_FIELD_SEMANTICS; do not infer freshness from field name,GOVERNED_FIELD_KEEP_UNTIL_CONSUMER_REVIEW,,,
wyckoff_validation_phase_churn_warning,YES,NO,,NO,NO,YES,morning_validated_trades (1550),1550,REVIEW_FIELD_SEMANTICS; do not infer freshness from field name,GOVERNED_FIELD_KEEP_UNTIL_CONSUMER_REVIEW,,,
wyckoff_validation_phase_correctness_score,YES,NO,,NO,NO,YES,morning_validated_trades (1550),1550,REVIEW_FIELD_SEMANTICS; do not infer freshness from field name,GOVERNED_FIELD_KEEP_UNTIL_CONSUMER_REVIEW,,,
wyckoff_validation_phase_maturity_score,YES,NO,,NO,NO,YES,morning_validated_trades (1550),1550,REVIEW_FIELD_SEMANTICS; do not infer freshness from field name,GOVERNED_FIELD_KEEP_UNTIL_CONSUMER_REVIEW,,,
wyckoff_validation_phase_probability,YES,NO,,NO,NO,YES,morning_validated_trades (1550),1550,REVIEW_FIELD_SEMANTICS; do not infer freshness from field name,GOVERNED_FIELD_KEEP_UNTIL_CONSUMER_REVIEW,,,
wyckoff_validation_phase_status,YES,NO,,NO,NO,YES,morning_validated_trades (1550),1550,REVIEW_FIELD_SEMANTICS; do not infer freshness from field name,GOVERNED_FIELD_KEEP_UNTIL_CONSUMER_REVIEW,,,
wyckoff_validation_structural_invalidation_level,YES,NO,,NO,NO,YES,morning_validated_trades (1550),1550,REVIEW_FIELD_SEMANTICS; do not infer freshness from field name,GOVERNED_FIELD_KEEP_UNTIL_CONSUMER_REVIEW,,,
wyckoff_validation_timeframe_alignment,YES,NO,,NO,NO,YES,morning_validated_trades (1550),1550,REVIEW_FIELD_SEMANTICS; do not infer freshness from field name,GOVERNED_FIELD_KEEP_UNTIL_CONSUMER_REVIEW,,,
wyckoff_validation_transition_probability_10_bars,YES,NO,,NO,NO,YES,morning_validated_trades (1550),1550,REVIEW_FIELD_SEMANTICS; do not infer freshness from field name,GOVERNED_FIELD_KEEP_UNTIL_CONSUMER_REVIEW,,,
wyckoff_validation_transition_probability_20_bars,YES,NO,,NO,NO,YES,morning_validated_trades (1550),1550,REVIEW_FIELD_SEMANTICS; do not infer freshness from field name,GOVERNED_FIELD_KEEP_UNTIL_CONSUMER_REVIEW,,,
wyckoff_validation_transition_probability_5_bars,YES,NO,,NO,NO,YES,morning_validated_trades (1550),1550,REVIEW_FIELD_SEMANTICS; do not infer freshness from field name,GOVERNED_FIELD_KEEP_UNTIL_CONSUMER_REVIEW,,,
wyckoff_validation_wyckoff_phase,YES,NO,,NO,NO,YES,morning_validated_trades (1550),1550,REVIEW_FIELD_SEMANTICS; do not infer freshness from field name,GOVERNED_FIELD_KEEP_UNTIL_CONSUMER_REVIEW,,,
wyckoff_validation_wyckoff_structure,YES,NO,,NO,NO,YES,morning_validated_trades (1550),1550,REVIEW_FIELD_SEMANTICS; do not infer freshness from field name,GOVERNED_FIELD_KEEP_UNTIL_CONSUMER_REVIEW,,,
